game_id,episode_num,season_name,air_date,year,clue_source,season_number,clue_count
6314,14,Season 1,1984-09-27,1984,wolle_season1_42,1.0,49
6313,15,Season 1,1984-09-28,1984,wolle_season1_42,1.0,50
6312,16,Season 1,1984-10-01,1984,wolle_season1_42,1.0,47
6311,17,Season 1,1984-10-02,1984,wolle_season1_42,1.0,48
6310,18,Season 1,1984-10-03,1984,wolle_season1_42,1.0,50
6309,19,Season 1,1984-10-04,1984,wolle_season1_42,1.0,47
6308,20,Season 1,1984-10-05,1984,wolle_season1_42,1.0,40
6307,21,Season 1,1984-10-08,1984,wolle_season1_42,1.0,44
6306,56,Season 1,1984-11-26,1984,wolle_season1_42,1.0,52
6305,57,Season 1,1984-11-27,1984,wolle_season1_42,1.0,50
6304,58,Season 1,1984-11-28,1984,wolle_season1_42,1.0,51
6303,59,Season 1,1984-11-29,1984,wolle_season1_42,1.0,49
6302,61,Season 1,1984-12-03,1984,wolle_season1_42,1.0,52
6301,62,Season 1,1984-12-04,1984,wolle_season1_42,1.0,55
6300,63,Season 1,1984-12-05,1984,wolle_season1_42,1.0,47
6299,64,Season 1,1984-12-06,1984,wolle_season1_42,1.0,49
6298,65,Season 1,1984-12-07,1984,wolle_season1_42,1.0,53
6297,66,Season 1,1984-12-10,1984,wolle_season1_42,1.0,47
6296,67,Season 1,1984-12-11,1984,wolle_season1_42,1.0,48
6295,68,Season 1,1984-12-12,1984,wolle_season1_42,1.0,53
6294,70,Season 1,1984-12-14,1984,wolle_season1_42,1.0,50
6293,77,Season 1,1984-12-25,1984,wolle_season1_42,1.0,23
6292,80,Season 1,1984-12-28,1984,wolle_season1_42,1.0,55
6291,81,Season 1,1984-12-31,1984,cluebase_fallback,1.0,50
6290,84,Season 1,1985-01-03,1985,cluebase_fallback,1.0,45
6289,110,Season 1,1985-02-08,1985,wolle_season1_42,1.0,52
6288,126,Season 1,1985-03-04,1985,wolle_season1_42,1.0,51
6287,138,Season 1,1985-03-20,1985,wolle_season1_42,1.0,50
6286,141,Season 1,1985-03-25,1985,wolle_season1_42,1.0,48
6285,153,Season 1,1985-04-10,1985,wolle_season1_42,1.0,50
6284,160,Season 1,1985-04-19,1985,wolle_season1_42,1.0,53
6283,191,Season 1,1985-06-03,1985,wolle_season1_42,1.0,50
6282,261,Season 2,1985-09-09,1985,wolle_season1_42,2.0,51
6281,269,Season 2,1985-09-19,1985,wolle_season1_42,2.0,56
6280,270,Season 2,1985-09-20,1985,wolle_season1_42,2.0,52
6279,271,Season 2,1985-09-23,1985,wolle_season1_42,2.0,50
6278,272,Season 2,1985-09-24,1985,wolle_season1_42,2.0,53
6277,276,Season 2,1985-09-30,1985,wolle_season1_42,2.0,54
6276,277,Season 2,1985-10-01,1985,wolle_season1_42,2.0,57
6275,278,Season 2,1985-10-02,1985,wolle_season1_42,2.0,58
6274,279,Season 2,1985-10-03,1985,wolle_season1_42,2.0,53
6273,280,Season 2,1985-10-04,1985,wolle_season1_42,2.0,55
6272,295,Season 2,1985-10-25,1985,wolle_season1_42,2.0,56
6271,297,Season 2,1985-10-29,1985,wolle_season1_42,2.0,57
6270,306,Season 2,1985-11-11,1985,wolle_season1_42,2.0,54
6269,307,Season 2,1985-11-12,1985,wolle_season1_42,2.0,58
6268,308,Season 2,1985-11-13,1985,wolle_season1_42,2.0,53
6267,309,Season 2,1985-11-14,1985,wolle_season1_42,2.0,59
6266,310,Season 2,1985-11-15,1985,wolle_season1_42,2.0,54
6265,311,Season 2,1985-11-18,1985,wolle_season1_42,2.0,58
6264,312,Season 2,1985-11-19,1985,wolle_season1_42,2.0,56
6263,313,Season 2,1985-11-20,1985,wolle_season1_42,2.0,53
6262,314,Season 2,1985-11-21,1985,wolle_season1_42,2.0,57
6261,315,Season 2,1985-11-22,1985,wolle_season1_42,2.0,59
6260,316,Season 2,1985-11-25,1985,wolle_season1_42,2.0,43
6259,327,Season 2,1985-12-10,1985,wolle_season1_42,2.0,52
6258,328,Season 2,1985-12-11,1985,wolle_season1_42,2.0,56
6257,335,Season 2,1985-12-20,1985,wolle_season1_42,2.0,53
6256,336,Season 2,1985-12-23,1985,wolle_season1_42,2.0,50
6255,337,Season 2,1985-12-24,1985,wolle_season1_42,2.0,60
6254,338,Season 2,1985-12-25,1985,wolle_season1_42,2.0,58
6253,339,Season 2,1985-12-26,1985,wolle_season1_42,2.0,53
6252,340,Season 2,1985-12-27,1985,wolle_season1_42,2.0,56
6251,351,Season 2,1986-01-13,1986,wolle_season1_42,2.0,57
6250,352,Season 2,1986-01-14,1986,wolle_season1_42,2.0,54
6249,360,Season 2,1986-01-24,1986,wolle_season1_42,2.0,56
6248,367,Season 2,1986-02-04,1986,wolle_season1_42,2.0,58
6247,368,Season 2,1986-02-05,1986,wolle_season1_42,2.0,58
6246,369,Season 2,1986-02-06,1986,wolle_season1_42,2.0,56
6245,370,Season 2,1986-02-07,1986,wolle_season1_42,2.0,58
6244,371,Season 2,1986-02-10,1986,wolle_season1_42,2.0,55
6243,372,Season 2,1986-02-11,1986,wolle_season1_42,2.0,53
6242,373,Season 2,1986-02-12,1986,wolle_season1_42,2.0,58
6241,374,Season 2,1986-02-13,1986,wolle_season1_42,2.0,54
6240,375,Season 2,1986-02-14,1986,wolle_season1_42,2.0,51
6239,381,Season 2,1986-02-24,1986,wolle_season1_42,2.0,53
6238,382,Season 2,1986-02-25,1986,wolle_season1_42,2.0,14
6237,383,Season 2,1986-02-26,1986,wolle_season1_42,2.0,30
6236,414,Season 2,1986-04-10,1986,wolle_season1_42,2.0,56
6235,422,Season 2,1986-04-22,1986,wolle_season1_42,2.0,55
6234,423,Season 2,1986-04-23,1986,wolle_season1_42,2.0,54
6233,438,Season 2,1986-05-14,1986,wolle_season1_42,2.0,59
6232,441,Season 2,1986-05-19,1986,wolle_season1_42,2.0,51
6231,446,Season 2,1986-05-26,1986,wolle_season1_42,2.0,54
6230,456,Season 3,1986-09-08,1986,wolle_season1_42,3.0,52
6229,459,Season 3,1986-09-11,1986,wolle_season1_42,3.0,53
6228,460,Season 3,1986-09-12,1986,wolle_season1_42,3.0,56
6227,461,Season 3,1986-09-15,1986,wolle_season1_42,3.0,53
6226,463,Season 3,1986-09-17,1986,wolle_season1_42,3.0,56
6225,464,Season 3,1986-09-18,1986,wolle_season1_42,3.0,52
6224,465,Season 3,1986-09-19,1986,wolle_season1_42,3.0,49
6223,468,Season 3,1986-09-24,1986,wolle_season1_42,3.0,52
6222,469,Season 3,1986-09-25,1986,wolle_season1_42,3.0,54
6221,471,Season 3,1986-09-29,1986,wolle_season1_42,3.0,52
6220,475,Season 3,1986-10-03,1986,wolle_season1_42,3.0,59
6219,478,Season 3,1986-10-08,1986,wolle_season1_42,3.0,56
6218,480,Season 3,1986-10-10,1986,wolle_season1_42,3.0,58
6217,482,Season 3,1986-10-14,1986,wolle_season1_42,3.0,56
6216,484,Season 3,1986-10-16,1986,wolle_season1_42,3.0,54
6215,495,Season 3,1986-10-31,1986,wolle_season1_42,3.0,58
6214,496,Season 3,1986-11-03,1986,wolle_season1_42,3.0,53
6213,497,Season 3,1986-11-04,1986,wolle_season1_42,3.0,54
6212,499,Season 3,1986-11-06,1986,wolle_season1_42,3.0,54
6211,501,Season 3,1986-11-10,1986,wolle_season1_42,3.0,56
6210,502,Season 3,1986-11-11,1986,wolle_season1_42,3.0,59
6209,503,Season 3,1986-11-12,1986,wolle_season1_42,3.0,56
6208,504,Season 3,1986-11-13,1986,wolle_season1_42,3.0,54
6207,505,Season 3,1986-11-14,1986,wolle_season1_42,3.0,55
6206,506,Season 3,1986-11-17,1986,wolle_season1_42,3.0,54
6205,507,Season 3,1986-11-18,1986,wolle_season1_42,3.0,59
6204,508,Season 3,1986-11-19,1986,wolle_season1_42,3.0,60
6203,509,Season 3,1986-11-20,1986,wolle_season1_42,3.0,59
6202,510,Season 3,1986-11-21,1986,wolle_season1_42,3.0,57
6201,521,Season 3,1986-12-08,1986,wolle_season1_42,3.0,53
6200,523,Season 3,1986-12-10,1986,wolle_season1_42,3.0,50
6199,524,Season 3,1986-12-11,1986,wolle_season1_42,3.0,52
6198,525,Season 3,1986-12-12,1986,wolle_season1_42,3.0,57
6197,526,Season 3,1986-12-15,1986,wolle_season1_42,3.0,53
6196,527,Season 3,1986-12-16,1986,wolle_season1_42,3.0,55
6195,528,Season 3,1986-12-17,1986,wolle_season1_42,3.0,58
6194,530,Season 3,1986-12-19,1986,wolle_season1_42,3.0,56
6193,531,Season 3,1986-12-22,1986,wolle_season1_42,3.0,52
6192,532,Season 3,1986-12-23,1986,wolle_season1_42,3.0,50
6191,533,Season 3,1986-12-24,1986,wolle_season1_42,3.0,54
6190,537,Season 3,1986-12-30,1986,wolle_season1_42,3.0,51
6189,538,Season 3,1986-12-31,1986,wolle_season1_42,3.0,54
6188,539,Season 3,1987-01-01,1987,wolle_season1_42,3.0,55
6187,540,Season 3,1987-01-02,1987,wolle_season1_42,3.0,52
6186,541,Season 3,1987-01-05,1987,wolle_season1_42,3.0,49
6185,542,Season 3,1987-01-06,1987,wolle_season1_42,3.0,53
6184,543,Season 3,1987-01-07,1987,wolle_season1_42,3.0,56
6183,544,Season 3,1987-01-08,1987,wolle_season1_42,3.0,49
6182,545,Season 3,1987-01-09,1987,wolle_season1_42,3.0,54
6181,547,Season 3,1987-01-13,1987,wolle_season1_42,3.0,55
6180,549,Season 3,1987-01-15,1987,wolle_season1_42,3.0,53
6179,550,Season 3,1987-01-16,1987,wolle_season1_42,3.0,53
6178,559,Season 3,1987-01-29,1987,wolle_season1_42,3.0,57
6177,560,Season 3,1987-01-30,1987,wolle_season1_42,3.0,56
6176,561,Season 3,1987-02-02,1987,wolle_season1_42,3.0,54
6175,562,Season 3,1987-02-03,1987,wolle_season1_42,3.0,55
6174,563,Season 3,1987-02-04,1987,wolle_season1_42,3.0,55
6173,565,Season 3,1987-02-06,1987,wolle_season1_42,3.0,53
6172,566,Season 3,1987-02-09,1987,wolle_season1_42,3.0,56
6171,570,Season 3,1987-02-13,1987,wolle_season1_42,3.0,56
6170,571,Season 3,1987-02-16,1987,wolle_season1_42,3.0,57
6169,572,Season 3,1987-02-17,1987,wolle_season1_42,3.0,61
6168,573,Season 3,1987-02-18,1987,wolle_season1_42,3.0,57
6167,574,Season 3,1987-02-19,1987,wolle_season1_42,3.0,59
6166,575,Season 3,1987-02-20,1987,wolle_season1_42,3.0,58
6165,576,Season 3,1987-02-23,1987,wolle_season1_42,3.0,60
6164,577,Season 3,1987-02-24,1987,wolle_season1_42,3.0,60
6163,578,Season 3,1987-02-25,1987,wolle_season1_42,3.0,61
6162,579,Season 3,1987-02-26,1987,wolle_season1_42,3.0,60
6161,580,Season 3,1987-02-27,1987,wolle_season1_42,3.0,60
6160,581,Season 3,1987-03-02,1987,wolle_season1_42,3.0,52
6159,584,Season 3,1987-03-05,1987,wolle_season1_42,3.0,60
6158,589,Season 3,1987-03-12,1987,wolle_season1_42,3.0,52
6157,590,Season 3,1987-03-13,1987,wolle_season1_42,3.0,57
6156,591,Season 3,1987-03-16,1987,wolle_season1_42,3.0,58
6155,592,Season 3,1987-03-17,1987,wolle_season1_42,3.0,55
6154,593,Season 3,1987-03-18,1987,wolle_season1_42,3.0,54
6153,596,Season 3,1987-03-23,1987,wolle_season1_42,3.0,58
6152,600,Season 3,1987-03-27,1987,wolle_season1_42,3.0,56
6151,606,Season 3,1987-04-06,1987,wolle_season1_42,3.0,59
6150,607,Season 3,1987-04-07,1987,wolle_season1_42,3.0,55
6149,611,Season 3,1987-04-13,1987,wolle_season1_42,3.0,54
6148,612,Season 3,1987-04-14,1987,wolle_season1_42,3.0,57
6147,614,Season 3,1987-04-16,1987,wolle_season1_42,3.0,51
6146,615,Season 3,1987-04-17,1987,wolle_season1_42,3.0,53
6145,616,Season 3,1987-04-20,1987,wolle_season1_42,3.0,59
6144,617,Season 3,1987-04-21,1987,wolle_season1_42,3.0,55
6143,618,Season 3,1987-04-22,1987,wolle_season1_42,3.0,51
6142,619,Season 3,1987-04-23,1987,wolle_season1_42,3.0,58
6141,620,Season 3,1987-04-24,1987,wolle_season1_42,3.0,58
6140,621,Season 3,1987-04-27,1987,wolle_season1_42,3.0,50
6139,622,Season 3,1987-04-28,1987,wolle_season1_42,3.0,55
6138,623,Season 3,1987-04-29,1987,wolle_season1_42,3.0,53
6137,624,Season 3,1987-04-30,1987,wolle_season1_42,3.0,51
6136,631,Season 3,1987-05-11,1987,wolle_season1_42,3.0,55
6135,632,Season 3,1987-05-12,1987,wolle_season1_42,3.0,50
6134,633,Season 3,1987-05-13,1987,wolle_season1_42,3.0,55
6133,634,Season 3,1987-05-14,1987,wolle_season1_42,3.0,52
6132,635,Season 3,1987-05-15,1987,wolle_season1_42,3.0,57
6131,636,Season 3,1987-05-18,1987,wolle_season1_42,3.0,58
6130,637,Season 3,1987-05-19,1987,wolle_season1_42,3.0,55
6129,638,Season 3,1987-05-20,1987,wolle_season1_42,3.0,54
6128,639,Season 3,1987-05-21,1987,wolle_season1_42,3.0,58
6127,640,Season 3,1987-05-22,1987,wolle_season1_42,3.0,59
6126,641,Season 3,1987-05-25,1987,wolle_season1_42,3.0,55
6125,655,Season 3,1987-06-12,1987,wolle_season1_42,3.0,57
6124,657,Season 3,1987-06-16,1987,wolle_season1_42,3.0,61
6123,658,Season 3,1987-06-17,1987,wolle_season1_42,3.0,60
6122,659,Season 3,1987-06-18,1987,wolle_season1_42,3.0,53
6121,660,Season 3,1987-06-19,1987,wolle_season1_42,3.0,59
6120,661,Season 3,1987-06-22,1987,wolle_season1_42,3.0,57
6119,662,Season 3,1987-06-23,1987,wolle_season1_42,3.0,58
6118,663,Season 3,1987-06-24,1987,wolle_season1_42,3.0,60
6117,664,Season 3,1987-06-25,1987,wolle_season1_42,3.0,51
6116,665,Season 3,1987-06-26,1987,wolle_season1_42,3.0,58
6115,666,Season 3,1987-06-29,1987,wolle_season1_42,3.0,56
6114,667,Season 3,1987-06-30,1987,wolle_season1_42,3.0,59
6113,668,Season 3,1987-07-01,1987,wolle_season1_42,3.0,57
6112,669,Season 3,1987-07-02,1987,wolle_season1_42,3.0,56
6111,670,Season 3,1987-07-03,1987,wolle_season1_42,3.0,59
6110,678,Season 3,1987-07-15,1987,wolle_season1_42,3.0,57
6109,690,Season 4,1987-09-11,1987,wolle_season1_42,4.0,54
6108,697,Season 4,1987-09-22,1987,wolle_season1_42,4.0,60
6107,702,Season 4,1987-09-29,1987,wolle_season1_42,4.0,59
6106,703,Season 4,1987-09-30,1987,wolle_season1_42,4.0,57
6105,704,Season 4,1987-10-01,1987,wolle_season1_42,4.0,52
6104,705,Season 4,1987-10-02,1987,wolle_season1_42,4.0,54
6103,709,Season 4,1987-10-08,1987,wolle_season1_42,4.0,53
6102,710,Season 4,1987-10-09,1987,wolle_season1_42,4.0,58
6101,712,Season 4,1987-10-13,1987,wolle_season1_42,4.0,55
6100,713,Season 4,1987-10-14,1987,wolle_season1_42,4.0,53
6099,714,Season 4,1987-10-15,1987,wolle_season1_42,4.0,56
6098,715,Season 4,1987-10-16,1987,wolle_season1_42,4.0,58
6097,716,Season 4,1987-10-19,1987,wolle_season1_42,4.0,57
6096,717,Season 4,1987-10-20,1987,wolle_season1_42,4.0,51
6095,718,Season 4,1987-10-21,1987,wolle_season1_42,4.0,54
6094,719,Season 4,1987-10-22,1987,wolle_season1_42,4.0,50
6093,720,Season 4,1987-10-23,1987,wolle_season1_42,4.0,57
6092,721,Season 4,1987-10-26,1987,wolle_season1_42,4.0,58
6091,722,Season 4,1987-10-27,1987,wolle_season1_42,4.0,59
6090,723,Season 4,1987-10-28,1987,wolle_season1_42,4.0,55
6089,724,Season 4,1987-10-29,1987,wolle_season1_42,4.0,50
6088,725,Season 4,1987-10-30,1987,wolle_season1_42,4.0,54
6087,726,Season 4,1987-11-02,1987,wolle_season1_42,4.0,51
6086,727,Season 4,1987-11-03,1987,wolle_season1_42,4.0,61
6085,728,Season 4,1987-11-04,1987,wolle_season1_42,4.0,53
6084,729,Season 4,1987-11-05,1987,wolle_season1_42,4.0,58
6083,730,Season 4,1987-11-06,1987,wolle_season1_42,4.0,53
6082,731,Season 4,1987-11-09,1987,wolle_season1_42,4.0,61
6081,732,Season 4,1987-11-10,1987,wolle_season1_42,4.0,60
6080,733,Season 4,1987-11-11,1987,wolle_season1_42,4.0,58
6079,734,Season 4,1987-11-12,1987,wolle_season1_42,4.0,60
6078,735,Season 4,1987-11-13,1987,wolle_season1_42,4.0,60
6077,736,Season 4,1987-11-16,1987,wolle_season1_42,4.0,60
6076,737,Season 4,1987-11-17,1987,wolle_season1_42,4.0,60
6075,738,Season 4,1987-11-18,1987,wolle_season1_42,4.0,55
6074,739,Season 4,1987-11-19,1987,wolle_season1_42,4.0,56
6073,740,Season 4,1987-11-20,1987,wolle_season1_42,4.0,61
6072,743,Season 4,1987-11-25,1987,wolle_season1_42,4.0,58
6071,747,Season 4,1987-12-01,1987,wolle_season1_42,4.0,57
6070,749,Season 4,1987-12-03,1987,wolle_season1_42,4.0,59
6069,750,Season 4,1987-12-04,1987,wolle_season1_42,4.0,58
6068,752,Season 4,1987-12-08,1987,wolle_season1_42,4.0,57
6067,753,Season 4,1987-12-09,1987,wolle_season1_42,4.0,61
6066,754,Season 4,1987-12-10,1987,wolle_season1_42,4.0,54
6065,755,Season 4,1987-12-11,1987,wolle_season1_42,4.0,58
6064,756,Season 4,1987-12-14,1987,wolle_season1_42,4.0,55
6063,757,Season 4,1987-12-15,1987,wolle_season1_42,4.0,55
6062,758,Season 4,1987-12-16,1987,wolle_season1_42,4.0,60
6061,759,Season 4,1987-12-17,1987,wolle_season1_42,4.0,50
6060,760,Season 4,1987-12-18,1987,wolle_season1_42,4.0,56
6059,761,Season 4,1987-12-21,1987,wolle_season1_42,4.0,54
6058,762,Season 4,1987-12-22,1987,wolle_season1_42,4.0,51
6057,763,Season 4,1987-12-23,1987,wolle_season1_42,4.0,53
6056,765,Season 4,1987-12-25,1987,wolle_season1_42,4.0,59
6055,766,Season 4,1987-12-28,1987,wolle_season1_42,4.0,59
6054,768,Season 4,1987-12-30,1987,wolle_season1_42,4.0,54
6053,769,Season 4,1987-12-31,1987,wolle_season1_42,4.0,53
6052,770,Season 4,1988-01-01,1988,wolle_season1_42,4.0,55
6051,771,Season 4,1988-01-04,1988,wolle_season1_42,4.0,55
6050,772,Season 4,1988-01-05,1988,wolle_season1_42,4.0,53
6049,773,Season 4,1988-01-06,1988,wolle_season1_42,4.0,54
6048,775,Season 4,1988-01-08,1988,wolle_season1_42,4.0,58
6047,776,Season 4,1988-01-11,1988,wolle_season1_42,4.0,55
6046,777,Season 4,1988-01-12,1988,wolle_season1_42,4.0,59
6045,778,Season 4,1988-01-13,1988,wolle_season1_42,4.0,58
6044,779,Season 4,1988-01-14,1988,wolle_season1_42,4.0,54
6043,780,Season 4,1988-01-15,1988,wolle_season1_42,4.0,57
6042,782,Season 4,1988-01-19,1988,wolle_season1_42,4.0,53
6041,786,Season 4,1988-01-25,1988,wolle_season1_42,4.0,54
6040,787,Season 4,1988-01-26,1988,wolle_season1_42,4.0,56
6039,788,Season 4,1988-01-27,1988,wolle_season1_42,4.0,56
6038,789,Season 4,1988-01-28,1988,wolle_season1_42,4.0,57
6037,790,Season 4,1988-01-29,1988,wolle_season1_42,4.0,60
6036,791,Season 4,1988-02-01,1988,wolle_season1_42,4.0,55
6035,792,Season 4,1988-02-02,1988,wolle_season1_42,4.0,53
6034,793,Season 4,1988-02-03,1988,wolle_season1_42,4.0,53
6033,794,Season 4,1988-02-04,1988,wolle_season1_42,4.0,55
6032,795,Season 4,1988-02-05,1988,wolle_season1_42,4.0,59
6031,796,Season 4,1988-02-08,1988,wolle_season1_42,4.0,58
6030,797,Season 4,1988-02-09,1988,wolle_season1_42,4.0,60
6029,798,Season 4,1988-02-10,1988,wolle_season1_42,4.0,56
6028,799,Season 4,1988-02-11,1988,wolle_season1_42,4.0,60
6027,800,Season 4,1988-02-12,1988,wolle_season1_42,4.0,57
6026,801,Season 4,1988-02-15,1988,wolle_season1_42,4.0,56
6025,802,Season 4,1988-02-16,1988,wolle_season1_42,4.0,60
6024,803,Season 4,1988-02-17,1988,wolle_season1_42,4.0,60
6023,804,Season 4,1988-02-18,1988,wolle_season1_42,4.0,57
6022,805,Season 4,1988-02-19,1988,wolle_season1_42,4.0,55
6021,810,Season 4,1988-02-26,1988,wolle_season1_42,4.0,60
6020,816,Season 4,1988-03-07,1988,wolle_season1_42,4.0,57
6019,820,Season 4,1988-03-11,1988,wolle_season1_42,4.0,60
6018,821,Season 4,1988-03-14,1988,wolle_season1_42,4.0,58
6017,822,Season 4,1988-03-15,1988,wolle_season1_42,4.0,57
6016,823,Season 4,1988-03-16,1988,wolle_season1_42,4.0,58
6015,824,Season 4,1988-03-17,1988,wolle_season1_42,4.0,60
6014,825,Season 4,1988-03-18,1988,wolle_season1_42,4.0,54
6013,827,Season 4,1988-03-22,1988,wolle_season1_42,4.0,50
6012,829,Season 4,1988-03-24,1988,wolle_season1_42,4.0,58
6011,830,Season 4,1988-03-25,1988,wolle_season1_42,4.0,51
6010,831,Season 4,1988-03-28,1988,wolle_season1_42,4.0,60
6009,832,Season 4,1988-03-29,1988,wolle_season1_42,4.0,59
6008,833,Season 4,1988-03-30,1988,wolle_season1_42,4.0,57
6007,834,Season 4,1988-03-31,1988,wolle_season1_42,4.0,55
6006,835,Season 4,1988-04-01,1988,wolle_season1_42,4.0,55
6005,836,Season 4,1988-04-04,1988,wolle_season1_42,4.0,51
6004,837,Season 4,1988-04-05,1988,wolle_season1_42,4.0,57
6003,838,Season 4,1988-04-06,1988,wolle_season1_42,4.0,55
6002,839,Season 4,1988-04-07,1988,wolle_season1_42,4.0,59
6001,840,Season 4,1988-04-08,1988,wolle_season1_42,4.0,58
6000,842,Season 4,1988-04-12,1988,wolle_season1_42,4.0,49
5999,846,Season 4,1988-04-18,1988,wolle_season1_42,4.0,57
5998,847,Season 4,1988-04-19,1988,wolle_season1_42,4.0,56
5997,848,Season 4,1988-04-20,1988,wolle_season1_42,4.0,58
5996,851,Season 4,1988-04-25,1988,wolle_season1_42,4.0,51
5995,852,Season 4,1988-04-26,1988,wolle_season1_42,4.0,38
5994,853,Season 4,1988-04-27,1988,wolle_season1_42,4.0,57
5993,854,Season 4,1988-04-28,1988,wolle_season1_42,4.0,54
5992,855,Season 4,1988-04-29,1988,wolle_season1_42,4.0,59
5991,859,Season 4,1988-05-05,1988,wolle_season1_42,4.0,53
5990,860,Season 4,1988-05-06,1988,wolle_season1_42,4.0,58
5989,861,Season 4,1988-05-09,1988,wolle_season1_42,4.0,54
5988,862,Season 4,1988-05-10,1988,wolle_season1_42,4.0,55
5987,863,Season 4,1988-05-11,1988,wolle_season1_42,4.0,58
5986,871,Season 4,1988-05-23,1988,wolle_season1_42,4.0,58
5985,872,Season 4,1988-05-24,1988,wolle_season1_42,4.0,51
5984,874,Season 4,1988-05-26,1988,wolle_season1_42,4.0,60
5983,875,Season 4,1988-05-27,1988,wolle_season1_42,4.0,57
5982,876,Season 4,1988-05-30,1988,wolle_season1_42,4.0,55
5981,877,Season 4,1988-05-31,1988,wolle_season1_42,4.0,58
5980,878,Season 4,1988-06-01,1988,wolle_season1_42,4.0,58
5979,879,Season 4,1988-06-02,1988,wolle_season1_42,4.0,58
5978,880,Season 4,1988-06-03,1988,wolle_season1_42,4.0,60
5977,881,Season 4,1988-06-06,1988,wolle_season1_42,4.0,57
5976,882,Season 4,1988-06-07,1988,wolle_season1_42,4.0,57
5975,883,Season 4,1988-06-08,1988,wolle_season1_42,4.0,55
5974,884,Season 4,1988-06-09,1988,wolle_season1_42,4.0,57
5973,885,Season 4,1988-06-10,1988,wolle_season1_42,4.0,60
5972,886,Season 4,1988-06-13,1988,wolle_season1_42,4.0,58
5971,887,Season 4,1988-06-14,1988,wolle_season1_42,4.0,60
5970,889,Season 4,1988-06-16,1988,wolle_season1_42,4.0,56
5969,892,Season 4,1988-06-21,1988,wolle_season1_42,4.0,53
5968,893,Season 4,1988-06-22,1988,wolle_season1_42,4.0,52
5967,894,Season 4,1988-06-23,1988,wolle_season1_42,4.0,57
5966,895,Season 4,1988-06-24,1988,wolle_season1_42,4.0,57
5965,896,Season 4,1988-06-27,1988,wolle_season1_42,4.0,57
5964,897,Season 4,1988-06-28,1988,wolle_season1_42,4.0,57
5963,898,Season 4,1988-06-29,1988,wolle_season1_42,4.0,58
5962,899,Season 4,1988-06-30,1988,wolle_season1_42,4.0,55
5961,902,Season 4,1988-07-05,1988,wolle_season1_42,4.0,54
5960,913,Season 4,1988-07-20,1988,wolle_season1_42,4.0,59
5959,931,Season 5,1988-09-26,1988,wolle_season1_42,5.0,51
5958,933,Season 5,1988-09-28,1988,wolle_season1_42,5.0,57
5957,941,Season 5,1988-10-10,1988,wolle_season1_42,5.0,53
5956,942,Season 5,1988-10-11,1988,wolle_season1_42,5.0,55
5955,944,Season 5,1988-10-13,1988,wolle_season1_42,5.0,55
5954,945,Season 5,1988-10-14,1988,wolle_season1_42,5.0,52
5953,946,Season 5,1988-10-17,1988,wolle_season1_42,5.0,54
5952,947,Season 5,1988-10-18,1988,wolle_season1_42,5.0,61
5951,950,Season 5,1988-10-21,1988,wolle_season1_42,5.0,21
5950,951,Season 5,1988-10-24,1988,wolle_season1_42,5.0,53
5949,952,Season 5,1988-10-25,1988,wolle_season1_42,5.0,57
5948,953,Season 5,1988-10-26,1988,wolle_season1_42,5.0,57
5947,954,Season 5,1988-10-27,1988,wolle_season1_42,5.0,57
5946,955,Season 5,1988-10-28,1988,wolle_season1_42,5.0,59
5945,956,Season 5,1988-10-31,1988,wolle_season1_42,5.0,55
5944,957,Season 5,1988-11-01,1988,wolle_season1_42,5.0,58
5943,958,Season 5,1988-11-02,1988,wolle_season1_42,5.0,58
5942,959,Season 5,1988-11-03,1988,wolle_season1_42,5.0,60
5941,960,Season 5,1988-11-04,1988,wolle_season1_42,5.0,60
5940,961,Season 5,1988-11-07,1988,wolle_season1_42,5.0,61
5939,962,Season 5,1988-11-08,1988,wolle_season1_42,5.0,57
5938,963,Season 5,1988-11-09,1988,wolle_season1_42,5.0,61
5937,964,Season 5,1988-11-10,1988,wolle_season1_42,5.0,60
5936,965,Season 5,1988-11-11,1988,wolle_season1_42,5.0,61
5935,966,Season 5,1988-11-14,1988,wolle_season1_42,5.0,59
5934,967,Season 5,1988-11-15,1988,wolle_season1_42,5.0,61
5933,968,Season 5,1988-11-16,1988,wolle_season1_42,5.0,61
5932,969,Season 5,1988-11-17,1988,wolle_season1_42,5.0,60
5931,970,Season 5,1988-11-18,1988,wolle_season1_42,5.0,61
5930,971,Season 5,1988-11-21,1988,wolle_season1_42,5.0,59
5929,972,Season 5,1988-11-22,1988,wolle_season1_42,5.0,61
5928,973,Season 5,1988-11-23,1988,wolle_season1_42,5.0,59
5927,977,Season 5,1988-11-29,1988,wolle_season1_42,5.0,60
5926,978,Season 5,1988-11-30,1988,wolle_season1_42,5.0,58
5925,979,Season 5,1988-12-01,1988,wolle_season1_42,5.0,55
5924,980,Season 5,1988-12-02,1988,wolle_season1_42,5.0,61
5923,981,Season 5,1988-12-05,1988,wolle_season1_42,5.0,61
5922,982,Season 5,1988-12-06,1988,wolle_season1_42,5.0,58
5921,983,Season 5,1988-12-07,1988,wolle_season1_42,5.0,57
5920,984,Season 5,1988-12-08,1988,wolle_season1_42,5.0,60
5919,985,Season 5,1988-12-09,1988,wolle_season1_42,5.0,58
5918,986,Season 5,1988-12-12,1988,wolle_season1_42,5.0,54
5917,987,Season 5,1988-12-13,1988,wolle_season1_42,5.0,54
5916,988,Season 5,1988-12-14,1988,wolle_season1_42,5.0,57
5915,989,Season 5,1988-12-15,1988,wolle_season1_42,5.0,57
5914,990,Season 5,1988-12-16,1988,wolle_season1_42,5.0,57
5913,991,Season 5,1988-12-19,1988,wolle_season1_42,5.0,60
5912,992,Season 5,1988-12-20,1988,wolle_season1_42,5.0,57
5911,993,Season 5,1988-12-21,1988,wolle_season1_42,5.0,58
5910,994,Season 5,1988-12-22,1988,wolle_season1_42,5.0,56
5909,995,Season 5,1988-12-23,1988,wolle_season1_42,5.0,56
5908,996,Season 5,1988-12-26,1988,wolle_season1_42,5.0,56
5907,997,Season 5,1988-12-27,1988,wolle_season1_42,5.0,61
5906,998,Season 5,1988-12-28,1988,wolle_season1_42,5.0,61
5905,999,Season 5,1988-12-29,1988,wolle_season1_42,5.0,54
5904,1000,Season 5,1988-12-30,1988,wolle_season1_42,5.0,54
5903,1002,Season 5,1989-01-03,1989,wolle_season1_42,5.0,56
5902,1003,Season 5,1989-01-04,1989,wolle_season1_42,5.0,60
5901,1004,Season 5,1989-01-05,1989,wolle_season1_42,5.0,59
5900,1005,Season 5,1989-01-06,1989,wolle_season1_42,5.0,55
5899,1006,Season 5,1989-01-09,1989,wolle_season1_42,5.0,56
5898,1007,Season 5,1989-01-10,1989,wolle_season1_42,5.0,61
5897,1008,Season 5,1989-01-11,1989,wolle_season1_42,5.0,60
5896,1009,Season 5,1989-01-12,1989,wolle_season1_42,5.0,61
5895,1010,Season 5,1989-01-13,1989,wolle_season1_42,5.0,53
5894,1011,Season 5,1989-01-16,1989,wolle_season1_42,5.0,57
5893,1012,Season 5,1989-01-17,1989,wolle_season1_42,5.0,55
5892,1013,Season 5,1989-01-18,1989,wolle_season1_42,5.0,56
5891,1014,Season 5,1989-01-19,1989,wolle_season1_42,5.0,59
5890,1015,Season 5,1989-01-20,1989,wolle_season1_42,5.0,61
5889,1016,Season 5,1989-01-23,1989,wolle_season1_42,5.0,61
5888,1017,Season 5,1989-01-24,1989,wolle_season1_42,5.0,59
5887,1018,Season 5,1989-01-25,1989,wolle_season1_42,5.0,53
5886,1019,Season 5,1989-01-26,1989,wolle_season1_42,5.0,56
5885,1020,Season 5,1989-01-27,1989,wolle_season1_42,5.0,59
5884,1021,Season 5,1989-01-30,1989,wolle_season1_42,5.0,61
5883,1022,Season 5,1989-01-31,1989,wolle_season1_42,5.0,57
5882,1023,Season 5,1989-02-01,1989,wolle_season1_42,5.0,56
5881,1024,Season 5,1989-02-02,1989,wolle_season1_42,5.0,57
5880,1025,Season 5,1989-02-03,1989,wolle_season1_42,5.0,59
5879,1029,Season 5,1989-02-09,1989,wolle_season1_42,5.0,60
5878,1031,Season 5,1989-02-13,1989,wolle_season1_42,5.0,61
5877,1037,Season 5,1989-02-21,1989,wolle_season1_42,5.0,60
5876,1038,Season 5,1989-02-22,1989,wolle_season1_42,5.0,58
5875,1039,Season 5,1989-02-23,1989,wolle_season1_42,5.0,57
5874,1040,Season 5,1989-02-24,1989,wolle_season1_42,5.0,59
5873,1041,Season 5,1989-02-27,1989,wolle_season1_42,5.0,55
5872,1042,Season 5,1989-02-28,1989,wolle_season1_42,5.0,61
5871,1043,Season 5,1989-03-01,1989,wolle_season1_42,5.0,57
5870,1044,Season 5,1989-03-02,1989,wolle_season1_42,5.0,61
5869,1045,Season 5,1989-03-03,1989,wolle_season1_42,5.0,61
5868,1057,Season 5,1989-03-21,1989,wolle_season1_42,5.0,59
5867,1058,Season 5,1989-03-22,1989,wolle_season1_42,5.0,59
5866,1059,Season 5,1989-03-23,1989,wolle_season1_42,5.0,53
5865,1060,Season 5,1989-03-24,1989,wolle_season1_42,5.0,58
5864,1061,Season 5,1989-03-27,1989,wolle_season1_42,5.0,59
5863,1062,Season 5,1989-03-28,1989,wolle_season1_42,5.0,57
5862,1063,Season 5,1989-03-29,1989,wolle_season1_42,5.0,61
5861,1064,Season 5,1989-03-30,1989,wolle_season1_42,5.0,53
5860,1065,Season 5,1989-03-31,1989,wolle_season1_42,5.0,58
5859,1066,Season 5,1989-04-03,1989,wolle_season1_42,5.0,52
5858,1067,Season 5,1989-04-04,1989,wolle_season1_42,5.0,55
5857,1068,Season 5,1989-04-05,1989,wolle_season1_42,5.0,59
5856,1075,Season 5,1989-04-14,1989,wolle_season1_42,5.0,58
5855,1076,Season 5,1989-04-17,1989,wolle_season1_42,5.0,57
5854,1084,Season 5,1989-04-27,1989,wolle_season1_42,5.0,60
5853,1085,Season 5,1989-04-28,1989,wolle_season1_42,5.0,60
5852,1086,Season 5,1989-05-01,1989,wolle_season1_42,5.0,60
5851,1087,Season 5,1989-05-02,1989,wolle_season1_42,5.0,54
5850,1088,Season 5,1989-05-03,1989,wolle_season1_42,5.0,58
5849,1089,Season 5,1989-05-04,1989,wolle_season1_42,5.0,53
5848,1090,Season 5,1989-05-05,1989,wolle_season1_42,5.0,53
5847,1091,Season 5,1989-05-08,1989,wolle_season1_42,5.0,61
5846,1092,Season 5,1989-05-09,1989,wolle_season1_42,5.0,60
5845,1093,Season 5,1989-05-10,1989,wolle_season1_42,5.0,56
5844,1102,Season 5,1989-05-23,1989,wolle_season1_42,5.0,53
5843,1103,Season 5,1989-05-24,1989,wolle_season1_42,5.0,53
5842,1104,Season 5,1989-05-25,1989,wolle_season1_42,5.0,58
5841,1105,Season 5,1989-05-26,1989,wolle_season1_42,5.0,50
5840,1106,Season 5,1989-05-29,1989,wolle_season1_42,5.0,51
5839,1115,Season 5,1989-06-09,1989,wolle_season1_42,5.0,53
5838,1119,Season 5,1989-06-15,1989,wolle_season1_42,5.0,56
5837,1121,Season 5,1989-06-19,1989,wolle_season1_42,5.0,58
5836,1125,Season 5,1989-06-23,1989,wolle_season1_42,5.0,56
5835,1128,Season 5,1989-06-28,1989,wolle_season1_42,5.0,56
5834,1130,Season 5,1989-06-30,1989,wolle_season1_42,5.0,1
5833,1136,Season 5,1989-07-10,1989,wolle_season1_42,5.0,54
5832,1138,Season 5,1989-07-12,1989,wolle_season1_42,5.0,61
5831,1142,Season 5,1989-07-18,1989,wolle_season1_42,5.0,57
5830,1144,Season 5,1989-07-20,1989,wolle_season1_42,5.0,57
5829,1145,Season 5,1989-07-21,1989,wolle_season1_42,5.0,57
5828,1146,Season 6,1989-09-04,1989,wolle_season1_42,6.0,57
5827,1147,Season 6,1989-09-05,1989,wolle_season1_42,6.0,60
5826,1150,Season 6,1989-09-08,1989,wolle_season1_42,6.0,59
5825,1152,Season 6,1989-09-12,1989,wolle_season1_42,6.0,56
5824,1158,Season 6,1989-09-20,1989,wolle_season1_42,6.0,61
5823,1160,Season 6,1989-09-22,1989,wolle_season1_42,6.0,60
5822,1161,Season 6,1989-09-25,1989,wolle_season1_42,6.0,57
5821,1162,Season 6,1989-09-26,1989,wolle_season1_42,6.0,55
5820,1163,Season 6,1989-09-27,1989,wolle_season1_42,6.0,61
5819,1164,Season 6,1989-09-28,1989,wolle_season1_42,6.0,58
5818,1165,Season 6,1989-09-29,1989,wolle_season1_42,6.0,60
5817,1166,Season 6,1989-10-02,1989,wolle_season1_42,6.0,55
5816,1167,Season 6,1989-10-03,1989,wolle_season1_42,6.0,58
5815,1168,Season 6,1989-10-04,1989,wolle_season1_42,6.0,59
5814,1169,Season 6,1989-10-05,1989,wolle_season1_42,6.0,59
5813,1170,Season 6,1989-10-06,1989,wolle_season1_42,6.0,60
5812,1171,Season 6,1989-10-09,1989,wolle_season1_42,6.0,56
5811,1172,Season 6,1989-10-10,1989,wolle_season1_42,6.0,60
5810,1173,Season 6,1989-10-11,1989,wolle_season1_42,6.0,59
5809,1174,Season 6,1989-10-12,1989,wolle_season1_42,6.0,57
5808,1175,Season 6,1989-10-13,1989,wolle_season1_42,6.0,58
5807,1176,Season 6,1989-10-16,1989,wolle_season1_42,6.0,57
5806,1177,Season 6,1989-10-17,1989,wolle_season1_42,6.0,55
5805,1178,Season 6,1989-10-18,1989,wolle_season1_42,6.0,57
5804,1179,Season 6,1989-10-19,1989,wolle_season1_42,6.0,61
5803,1180,Season 6,1989-10-20,1989,wolle_season1_42,6.0,57
5802,1181,Season 6,1989-10-23,1989,wolle_season1_42,6.0,54
5801,1182,Season 6,1989-10-24,1989,wolle_season1_42,6.0,61
5800,1183,Season 6,1989-10-25,1989,wolle_season1_42,6.0,61
5799,1184,Season 6,1989-10-26,1989,wolle_season1_42,6.0,60
5798,1185,Season 6,1989-10-27,1989,wolle_season1_42,6.0,60
5797,1186,Season 6,1989-10-30,1989,wolle_season1_42,6.0,57
5796,1187,Season 6,1989-10-31,1989,wolle_season1_42,6.0,57
5795,1188,Season 6,1989-11-01,1989,wolle_season1_42,6.0,57
5794,1189,Season 6,1989-11-02,1989,wolle_season1_42,6.0,58
5793,1190,Season 6,1989-11-03,1989,wolle_season1_42,6.0,61
5792,1191,Season 6,1989-11-06,1989,wolle_season1_42,6.0,60
5791,1192,Season 6,1989-11-07,1989,wolle_season1_42,6.0,59
5790,1193,Season 6,1989-11-08,1989,wolle_season1_42,6.0,61
5789,1194,Season 6,1989-11-09,1989,wolle_season1_42,6.0,56
5788,1195,Season 6,1989-11-10,1989,wolle_season1_42,6.0,60
5787,1196,Season 6,1989-11-13,1989,wolle_season1_42,6.0,60
5786,1197,Season 6,1989-11-14,1989,wolle_season1_42,6.0,61
5785,1198,Season 6,1989-11-15,1989,wolle_season1_42,6.0,60
5784,1199,Season 6,1989-11-16,1989,wolle_season1_42,6.0,59
5783,1200,Season 6,1989-11-17,1989,wolle_season1_42,6.0,60
5782,1201,Season 6,1989-11-20,1989,wolle_season1_42,6.0,59
5781,1202,Season 6,1989-11-21,1989,wolle_season1_42,6.0,57
5780,1203,Season 6,1989-11-22,1989,wolle_season1_42,6.0,56
5779,1204,Season 6,1989-11-23,1989,wolle_season1_42,6.0,60
5778,1205,Season 6,1989-11-24,1989,wolle_season1_42,6.0,58
5777,1206,Season 6,1989-11-27,1989,wolle_season1_42,6.0,60
5776,1207,Season 6,1989-11-28,1989,wolle_season1_42,6.0,60
5775,1208,Season 6,1989-11-29,1989,wolle_season1_42,6.0,57
5774,1209,Season 6,1989-11-30,1989,wolle_season1_42,6.0,56
5773,1210,Season 6,1989-12-01,1989,wolle_season1_42,6.0,58
5772,1214,Season 6,1989-12-07,1989,wolle_season1_42,6.0,60
5771,1215,Season 6,1989-12-08,1989,wolle_season1_42,6.0,61
5770,1220,Season 6,1989-12-15,1989,wolle_season1_42,6.0,56
5769,1221,Season 6,1989-12-18,1989,wolle_season1_42,6.0,59
5768,1224,Season 6,1989-12-21,1989,wolle_season1_42,6.0,55
5767,1227,Season 6,1989-12-26,1989,wolle_season1_42,6.0,58
5766,1229,Season 6,1989-12-28,1989,wolle_season1_42,6.0,58
5765,1230,Season 6,1989-12-29,1989,wolle_season1_42,6.0,61
5764,1236,Season 6,1990-01-08,1990,wolle_season1_42,6.0,53
5763,1237,Season 6,1990-01-09,1990,wolle_season1_42,6.0,59
5762,1238,Season 6,1990-01-10,1990,wolle_season1_42,6.0,56
5761,1239,Season 6,1990-01-11,1990,wolle_season1_42,6.0,61
5760,1240,Season 6,1990-01-12,1990,wolle_season1_42,6.0,59
5759,1241,Season 6,1990-01-15,1990,wolle_season1_42,6.0,57
5758,1242,Season 6,1990-01-16,1990,wolle_season1_42,6.0,59
5757,1245,Season 6,1990-01-19,1990,wolle_season1_42,6.0,58
5756,1246,Season 6,1990-01-22,1990,wolle_season1_42,6.0,60
5755,1247,Season 6,1990-01-23,1990,wolle_season1_42,6.0,59
5754,1248,Season 6,1990-01-24,1990,wolle_season1_42,6.0,58
5753,1250,Season 6,1990-01-26,1990,wolle_season1_42,6.0,60
5752,1251,Season 6,1990-01-29,1990,wolle_season1_42,6.0,56
5751,1252,Season 6,1990-01-30,1990,wolle_season1_42,6.0,59
5750,1254,Season 6,1990-02-01,1990,wolle_season1_42,6.0,60
5749,1255,Season 6,1990-02-02,1990,wolle_season1_42,6.0,56
5748,1257,Season 6,1990-02-06,1990,wolle_season1_42,6.0,61
5747,1260,Season 6,1990-02-09,1990,wolle_season1_42,6.0,60
5746,1261,Season 6,1990-02-12,1990,wolle_season1_42,6.0,60
5745,1262,Season 6,1990-02-13,1990,wolle_season1_42,6.0,60
5744,1263,Season 6,1990-02-14,1990,wolle_season1_42,6.0,57
5743,1264,Season 6,1990-02-15,1990,wolle_season1_42,6.0,61
5742,1265,Season 6,1990-02-16,1990,wolle_season1_42,6.0,60
5741,1266,Season 6,1990-02-19,1990,wolle_season1_42,6.0,58
5740,1267,Season 6,1990-02-20,1990,wolle_season1_42,6.0,56
5739,1271,Season 6,1990-02-26,1990,wolle_season1_42,6.0,61
5738,1272,Season 6,1990-02-27,1990,wolle_season1_42,6.0,58
5737,1273,Season 6,1990-02-28,1990,wolle_season1_42,6.0,61
5736,1274,Season 6,1990-03-01,1990,wolle_season1_42,6.0,60
5735,1276,Season 6,1990-03-05,1990,wolle_season1_42,6.0,60
5734,1279,Season 6,1990-03-08,1990,wolle_season1_42,6.0,61
5733,1281,Season 6,1990-03-12,1990,wolle_season1_42,6.0,56
5732,1283,Season 6,1990-03-14,1990,wolle_season1_42,6.0,59
5731,1285,Season 6,1990-03-16,1990,wolle_season1_42,6.0,61
5730,1286,Season 6,1990-03-19,1990,wolle_season1_42,6.0,61
5729,1287,Season 6,1990-03-20,1990,wolle_season1_42,6.0,60
5728,1289,Season 6,1990-03-22,1990,wolle_season1_42,6.0,59
5727,1290,Season 6,1990-03-23,1990,wolle_season1_42,6.0,60
5726,1291,Season 6,1990-03-26,1990,wolle_season1_42,6.0,60
5725,1294,Season 6,1990-03-29,1990,wolle_season1_42,6.0,56
5724,1295,Season 6,1990-03-30,1990,wolle_season1_42,6.0,58
5723,1296,Season 6,1990-04-02,1990,wolle_season1_42,6.0,59
5722,1299,Season 6,1990-04-05,1990,wolle_season1_42,6.0,56
5721,1300,Season 6,1990-04-06,1990,wolle_season1_42,6.0,59
5720,1301,Season 6,1990-04-09,1990,wolle_season1_42,6.0,57
5719,1302,Season 6,1990-04-10,1990,wolle_season1_42,6.0,61
5718,1303,Season 6,1990-04-11,1990,wolle_season1_42,6.0,59
5717,1304,Season 6,1990-04-12,1990,wolle_season1_42,6.0,59
5716,1305,Season 6,1990-04-13,1990,wolle_season1_42,6.0,55
5715,1307,Season 6,1990-04-17,1990,wolle_season1_42,6.0,59
5714,1308,Season 6,1990-04-18,1990,wolle_season1_42,6.0,55
5713,1309,Season 6,1990-04-19,1990,wolle_season1_42,6.0,55
5712,1311,Season 6,1990-04-23,1990,wolle_season1_42,6.0,58
5711,1312,Season 6,1990-04-24,1990,wolle_season1_42,6.0,55
5710,1317,Season 6,1990-05-01,1990,wolle_season1_42,6.0,57
5709,1318,Season 6,1990-05-02,1990,wolle_season1_42,6.0,60
5708,1319,Season 6,1990-05-03,1990,wolle_season1_42,6.0,57
5707,1320,Season 6,1990-05-04,1990,wolle_season1_42,6.0,61
5706,1321,Season 6,1990-05-07,1990,wolle_season1_42,6.0,61
5705,1322,Season 6,1990-05-08,1990,wolle_season1_42,6.0,61
5704,1323,Season 6,1990-05-09,1990,wolle_season1_42,6.0,60
5703,1324,Season 6,1990-05-10,1990,wolle_season1_42,6.0,61
5702,1325,Season 6,1990-05-11,1990,wolle_season1_42,6.0,60
5701,1326,Season 6,1990-05-14,1990,wolle_season1_42,6.0,60
5700,1327,Season 6,1990-05-15,1990,wolle_season1_42,6.0,61
5699,1328,Season 6,1990-05-16,1990,wolle_season1_42,6.0,61
5698,1329,Season 6,1990-05-17,1990,wolle_season1_42,6.0,60
5697,1330,Season 6,1990-05-18,1990,wolle_season1_42,6.0,60
5696,1331,Season 6,1990-05-21,1990,wolle_season1_42,6.0,61
5695,1332,Season 6,1990-05-22,1990,wolle_season1_42,6.0,55
5694,1333,Season 6,1990-05-23,1990,wolle_season1_42,6.0,55
5693,1335,Season 6,1990-05-25,1990,wolle_season1_42,6.0,1
5692,1336,Season 6,1990-05-28,1990,wolle_season1_42,6.0,61
5691,1337,Season 6,1990-05-29,1990,wolle_season1_42,6.0,57
5690,1338,Season 6,1990-05-30,1990,wolle_season1_42,6.0,61
5689,1339,Season 6,1990-05-31,1990,wolle_season1_42,6.0,61
5688,1340,Season 6,1990-06-01,1990,wolle_season1_42,6.0,60
5687,1343,Season 6,1990-06-06,1990,wolle_season1_42,6.0,60
5686,1344,Season 6,1990-06-07,1990,wolle_season1_42,6.0,55
5685,1345,Season 6,1990-06-08,1990,wolle_season1_42,6.0,61
5684,1346,Season 6,1990-06-11,1990,wolle_season1_42,6.0,61
5683,1347,Season 6,1990-06-12,1990,wolle_season1_42,6.0,49
5672,1,Super Jeopardy!,1990-06-16,1990,cluebase_fallback,,56
5682,1353,Season 6,1990-06-20,1990,wolle_season1_42,6.0,57
5681,1354,Season 6,1990-06-21,1990,wolle_season1_42,6.0,60
5680,1355,Season 6,1990-06-22,1990,wolle_season1_42,6.0,51
5671,2,Super Jeopardy!,1990-06-23,1990,cluebase_fallback,,56
5679,1356,Season 6,1990-06-25,1990,wolle_season1_42,6.0,55
5678,1358,Season 6,1990-06-27,1990,wolle_season1_42,6.0,61
5677,1359,Season 6,1990-06-28,1990,wolle_season1_42,6.0,58
5670,3,Super Jeopardy!,1990-06-30,1990,cluebase_fallback,,57
5676,1362,Season 6,1990-07-03,1990,wolle_season1_42,6.0,57
5675,1363,Season 6,1990-07-04,1990,wolle_season1_42,6.0,59
5674,1364,Season 6,1990-07-05,1990,wolle_season1_42,6.0,61
5669,4,Super Jeopardy!,1990-07-07,1990,cluebase_fallback,,56
5673,1366,Season 6,1990-07-09,1990,wolle_season1_42,6.0,53
5668,5,Super Jeopardy!,1990-07-14,1990,cluebase_fallback,,60
5667,6,Super Jeopardy!,1990-07-21,1990,cluebase_fallback,,60
5666,7,Super Jeopardy!,1990-07-28,1990,cluebase_fallback,,58
5665,8,Super Jeopardy!,1990-08-04,1990,cluebase_fallback,,60
5664,9,Super Jeopardy!,1990-08-11,1990,cluebase_fallback,,59
5663,10,Super Jeopardy!,1990-08-18,1990,cluebase_fallback,,59
5662,11,Super Jeopardy!,1990-08-25,1990,cluebase_fallback,,60
5661,12,Super Jeopardy!,1990-09-01,1990,cluebase_fallback,,60
5659,1376,Season 7,1990-09-03,1990,wolle_season1_42,7.0,58
5658,1377,Season 7,1990-09-04,1990,wolle_season1_42,7.0,61
5657,1378,Season 7,1990-09-05,1990,wolle_season1_42,7.0,60
5660,13,Super Jeopardy!,1990-09-08,1990,cluebase_fallback,,60
5656,1396,Season 7,1990-10-01,1990,wolle_season1_42,7.0,57
5655,1403,Season 7,1990-10-10,1990,wolle_season1_42,7.0,60
5654,1408,Season 7,1990-10-17,1990,wolle_season1_42,7.0,61
5653,1414,Season 7,1990-10-25,1990,wolle_season1_42,7.0,56
5652,1417,Season 7,1990-10-30,1990,wolle_season1_42,7.0,61
5651,1418,Season 7,1990-10-31,1990,wolle_season1_42,7.0,56
5650,1421,Season 7,1990-11-05,1990,wolle_season1_42,7.0,61
5649,1422,Season 7,1990-11-06,1990,wolle_season1_42,7.0,61
5648,1423,Season 7,1990-11-07,1990,wolle_season1_42,7.0,61
5647,1424,Season 7,1990-11-08,1990,wolle_season1_42,7.0,61
5646,1425,Season 7,1990-11-09,1990,wolle_season1_42,7.0,61
5645,1426,Season 7,1990-11-12,1990,wolle_season1_42,7.0,60
5644,1427,Season 7,1990-11-13,1990,wolle_season1_42,7.0,61
5643,1428,Season 7,1990-11-14,1990,wolle_season1_42,7.0,61
5642,1429,Season 7,1990-11-15,1990,wolle_season1_42,7.0,56
5641,1430,Season 7,1990-11-16,1990,wolle_season1_42,7.0,61
5640,1434,Season 7,1990-11-22,1990,wolle_season1_42,7.0,58
5639,1437,Season 7,1990-11-27,1990,wolle_season1_42,7.0,55
5638,1441,Season 7,1990-12-03,1990,wolle_season1_42,7.0,60
5637,1466,Season 7,1991-01-07,1991,wolle_season1_42,7.0,59
5636,1470,Season 7,1991-01-11,1991,wolle_season1_42,7.0,61
5635,1472,Season 7,1991-01-15,1991,wolle_season1_42,7.0,60
5634,1474,Season 7,1991-01-17,1991,wolle_season1_42,7.0,60
5633,1480,Season 7,1991-01-25,1991,wolle_season1_42,7.0,60
5632,1483,Season 7,1991-01-30,1991,wolle_season1_42,7.0,61
5631,1486,Season 7,1991-02-04,1991,wolle_season1_42,7.0,56
5630,1489,Season 7,1991-02-07,1991,wolle_season1_42,7.0,61
5629,1498,Season 7,1991-02-20,1991,wolle_season1_42,7.0,61
5628,1518,Season 7,1991-03-20,1991,wolle_season1_42,7.0,61
5627,1524,Season 7,1991-03-28,1991,wolle_season1_42,7.0,61
5626,1525,Season 7,1991-03-29,1991,wolle_season1_42,7.0,55
5625,1526,Season 7,1991-04-01,1991,wolle_season1_42,7.0,59
5624,1531,Season 7,1991-04-08,1991,wolle_season1_42,7.0,57
5623,1532,Season 7,1991-04-09,1991,wolle_season1_42,7.0,61
5622,1536,Season 7,1991-04-15,1991,wolle_season1_42,7.0,60
5621,1540,Season 7,1991-04-19,1991,wolle_season1_42,7.0,61
5620,1558,Season 7,1991-05-15,1991,wolle_season1_42,7.0,61
5619,1559,Season 7,1991-05-16,1991,wolle_season1_42,7.0,61
5618,1562,Season 7,1991-05-21,1991,wolle_season1_42,7.0,59
5617,1563,Season 7,1991-05-22,1991,wolle_season1_42,7.0,61
5616,1564,Season 7,1991-05-23,1991,wolle_season1_42,7.0,61
5615,1565,Season 7,1991-05-24,1991,wolle_season1_42,7.0,59
5614,1586,Season 7,1991-06-24,1991,wolle_season1_42,7.0,59
5613,1590,Season 7,1991-06-28,1991,wolle_season1_42,7.0,61
5612,1593,Season 7,1991-07-03,1991,wolle_season1_42,7.0,61
5611,1596,Season 7,1991-07-08,1991,wolle_season1_42,7.0,60
5610,1605,Season 7,1991-07-19,1991,wolle_season1_42,7.0,60
5609,1606,Season 8,1991-09-02,1991,wolle_season1_42,8.0,60
5608,1617,Season 8,1991-09-17,1991,wolle_season1_42,8.0,61
5607,1620,Season 8,1991-09-20,1991,wolle_season1_42,8.0,61
5606,1621,Season 8,1991-09-23,1991,wolle_season1_42,8.0,60
5605,1622,Season 8,1991-09-24,1991,wolle_season1_42,8.0,60
5604,1623,Season 8,1991-09-25,1991,wolle_season1_42,8.0,60
5603,1625,Season 8,1991-09-27,1991,wolle_season1_42,8.0,61
5602,1626,Season 8,1991-09-30,1991,wolle_season1_42,8.0,61
5601,1630,Season 8,1991-10-04,1991,wolle_season1_42,8.0,61
5600,1634,Season 8,1991-10-10,1991,wolle_season1_42,8.0,61
5599,1635,Season 8,1991-10-11,1991,wolle_season1_42,8.0,61
5598,1639,Season 8,1991-10-17,1991,wolle_season1_42,8.0,58
5597,1640,Season 8,1991-10-18,1991,wolle_season1_42,8.0,61
5596,1643,Season 8,1991-10-23,1991,wolle_season1_42,8.0,61
5595,1648,Season 8,1991-10-30,1991,wolle_season1_42,8.0,49
5594,1651,Season 8,1991-11-04,1991,wolle_season1_42,8.0,60
5593,1652,Season 8,1991-11-05,1991,wolle_season1_42,8.0,60
5592,1653,Season 8,1991-11-06,1991,wolle_season1_42,8.0,61
5591,1654,Season 8,1991-11-07,1991,wolle_season1_42,8.0,61
5590,1655,Season 8,1991-11-08,1991,wolle_season1_42,8.0,61
5589,1656,Season 8,1991-11-11,1991,wolle_season1_42,8.0,60
5588,1657,Season 8,1991-11-12,1991,wolle_season1_42,8.0,61
5587,1658,Season 8,1991-11-13,1991,wolle_season1_42,8.0,61
5586,1659,Season 8,1991-11-14,1991,wolle_season1_42,8.0,61
5585,1660,Season 8,1991-11-15,1991,wolle_season1_42,8.0,59
5584,1667,Season 8,1991-11-26,1991,wolle_season1_42,8.0,61
5583,1675,Season 8,1991-12-06,1991,wolle_season1_42,8.0,60
5582,1676,Season 8,1991-12-09,1991,wolle_season1_42,8.0,59
5581,1685,Season 8,1991-12-20,1991,wolle_season1_42,8.0,61
5580,1696,Season 8,1992-01-06,1992,wolle_season1_42,8.0,61
5579,1697,Season 8,1992-01-07,1992,wolle_season1_42,8.0,56
5578,1698,Season 8,1992-01-08,1992,wolle_season1_42,8.0,58
5577,1699,Season 8,1992-01-09,1992,wolle_season1_42,8.0,60
5576,1704,Season 8,1992-01-16,1992,wolle_season1_42,8.0,61
5575,1706,Season 8,1992-01-20,1992,wolle_season1_42,8.0,59
5574,1707,Season 8,1992-01-21,1992,wolle_season1_42,8.0,59
5573,1709,Season 8,1992-01-23,1992,wolle_season1_42,8.0,61
5572,1710,Season 8,1992-01-24,1992,wolle_season1_42,8.0,61
5571,1718,Season 8,1992-02-05,1992,wolle_season1_42,8.0,58
5570,1719,Season 8,1992-02-06,1992,wolle_season1_42,8.0,57
5569,1723,Season 8,1992-02-12,1992,wolle_season1_42,8.0,59
5568,1724,Season 8,1992-02-13,1992,wolle_season1_42,8.0,61
5567,1732,Season 8,1992-02-25,1992,wolle_season1_42,8.0,60
5566,1738,Season 8,1992-03-04,1992,wolle_season1_42,8.0,61
5565,1739,Season 8,1992-03-05,1992,wolle_season1_42,8.0,60
5564,1740,Season 8,1992-03-06,1992,wolle_season1_42,8.0,61
5563,1741,Season 8,1992-03-09,1992,wolle_season1_42,8.0,58
5562,1744,Season 8,1992-03-12,1992,wolle_season1_42,8.0,59
5561,1748,Season 8,1992-03-18,1992,wolle_season1_42,8.0,61
5560,1752,Season 8,1992-03-24,1992,wolle_season1_42,8.0,61
5559,1753,Season 8,1992-03-25,1992,wolle_season1_42,8.0,61
5558,1754,Season 8,1992-03-26,1992,wolle_season1_42,8.0,61
5557,1755,Season 8,1992-03-27,1992,wolle_season1_42,8.0,61
5556,1756,Season 8,1992-03-30,1992,wolle_season1_42,8.0,61
5555,1765,Season 8,1992-04-10,1992,wolle_season1_42,8.0,61
5554,1768,Season 8,1992-04-15,1992,wolle_season1_42,8.0,61
5553,1770,Season 8,1992-04-17,1992,wolle_season1_42,8.0,61
5552,1781,Season 8,1992-05-04,1992,wolle_season1_42,8.0,61
5551,1784,Season 8,1992-05-07,1992,wolle_season1_42,8.0,61
5550,1785,Season 8,1992-05-08,1992,wolle_season1_42,8.0,61
5549,1790,Season 8,1992-05-15,1992,wolle_season1_42,8.0,61
5548,1791,Season 8,1992-05-18,1992,wolle_season1_42,8.0,61
5547,1792,Season 8,1992-05-19,1992,wolle_season1_42,8.0,61
5546,1793,Season 8,1992-05-20,1992,wolle_season1_42,8.0,61
5545,1794,Season 8,1992-05-21,1992,wolle_season1_42,8.0,61
5544,1795,Season 8,1992-05-22,1992,wolle_season1_42,8.0,61
5543,1799,Season 8,1992-05-28,1992,wolle_season1_42,8.0,61
5542,1800,Season 8,1992-05-29,1992,wolle_season1_42,8.0,61
5541,1806,Season 8,1992-06-08,1992,wolle_season1_42,8.0,61
5540,1826,Season 8,1992-07-06,1992,wolle_season1_42,8.0,59
5539,1836,Season 9,1992-09-07,1992,wolle_season1_42,9.0,61
5538,1837,Season 9,1992-09-08,1992,wolle_season1_42,9.0,61
5537,1839,Season 9,1992-09-10,1992,wolle_season1_42,9.0,59
5536,1841,Season 9,1992-09-14,1992,wolle_season1_42,9.0,61
5535,1842,Season 9,1992-09-15,1992,wolle_season1_42,9.0,61
5534,1851,Season 9,1992-09-28,1992,wolle_season1_42,9.0,61
5533,1856,Season 9,1992-10-05,1992,wolle_season1_42,9.0,58
5532,1862,Season 9,1992-10-13,1992,wolle_season1_42,9.0,61
5531,1863,Season 9,1992-10-14,1992,wolle_season1_42,9.0,61
5530,1866,Season 9,1992-10-19,1992,wolle_season1_42,9.0,61
5529,1871,Season 9,1992-10-26,1992,wolle_season1_42,9.0,43
5528,1872,Season 9,1992-10-27,1992,wolle_season1_42,9.0,50
5527,1873,Season 9,1992-10-28,1992,wolle_season1_42,9.0,58
5526,1874,Season 9,1992-10-29,1992,wolle_season1_42,9.0,53
5525,1875,Season 9,1992-10-30,1992,wolle_season1_42,9.0,44
5524,1877,Season 9,1992-11-03,1992,wolle_season1_42,9.0,61
5523,1880,Season 9,1992-11-06,1992,wolle_season1_42,9.0,61
5522,1881,Season 9,1992-11-09,1992,wolle_season1_42,9.0,61
5521,1882,Season 9,1992-11-10,1992,wolle_season1_42,9.0,61
5520,1883,Season 9,1992-11-11,1992,wolle_season1_42,9.0,61
5519,1884,Season 9,1992-11-12,1992,wolle_season1_42,9.0,61
5518,1885,Season 9,1992-11-13,1992,wolle_season1_42,9.0,61
5517,1886,Season 9,1992-11-16,1992,wolle_season1_42,9.0,61
5516,1887,Season 9,1992-11-17,1992,wolle_season1_42,9.0,61
5515,1888,Season 9,1992-11-18,1992,wolle_season1_42,9.0,61
5514,1889,Season 9,1992-11-19,1992,wolle_season1_42,9.0,61
5513,1890,Season 9,1992-11-20,1992,wolle_season1_42,9.0,61
5512,1891,Season 9,1992-11-23,1992,wolle_season1_42,9.0,61
5511,1892,Season 9,1992-11-24,1992,wolle_season1_42,9.0,61
5510,1893,Season 9,1992-11-25,1992,wolle_season1_42,9.0,61
5509,1894,Season 9,1992-11-26,1992,wolle_season1_42,9.0,61
5508,1895,Season 9,1992-11-27,1992,wolle_season1_42,9.0,61
5507,1896,Season 9,1992-11-30,1992,wolle_season1_42,9.0,61
5506,1897,Season 9,1992-12-01,1992,wolle_season1_42,9.0,61
5505,1905,Season 9,1992-12-11,1992,wolle_season1_42,9.0,58
5504,1906,Season 9,1992-12-14,1992,wolle_season1_42,9.0,58
5503,1907,Season 9,1992-12-15,1992,wolle_season1_42,9.0,59
5502,1908,Season 9,1992-12-16,1992,wolle_season1_42,9.0,61
5501,1932,Season 9,1993-01-19,1993,wolle_season1_42,9.0,60
5500,1940,Season 9,1993-01-29,1993,wolle_season1_42,9.0,61
5499,1944,Season 9,1993-02-04,1993,wolle_season1_42,9.0,61
5498,1945,Season 9,1993-02-05,1993,wolle_season1_42,9.0,61
5497,1948,Season 9,1993-02-10,1993,wolle_season1_42,9.0,59
5496,1951,Season 9,1993-02-15,1993,wolle_season1_42,9.0,61
5495,1952,Season 9,1993-02-16,1993,wolle_season1_42,9.0,61
5494,1953,Season 9,1993-02-17,1993,wolle_season1_42,9.0,60
5493,1955,Season 9,1993-02-19,1993,wolle_season1_42,9.0,61
5492,1956,Season 9,1993-02-22,1993,wolle_season1_42,9.0,60
5491,1959,Season 9,1993-02-25,1993,wolle_season1_42,9.0,60
5490,1960,Season 9,1993-02-26,1993,wolle_season1_42,9.0,61
5489,1963,Season 9,1993-03-03,1993,wolle_season1_42,9.0,61
5488,1972,Season 9,1993-03-16,1993,wolle_season1_42,9.0,61
5487,1983,Season 9,1993-03-31,1993,wolle_season1_42,9.0,61
5486,1984,Season 9,1993-04-01,1993,wolle_season1_42,9.0,60
5485,1985,Season 9,1993-04-02,1993,wolle_season1_42,9.0,60
5484,1989,Season 9,1993-04-08,1993,wolle_season1_42,9.0,61
5483,2009,Season 9,1993-05-06,1993,wolle_season1_42,9.0,60
5482,2011,Season 9,1993-05-10,1993,wolle_season1_42,9.0,60
5481,2013,Season 9,1993-05-12,1993,wolle_season1_42,9.0,60
5480,2014,Season 9,1993-05-13,1993,wolle_season1_42,9.0,61
5479,2015,Season 9,1993-05-14,1993,wolle_season1_42,9.0,60
5478,2019,Season 9,1993-05-20,1993,wolle_season1_42,9.0,60
5477,2020,Season 9,1993-05-21,1993,wolle_season1_42,9.0,60
5476,2024,Season 9,1993-05-27,1993,wolle_season1_42,9.0,58
5475,2031,Season 9,1993-06-07,1993,wolle_season1_42,9.0,61
5474,2038,Season 9,1993-06-16,1993,wolle_season1_42,9.0,61
5473,2039,Season 9,1993-06-17,1993,wolle_season1_42,9.0,61
5472,2040,Season 9,1993-06-18,1993,wolle_season1_42,9.0,61
5471,2042,Season 9,1993-06-22,1993,wolle_season1_42,9.0,61
5470,2046,Season 9,1993-06-28,1993,wolle_season1_42,9.0,61
5469,2047,Season 9,1993-06-29,1993,wolle_season1_42,9.0,61
5468,2048,Season 9,1993-06-30,1993,wolle_season1_42,9.0,61
5467,2049,Season 9,1993-07-01,1993,wolle_season1_42,9.0,61
5466,2050,Season 9,1993-07-02,1993,wolle_season1_42,9.0,60
5465,2051,Season 9,1993-07-05,1993,wolle_season1_42,9.0,61
5464,2052,Season 9,1993-07-06,1993,wolle_season1_42,9.0,61
5463,2053,Season 9,1993-07-07,1993,wolle_season1_42,9.0,55
5462,2055,Season 9,1993-07-09,1993,wolle_season1_42,9.0,61
5461,2056,Season 9,1993-07-12,1993,wolle_season1_42,9.0,61
5460,2057,Season 9,1993-07-13,1993,wolle_season1_42,9.0,60
5459,2058,Season 9,1993-07-14,1993,wolle_season1_42,9.0,61
5458,2066,Season 10,1993-09-06,1993,wolle_season1_42,10.0,61
5457,2078,Season 10,1993-09-22,1993,wolle_season1_42,10.0,61
5456,2079,Season 10,1993-09-23,1993,wolle_season1_42,10.0,61
5455,2080,Season 10,1993-09-24,1993,wolle_season1_42,10.0,61
5454,2081,Season 10,1993-09-27,1993,wolle_season1_42,10.0,57
5453,2082,Season 10,1993-09-28,1993,wolle_season1_42,10.0,60
5452,2083,Season 10,1993-09-29,1993,wolle_season1_42,10.0,61
5451,2084,Season 10,1993-09-30,1993,wolle_season1_42,10.0,61
5450,2085,Season 10,1993-10-01,1993,wolle_season1_42,10.0,58
5449,2086,Season 10,1993-10-04,1993,wolle_season1_42,10.0,58
5448,2088,Season 10,1993-10-06,1993,wolle_season1_42,10.0,61
5447,2102,Season 10,1993-10-26,1993,wolle_season1_42,10.0,61
5446,2103,Season 10,1993-10-27,1993,wolle_season1_42,10.0,60
5445,2107,Season 10,1993-11-02,1993,wolle_season1_42,10.0,57
5444,2108,Season 10,1993-11-03,1993,wolle_season1_42,10.0,61
5443,2111,Season 10,1993-11-08,1993,wolle_season1_42,10.0,54
5442,2112,Season 10,1993-11-09,1993,wolle_season1_42,10.0,51
5441,2113,Season 10,1993-11-10,1993,wolle_season1_42,10.0,42
5440,2114,Season 10,1993-11-11,1993,wolle_season1_42,10.0,52
5439,2115,Season 10,1993-11-12,1993,wolle_season1_42,10.0,55
5438,2116,Season 10,1993-11-15,1993,wolle_season1_42,10.0,61
5437,2117,Season 10,1993-11-16,1993,wolle_season1_42,10.0,60
5436,2118,Season 10,1993-11-17,1993,wolle_season1_42,10.0,61
5435,2119,Season 10,1993-11-18,1993,wolle_season1_42,10.0,61
5434,2120,Season 10,1993-11-19,1993,wolle_season1_42,10.0,61
5433,2121,Season 10,1993-11-22,1993,wolle_season1_42,10.0,56
5432,2122,Season 10,1993-11-23,1993,wolle_season1_42,10.0,61
5431,2123,Season 10,1993-11-24,1993,wolle_season1_42,10.0,60
5430,2124,Season 10,1993-11-25,1993,wolle_season1_42,10.0,61
5429,2125,Season 10,1993-11-26,1993,wolle_season1_42,10.0,61
5428,2126,Season 10,1993-11-29,1993,wolle_season1_42,10.0,61
5427,2127,Season 10,1993-11-30,1993,wolle_season1_42,10.0,61
5426,2128,Season 10,1993-12-01,1993,wolle_season1_42,10.0,61
5425,2129,Season 10,1993-12-02,1993,wolle_season1_42,10.0,61
5424,2130,Season 10,1993-12-03,1993,wolle_season1_42,10.0,61
5423,2143,Season 10,1993-12-22,1993,wolle_season1_42,10.0,61
5422,2150,Season 10,1993-12-31,1993,wolle_season1_42,10.0,61
5421,2155,Season 10,1994-01-07,1994,wolle_season1_42,10.0,61
5420,2156,Season 10,1994-01-10,1994,wolle_season1_42,10.0,61
5419,2157,Season 10,1994-01-11,1994,wolle_season1_42,10.0,61
5418,2164,Season 10,1994-01-20,1994,wolle_season1_42,10.0,61
5417,2165,Season 10,1994-01-21,1994,wolle_season1_42,10.0,61
5416,2166,Season 10,1994-01-24,1994,wolle_season1_42,10.0,58
5415,2167,Season 10,1994-01-25,1994,wolle_season1_42,10.0,58
5414,2173,Season 10,1994-02-02,1994,wolle_season1_42,10.0,58
5413,2174,Season 10,1994-02-03,1994,wolle_season1_42,10.0,61
5412,2182,Season 10,1994-02-15,1994,wolle_season1_42,10.0,61
5411,2185,Season 10,1994-02-18,1994,wolle_season1_42,10.0,61
5410,2207,Season 10,1994-03-22,1994,wolle_season1_42,10.0,61
5409,2230,Season 10,1994-04-22,1994,wolle_season1_42,10.0,61
5408,2236,Season 10,1994-05-02,1994,wolle_season1_42,10.0,59
5407,2238,Season 10,1994-05-04,1994,wolle_season1_42,10.0,61
5406,2241,Season 10,1994-05-09,1994,wolle_season1_42,10.0,61
5405,2246,Season 10,1994-05-16,1994,wolle_season1_42,10.0,59
5404,2251,Season 10,1994-05-23,1994,wolle_season1_42,10.0,61
5403,2286,Season 10,1994-07-11,1994,wolle_season1_42,10.0,60
5402,2296,Season 11,1994-09-05,1994,wolle_season1_42,11.0,61
5401,2298,Season 11,1994-09-07,1994,wolle_season1_42,11.0,61
5400,2302,Season 11,1994-09-13,1994,wolle_season1_42,11.0,61
5399,2307,Season 11,1994-09-20,1994,wolle_season1_42,11.0,61
5398,2320,Season 11,1994-10-07,1994,wolle_season1_42,11.0,61
5397,2334,Season 11,1994-10-27,1994,wolle_season1_42,11.0,61
5396,2339,Season 11,1994-11-03,1994,wolle_season1_42,11.0,61
5395,2340,Season 11,1994-11-04,1994,wolle_season1_42,11.0,61
5394,2341,Season 11,1994-11-07,1994,wolle_season1_42,11.0,49
5393,2342,Season 11,1994-11-08,1994,wolle_season1_42,11.0,53
5392,2343,Season 11,1994-11-09,1994,wolle_season1_42,11.0,54
5391,2344,Season 11,1994-11-10,1994,wolle_season1_42,11.0,59
5390,2345,Season 11,1994-11-11,1994,wolle_season1_42,11.0,53
5389,2346,Season 11,1994-11-14,1994,wolle_season1_42,11.0,61
5388,2347,Season 11,1994-11-15,1994,wolle_season1_42,11.0,61
5387,2348,Season 11,1994-11-16,1994,wolle_season1_42,11.0,60
5386,2349,Season 11,1994-11-17,1994,wolle_season1_42,11.0,61
5385,2350,Season 11,1994-11-18,1994,wolle_season1_42,11.0,58
5384,2351,Season 11,1994-11-21,1994,wolle_season1_42,11.0,61
5383,2352,Season 11,1994-11-22,1994,wolle_season1_42,11.0,61
5382,2353,Season 11,1994-11-23,1994,wolle_season1_42,11.0,61
5381,2354,Season 11,1994-11-24,1994,wolle_season1_42,11.0,59
5380,2355,Season 11,1994-11-25,1994,wolle_season1_42,11.0,61
5379,2357,Season 11,1994-11-29,1994,wolle_season1_42,11.0,61
5378,2358,Season 11,1994-11-30,1994,wolle_season1_42,11.0,61
5377,2371,Season 11,1994-12-19,1994,wolle_season1_42,11.0,61
5376,2372,Season 11,1994-12-20,1994,wolle_season1_42,11.0,61
5375,2373,Season 11,1994-12-21,1994,wolle_season1_42,11.0,61
5374,2374,Season 11,1994-12-22,1994,wolle_season1_42,11.0,61
5373,2378,Season 11,1994-12-28,1994,wolle_season1_42,11.0,57
5372,2387,Season 11,1995-01-10,1995,wolle_season1_42,11.0,61
5371,2400,Season 11,1995-01-27,1995,wolle_season1_42,11.0,60
5370,2414,Season 11,1995-02-16,1995,wolle_season1_42,11.0,61
5369,2415,Season 11,1995-02-17,1995,wolle_season1_42,11.0,61
5368,2416,Season 11,1995-02-20,1995,wolle_season1_42,11.0,61
5367,2444,Season 11,1995-03-30,1995,wolle_season1_42,11.0,59
5366,2445,Season 11,1995-03-31,1995,wolle_season1_42,11.0,61
5365,2446,Season 11,1995-04-03,1995,wolle_season1_42,11.0,61
5364,2453,Season 11,1995-04-12,1995,wolle_season1_42,11.0,61
5363,2463,Season 11,1995-04-26,1995,wolle_season1_42,11.0,61
5362,2464,Season 11,1995-04-27,1995,wolle_season1_42,11.0,61
5361,2466,Season 11,1995-05-01,1995,wolle_season1_42,11.0,60
5360,2469,Season 11,1995-05-04,1995,wolle_season1_42,11.0,61
5359,2474,Season 11,1995-05-11,1995,wolle_season1_42,11.0,61
5358,2487,Season 11,1995-05-30,1995,wolle_season1_42,11.0,61
5357,2500,Season 11,1995-06-16,1995,wolle_season1_42,11.0,61
5356,2501,Season 11,1995-06-19,1995,wolle_season1_42,11.0,61
5355,2509,Season 11,1995-06-29,1995,wolle_season1_42,11.0,61
5354,2512,Season 11,1995-07-04,1995,wolle_season1_42,11.0,61
5353,2513,Season 11,1995-07-05,1995,wolle_season1_42,11.0,61
5352,2514,Season 11,1995-07-06,1995,wolle_season1_42,11.0,61
5351,2515,Season 11,1995-07-07,1995,wolle_season1_42,11.0,57
5350,2524,Season 11,1995-07-20,1995,wolle_season1_42,11.0,61
5349,2525,Season 11,1995-07-21,1995,wolle_season1_42,11.0,61
5348,2526,Season 12,1995-09-04,1995,wolle_season1_42,12.0,61
5347,2528,Season 12,1995-09-06,1995,wolle_season1_42,12.0,61
5346,2529,Season 12,1995-09-07,1995,wolle_season1_42,12.0,59
5345,2535,Season 12,1995-09-15,1995,wolle_season1_42,12.0,61
5344,2537,Season 12,1995-09-19,1995,wolle_season1_42,12.0,61
5343,2541,Season 12,1995-09-25,1995,wolle_season1_42,12.0,61
5342,2543,Season 12,1995-09-27,1995,wolle_season1_42,12.0,61
5341,2550,Season 12,1995-10-06,1995,wolle_season1_42,12.0,61
5340,2558,Season 12,1995-10-18,1995,wolle_season1_42,12.0,60
5339,2571,Season 12,1995-11-06,1995,wolle_season1_42,12.0,53
5338,2572,Season 12,1995-11-07,1995,wolle_season1_42,12.0,52
5337,2573,Season 12,1995-11-08,1995,wolle_season1_42,12.0,50
5336,2574,Season 12,1995-11-09,1995,wolle_season1_42,12.0,54
5335,2575,Season 12,1995-11-10,1995,wolle_season1_42,12.0,48
5334,2576,Season 12,1995-11-13,1995,wolle_season1_42,12.0,61
5333,2577,Season 12,1995-11-14,1995,wolle_season1_42,12.0,61
5332,2578,Season 12,1995-11-15,1995,wolle_season1_42,12.0,61
5331,2579,Season 12,1995-11-16,1995,wolle_season1_42,12.0,61
5330,2580,Season 12,1995-11-17,1995,wolle_season1_42,12.0,61
5329,2581,Season 12,1995-11-20,1995,wolle_season1_42,12.0,61
5328,2582,Season 12,1995-11-21,1995,wolle_season1_42,12.0,61
5327,2583,Season 12,1995-11-22,1995,wolle_season1_42,12.0,61
5326,2584,Season 12,1995-11-23,1995,wolle_season1_42,12.0,60
5325,2585,Season 12,1995-11-24,1995,wolle_season1_42,12.0,61
5324,2590,Season 12,1995-12-01,1995,wolle_season1_42,12.0,61
5323,2595,Season 12,1995-12-08,1995,wolle_season1_42,12.0,60
5322,2596,Season 12,1995-12-11,1995,wolle_season1_42,12.0,61
5321,2597,Season 12,1995-12-12,1995,wolle_season1_42,12.0,60
5320,2598,Season 12,1995-12-13,1995,wolle_season1_42,12.0,61
5319,2606,Season 12,1995-12-25,1995,wolle_season1_42,12.0,59
5318,2607,Season 12,1995-12-26,1995,wolle_season1_42,12.0,61
5317,2610,Season 12,1995-12-29,1995,wolle_season1_42,12.0,61
5316,2612,Season 12,1996-01-02,1996,wolle_season1_42,12.0,61
5315,2613,Season 12,1996-01-03,1996,wolle_season1_42,12.0,61
5314,2616,Season 12,1996-01-08,1996,wolle_season1_42,12.0,60
5313,2619,Season 12,1996-01-11,1996,wolle_season1_42,12.0,61
5312,2620,Season 12,1996-01-12,1996,wolle_season1_42,12.0,59
5311,2621,Season 12,1996-01-15,1996,wolle_season1_42,12.0,61
5310,2622,Season 12,1996-01-16,1996,wolle_season1_42,12.0,59
5309,2623,Season 12,1996-01-17,1996,wolle_season1_42,12.0,59
5308,2624,Season 12,1996-01-18,1996,wolle_season1_42,12.0,60
5307,2625,Season 12,1996-01-19,1996,wolle_season1_42,12.0,60
5306,2627,Season 12,1996-01-23,1996,wolle_season1_42,12.0,58
5305,2628,Season 12,1996-01-24,1996,wolle_season1_42,12.0,61
5304,2629,Season 12,1996-01-25,1996,wolle_season1_42,12.0,57
5303,2630,Season 12,1996-01-26,1996,wolle_season1_42,12.0,61
5302,2631,Season 12,1996-01-29,1996,wolle_season1_42,12.0,61
5301,2632,Season 12,1996-01-30,1996,wolle_season1_42,12.0,61
5300,2633,Season 12,1996-01-31,1996,wolle_season1_42,12.0,61
5299,2634,Season 12,1996-02-01,1996,wolle_season1_42,12.0,61
5298,2635,Season 12,1996-02-02,1996,wolle_season1_42,12.0,61
5297,2641,Season 12,1996-02-12,1996,wolle_season1_42,12.0,60
5296,2643,Season 12,1996-02-14,1996,wolle_season1_42,12.0,61
5295,2646,Season 12,1996-02-19,1996,wolle_season1_42,12.0,61
5294,2647,Season 12,1996-02-20,1996,wolle_season1_42,12.0,61
5293,2648,Season 12,1996-02-21,1996,wolle_season1_42,12.0,61
5292,2649,Season 12,1996-02-22,1996,wolle_season1_42,12.0,61
5291,2650,Season 12,1996-02-23,1996,wolle_season1_42,12.0,55
5290,2669,Season 12,1996-03-21,1996,wolle_season1_42,12.0,61
5289,2670,Season 12,1996-03-22,1996,wolle_season1_42,12.0,61
5288,2672,Season 12,1996-03-26,1996,wolle_season1_42,12.0,59
5287,2673,Season 12,1996-03-27,1996,wolle_season1_42,12.0,60
5286,2674,Season 12,1996-03-28,1996,wolle_season1_42,12.0,60
5285,2676,Season 12,1996-04-01,1996,wolle_season1_42,12.0,61
5284,2677,Season 12,1996-04-02,1996,wolle_season1_42,12.0,56
5283,2678,Season 12,1996-04-03,1996,wolle_season1_42,12.0,61
5282,2679,Season 12,1996-04-04,1996,wolle_season1_42,12.0,61
5281,2680,Season 12,1996-04-05,1996,wolle_season1_42,12.0,61
5280,2682,Season 12,1996-04-09,1996,wolle_season1_42,12.0,61
5279,2683,Season 12,1996-04-10,1996,wolle_season1_42,12.0,61
5278,2684,Season 12,1996-04-11,1996,wolle_season1_42,12.0,61
5277,2685,Season 12,1996-04-12,1996,wolle_season1_42,12.0,61
5276,2686,Season 12,1996-04-15,1996,wolle_season1_42,12.0,61
5275,2689,Season 12,1996-04-18,1996,wolle_season1_42,12.0,61
5274,2695,Season 12,1996-04-26,1996,wolle_season1_42,12.0,60
5273,2697,Season 12,1996-04-30,1996,wolle_season1_42,12.0,61
5272,2698,Season 12,1996-05-01,1996,wolle_season1_42,12.0,61
5271,2700,Season 12,1996-05-03,1996,wolle_season1_42,12.0,59
5270,2703,Season 12,1996-05-08,1996,wolle_season1_42,12.0,61
5269,2710,Season 12,1996-05-17,1996,wolle_season1_42,12.0,61
5268,2712,Season 12,1996-05-21,1996,wolle_season1_42,12.0,60
5267,2713,Season 12,1996-05-22,1996,wolle_season1_42,12.0,61
5266,2714,Season 12,1996-05-23,1996,wolle_season1_42,12.0,60
5265,2716,Season 12,1996-05-27,1996,wolle_season1_42,12.0,56
5264,2717,Season 12,1996-05-28,1996,wolle_season1_42,12.0,56
5263,2726,Season 12,1996-06-10,1996,wolle_season1_42,12.0,61
5262,2727,Season 12,1996-06-11,1996,wolle_season1_42,12.0,59
5261,2728,Season 12,1996-06-12,1996,wolle_season1_42,12.0,61
5260,2729,Season 12,1996-06-13,1996,wolle_season1_42,12.0,60
5259,2730,Season 12,1996-06-14,1996,wolle_season1_42,12.0,61
5258,2731,Season 12,1996-06-17,1996,wolle_season1_42,12.0,60
5257,2732,Season 12,1996-06-18,1996,wolle_season1_42,12.0,61
5256,2733,Season 12,1996-06-19,1996,wolle_season1_42,12.0,61
5255,2734,Season 12,1996-06-20,1996,wolle_season1_42,12.0,59
5254,2735,Season 12,1996-06-21,1996,wolle_season1_42,12.0,61
5253,2736,Season 12,1996-06-24,1996,wolle_season1_42,12.0,61
5252,2737,Season 12,1996-06-25,1996,wolle_season1_42,12.0,61
5251,2739,Season 12,1996-06-27,1996,wolle_season1_42,12.0,60
5250,2742,Season 12,1996-07-02,1996,wolle_season1_42,12.0,59
5249,2747,Season 12,1996-07-09,1996,wolle_season1_42,12.0,59
5248,2749,Season 12,1996-07-11,1996,wolle_season1_42,12.0,61
5247,2751,Season 12,1996-07-15,1996,wolle_season1_42,12.0,53
5246,2752,Season 12,1996-07-16,1996,wolle_season1_42,12.0,58
5245,2753,Season 12,1996-07-17,1996,wolle_season1_42,12.0,55
5244,2754,Season 12,1996-07-18,1996,wolle_season1_42,12.0,58
5243,2756,Season 13,1996-09-02,1996,wolle_season1_42,13.0,61
5242,2758,Season 13,1996-09-04,1996,wolle_season1_42,13.0,60
5241,2759,Season 13,1996-09-05,1996,wolle_season1_42,13.0,59
5240,2760,Season 13,1996-09-06,1996,wolle_season1_42,13.0,59
5239,2762,Season 13,1996-09-10,1996,wolle_season1_42,13.0,58
5238,2765,Season 13,1996-09-13,1996,wolle_season1_42,13.0,61
5237,2767,Season 13,1996-09-17,1996,wolle_season1_42,13.0,60
5236,2769,Season 13,1996-09-19,1996,wolle_season1_42,13.0,61
5235,2770,Season 13,1996-09-20,1996,wolle_season1_42,13.0,60
5234,2771,Season 13,1996-09-23,1996,wolle_season1_42,13.0,60
5233,2775,Season 13,1996-09-27,1996,wolle_season1_42,13.0,60
5232,2776,Season 13,1996-09-30,1996,wolle_season1_42,13.0,60
5231,2777,Season 13,1996-10-01,1996,wolle_season1_42,13.0,56
5230,2778,Season 13,1996-10-02,1996,wolle_season1_42,13.0,61
5229,2779,Season 13,1996-10-03,1996,wolle_season1_42,13.0,61
5228,2780,Season 13,1996-10-04,1996,wolle_season1_42,13.0,61
5227,2781,Season 13,1996-10-07,1996,wolle_season1_42,13.0,58
5226,2782,Season 13,1996-10-08,1996,wolle_season1_42,13.0,60
5225,2783,Season 13,1996-10-09,1996,wolle_season1_42,13.0,60
5224,2784,Season 13,1996-10-10,1996,wolle_season1_42,13.0,60
5223,2785,Season 13,1996-10-11,1996,wolle_season1_42,13.0,60
5222,2786,Season 13,1996-10-14,1996,wolle_season1_42,13.0,60
5221,2787,Season 13,1996-10-15,1996,wolle_season1_42,13.0,61
5220,2788,Season 13,1996-10-16,1996,wolle_season1_42,13.0,57
5219,2791,Season 13,1996-10-21,1996,wolle_season1_42,13.0,58
5218,2797,Season 13,1996-10-29,1996,wolle_season1_42,13.0,60
5217,2798,Season 13,1996-10-30,1996,wolle_season1_42,13.0,60
5216,2800,Season 13,1996-11-01,1996,wolle_season1_42,13.0,60
5215,2801,Season 13,1996-11-04,1996,wolle_season1_42,13.0,57
5214,2804,Season 13,1996-11-07,1996,wolle_season1_42,13.0,61
5213,2805,Season 13,1996-11-08,1996,wolle_season1_42,13.0,57
5212,2806,Season 13,1996-11-11,1996,wolle_season1_42,13.0,51
5211,2807,Season 13,1996-11-12,1996,wolle_season1_42,13.0,49
5210,2808,Season 13,1996-11-13,1996,wolle_season1_42,13.0,44
5209,2809,Season 13,1996-11-14,1996,wolle_season1_42,13.0,44
5208,2810,Season 13,1996-11-15,1996,wolle_season1_42,13.0,49
5207,2811,Season 13,1996-11-18,1996,wolle_season1_42,13.0,61
5206,2812,Season 13,1996-11-19,1996,wolle_season1_42,13.0,60
5205,2813,Season 13,1996-11-20,1996,wolle_season1_42,13.0,61
5204,2814,Season 13,1996-11-21,1996,wolle_season1_42,13.0,61
5203,2815,Season 13,1996-11-22,1996,wolle_season1_42,13.0,60
5202,2816,Season 13,1996-11-25,1996,wolle_season1_42,13.0,61
5201,2817,Season 13,1996-11-26,1996,wolle_season1_42,13.0,60
5200,2818,Season 13,1996-11-27,1996,wolle_season1_42,13.0,60
5199,2819,Season 13,1996-11-28,1996,wolle_season1_42,13.0,61
5198,2820,Season 13,1996-11-29,1996,wolle_season1_42,13.0,61
5197,2821,Season 13,1996-12-02,1996,wolle_season1_42,13.0,60
5196,2822,Season 13,1996-12-03,1996,wolle_season1_42,13.0,57
5195,2823,Season 13,1996-12-04,1996,wolle_season1_42,13.0,59
5194,2824,Season 13,1996-12-05,1996,wolle_season1_42,13.0,59
5193,2825,Season 13,1996-12-06,1996,wolle_season1_42,13.0,60
5192,2826,Season 13,1996-12-09,1996,wolle_season1_42,13.0,59
5191,2827,Season 13,1996-12-10,1996,wolle_season1_42,13.0,59
5190,2828,Season 13,1996-12-11,1996,wolle_season1_42,13.0,59
5189,2829,Season 13,1996-12-12,1996,wolle_season1_42,13.0,59
5188,2830,Season 13,1996-12-13,1996,wolle_season1_42,13.0,61
5187,2831,Season 13,1996-12-16,1996,wolle_season1_42,13.0,61
5186,2832,Season 13,1996-12-17,1996,wolle_season1_42,13.0,57
5185,2833,Season 13,1996-12-18,1996,wolle_season1_42,13.0,61
5184,2834,Season 13,1996-12-19,1996,wolle_season1_42,13.0,60
5183,2835,Season 13,1996-12-20,1996,wolle_season1_42,13.0,57
5182,2836,Season 13,1996-12-23,1996,wolle_season1_42,13.0,61
5181,2837,Season 13,1996-12-24,1996,wolle_season1_42,13.0,60
5180,2838,Season 13,1996-12-25,1996,wolle_season1_42,13.0,59
5179,2839,Season 13,1996-12-26,1996,wolle_season1_42,13.0,55
5178,2840,Season 13,1996-12-27,1996,wolle_season1_42,13.0,57
5177,2841,Season 13,1996-12-30,1996,wolle_season1_42,13.0,60
5176,2842,Season 13,1996-12-31,1996,wolle_season1_42,13.0,60
5175,2843,Season 13,1997-01-01,1997,wolle_season1_42,13.0,61
5174,2844,Season 13,1997-01-02,1997,wolle_season1_42,13.0,59
5173,2845,Season 13,1997-01-03,1997,wolle_season1_42,13.0,59
5172,2846,Season 13,1997-01-06,1997,wolle_season1_42,13.0,60
5171,2847,Season 13,1997-01-07,1997,wolle_season1_42,13.0,56
5170,2848,Season 13,1997-01-08,1997,wolle_season1_42,13.0,60
5169,2849,Season 13,1997-01-09,1997,wolle_season1_42,13.0,58
5168,2850,Season 13,1997-01-10,1997,wolle_season1_42,13.0,60
5167,2851,Season 13,1997-01-13,1997,wolle_season1_42,13.0,56
5166,2852,Season 13,1997-01-14,1997,wolle_season1_42,13.0,59
5165,2853,Season 13,1997-01-15,1997,wolle_season1_42,13.0,56
5164,2854,Season 13,1997-01-16,1997,wolle_season1_42,13.0,59
5163,2855,Season 13,1997-01-17,1997,wolle_season1_42,13.0,59
5162,2856,Season 13,1997-01-20,1997,wolle_season1_42,13.0,61
5161,2857,Season 13,1997-01-21,1997,wolle_season1_42,13.0,60
5160,2858,Season 13,1997-01-22,1997,wolle_season1_42,13.0,61
5159,2860,Season 13,1997-01-24,1997,wolle_season1_42,13.0,59
5158,2861,Season 13,1997-01-27,1997,wolle_season1_42,13.0,61
5157,2862,Season 13,1997-01-28,1997,wolle_season1_42,13.0,61
5156,2863,Season 13,1997-01-29,1997,wolle_season1_42,13.0,60
5155,2864,Season 13,1997-01-30,1997,wolle_season1_42,13.0,61
5154,2865,Season 13,1997-01-31,1997,wolle_season1_42,13.0,60
5153,2866,Season 13,1997-02-03,1997,wolle_season1_42,13.0,61
5152,2867,Season 13,1997-02-04,1997,wolle_season1_42,13.0,60
5151,2868,Season 13,1997-02-05,1997,wolle_season1_42,13.0,60
5150,2869,Season 13,1997-02-06,1997,wolle_season1_42,13.0,60
5149,2870,Season 13,1997-02-07,1997,wolle_season1_42,13.0,60
5148,2871,Season 13,1997-02-10,1997,wolle_season1_42,13.0,61
5147,2872,Season 13,1997-02-11,1997,wolle_season1_42,13.0,60
5146,2873,Season 13,1997-02-12,1997,wolle_season1_42,13.0,60
5145,2874,Season 13,1997-02-13,1997,wolle_season1_42,13.0,61
5144,2875,Season 13,1997-02-14,1997,wolle_season1_42,13.0,61
5143,2876,Season 13,1997-02-17,1997,wolle_season1_42,13.0,61
5142,2877,Season 13,1997-02-18,1997,wolle_season1_42,13.0,61
5141,2878,Season 13,1997-02-19,1997,wolle_season1_42,13.0,60
5140,2879,Season 13,1997-02-20,1997,wolle_season1_42,13.0,60
5139,2880,Season 13,1997-02-21,1997,wolle_season1_42,13.0,61
5138,2881,Season 13,1997-02-24,1997,wolle_season1_42,13.0,61
5137,2882,Season 13,1997-02-25,1997,wolle_season1_42,13.0,61
5136,2883,Season 13,1997-02-26,1997,wolle_season1_42,13.0,61
5135,2884,Season 13,1997-02-27,1997,wolle_season1_42,13.0,61
5134,2885,Season 13,1997-02-28,1997,wolle_season1_42,13.0,61
5133,2886,Season 13,1997-03-03,1997,wolle_season1_42,13.0,61
5132,2887,Season 13,1997-03-04,1997,wolle_season1_42,13.0,61
5131,2889,Season 13,1997-03-06,1997,wolle_season1_42,13.0,59
5130,2890,Season 13,1997-03-07,1997,wolle_season1_42,13.0,59
5129,2891,Season 13,1997-03-10,1997,wolle_season1_42,13.0,60
5128,2893,Season 13,1997-03-12,1997,wolle_season1_42,13.0,60
5127,2894,Season 13,1997-03-13,1997,wolle_season1_42,13.0,57
5126,2895,Season 13,1997-03-14,1997,wolle_season1_42,13.0,60
5125,2896,Season 13,1997-03-17,1997,wolle_season1_42,13.0,61
5124,2897,Season 13,1997-03-18,1997,wolle_season1_42,13.0,59
5123,2898,Season 13,1997-03-19,1997,wolle_season1_42,13.0,57
5122,2899,Season 13,1997-03-20,1997,wolle_season1_42,13.0,58
5121,2900,Season 13,1997-03-21,1997,wolle_season1_42,13.0,59
5120,2901,Season 13,1997-03-24,1997,wolle_season1_42,13.0,61
5119,2902,Season 13,1997-03-25,1997,wolle_season1_42,13.0,57
5118,2903,Season 13,1997-03-26,1997,wolle_season1_42,13.0,57
5117,2904,Season 13,1997-03-27,1997,wolle_season1_42,13.0,61
5116,2905,Season 13,1997-03-28,1997,wolle_season1_42,13.0,61
5115,2906,Season 13,1997-03-31,1997,wolle_season1_42,13.0,55
5114,2907,Season 13,1997-04-01,1997,wolle_season1_42,13.0,56
5113,2908,Season 13,1997-04-02,1997,wolle_season1_42,13.0,61
5112,2909,Season 13,1997-04-03,1997,wolle_season1_42,13.0,58
5111,2910,Season 13,1997-04-04,1997,wolle_season1_42,13.0,60
5110,2911,Season 13,1997-04-07,1997,wolle_season1_42,13.0,60
5109,2912,Season 13,1997-04-08,1997,wolle_season1_42,13.0,61
5108,2913,Season 13,1997-04-09,1997,wolle_season1_42,13.0,60
5107,2914,Season 13,1997-04-10,1997,wolle_season1_42,13.0,60
5106,2915,Season 13,1997-04-11,1997,wolle_season1_42,13.0,56
5105,2916,Season 13,1997-04-14,1997,wolle_season1_42,13.0,61
5104,2918,Season 13,1997-04-16,1997,wolle_season1_42,13.0,60
5103,2919,Season 13,1997-04-17,1997,wolle_season1_42,13.0,60
5102,2920,Season 13,1997-04-18,1997,wolle_season1_42,13.0,58
5101,2921,Season 13,1997-04-21,1997,wolle_season1_42,13.0,60
5100,2922,Season 13,1997-04-22,1997,wolle_season1_42,13.0,61
5099,2923,Season 13,1997-04-23,1997,wolle_season1_42,13.0,60
5098,2924,Season 13,1997-04-24,1997,wolle_season1_42,13.0,60
5097,2925,Season 13,1997-04-25,1997,wolle_season1_42,13.0,61
5096,2926,Season 13,1997-04-28,1997,wolle_season1_42,13.0,51
5095,2927,Season 13,1997-04-29,1997,wolle_season1_42,13.0,50
5094,2928,Season 13,1997-04-30,1997,wolle_season1_42,13.0,55
5093,2929,Season 13,1997-05-01,1997,wolle_season1_42,13.0,60
5092,2930,Season 13,1997-05-02,1997,wolle_season1_42,13.0,51
5091,2931,Season 13,1997-05-05,1997,wolle_season1_42,13.0,53
5090,2932,Season 13,1997-05-06,1997,wolle_season1_42,13.0,59
5089,2933,Season 13,1997-05-07,1997,wolle_season1_42,13.0,59
5088,2934,Season 13,1997-05-08,1997,wolle_season1_42,13.0,60
5087,2935,Season 13,1997-05-09,1997,wolle_season1_42,13.0,61
5086,2936,Season 13,1997-05-12,1997,wolle_season1_42,13.0,61
5085,2937,Season 13,1997-05-13,1997,wolle_season1_42,13.0,61
5084,2938,Season 13,1997-05-14,1997,wolle_season1_42,13.0,61
5083,2939,Season 13,1997-05-15,1997,wolle_season1_42,13.0,60
5082,2940,Season 13,1997-05-16,1997,wolle_season1_42,13.0,61
5081,2941,Season 13,1997-05-19,1997,wolle_season1_42,13.0,61
5080,2942,Season 13,1997-05-20,1997,wolle_season1_42,13.0,61
5079,2943,Season 13,1997-05-21,1997,wolle_season1_42,13.0,60
5078,2944,Season 13,1997-05-22,1997,wolle_season1_42,13.0,61
5077,2945,Season 13,1997-05-23,1997,wolle_season1_42,13.0,61
5076,2946,Season 13,1997-05-26,1997,wolle_season1_42,13.0,60
5075,2947,Season 13,1997-05-27,1997,wolle_season1_42,13.0,61
5074,2948,Season 13,1997-05-28,1997,wolle_season1_42,13.0,60
5073,2949,Season 13,1997-05-29,1997,wolle_season1_42,13.0,57
5072,2950,Season 13,1997-05-30,1997,wolle_season1_42,13.0,61
5071,2951,Season 13,1997-06-02,1997,wolle_season1_42,13.0,61
5070,2952,Season 13,1997-06-03,1997,wolle_season1_42,13.0,61
5069,2953,Season 13,1997-06-04,1997,wolle_season1_42,13.0,61
5068,2954,Season 13,1997-06-05,1997,wolle_season1_42,13.0,61
5067,2955,Season 13,1997-06-06,1997,wolle_season1_42,13.0,61
5066,2956,Season 13,1997-06-09,1997,wolle_season1_42,13.0,61
5065,2957,Season 13,1997-06-10,1997,wolle_season1_42,13.0,60
5064,2958,Season 13,1997-06-11,1997,wolle_season1_42,13.0,60
5063,2959,Season 13,1997-06-12,1997,wolle_season1_42,13.0,61
5062,2960,Season 13,1997-06-13,1997,wolle_season1_42,13.0,61
5061,2961,Season 13,1997-06-16,1997,wolle_season1_42,13.0,60
5060,2962,Season 13,1997-06-17,1997,wolle_season1_42,13.0,60
5059,2963,Season 13,1997-06-18,1997,wolle_season1_42,13.0,61
5058,2964,Season 13,1997-06-19,1997,wolle_season1_42,13.0,55
5057,2965,Season 13,1997-06-20,1997,wolle_season1_42,13.0,60
5056,2966,Season 13,1997-06-23,1997,wolle_season1_42,13.0,60
5055,2967,Season 13,1997-06-24,1997,wolle_season1_42,13.0,57
5054,2968,Season 13,1997-06-25,1997,wolle_season1_42,13.0,61
5053,2969,Season 13,1997-06-26,1997,wolle_season1_42,13.0,60
5052,2970,Season 13,1997-06-27,1997,wolle_season1_42,13.0,60
5051,2971,Season 13,1997-06-30,1997,wolle_season1_42,13.0,61
5050,2972,Season 13,1997-07-01,1997,wolle_season1_42,13.0,61
5049,2973,Season 13,1997-07-02,1997,wolle_season1_42,13.0,60
5048,2974,Season 13,1997-07-03,1997,wolle_season1_42,13.0,61
5047,2975,Season 13,1997-07-04,1997,wolle_season1_42,13.0,61
5046,2976,Season 13,1997-07-07,1997,wolle_season1_42,13.0,61
5045,2977,Season 13,1997-07-08,1997,wolle_season1_42,13.0,60
5044,2978,Season 13,1997-07-09,1997,wolle_season1_42,13.0,61
5043,2979,Season 13,1997-07-10,1997,wolle_season1_42,13.0,55
5042,2980,Season 13,1997-07-11,1997,wolle_season1_42,13.0,60
5041,2981,Season 13,1997-07-14,1997,wolle_season1_42,13.0,61
5040,2982,Season 13,1997-07-15,1997,wolle_season1_42,13.0,59
5039,2983,Season 13,1997-07-16,1997,wolle_season1_42,13.0,60
5038,2984,Season 13,1997-07-17,1997,wolle_season1_42,13.0,61
5037,2985,Season 13,1997-07-18,1997,wolle_season1_42,13.0,61
5036,2986,Season 14,1997-09-01,1997,wolle_season1_42,14.0,56
5035,2987,Season 14,1997-09-02,1997,wolle_season1_42,14.0,61
5034,2988,Season 14,1997-09-03,1997,wolle_season1_42,14.0,59
5033,2989,Season 14,1997-09-04,1997,wolle_season1_42,14.0,57
5032,2990,Season 14,1997-09-05,1997,wolle_season1_42,14.0,59
5031,2991,Season 14,1997-09-08,1997,wolle_season1_42,14.0,57
5030,2992,Season 14,1997-09-09,1997,wolle_season1_42,14.0,56
5029,2993,Season 14,1997-09-10,1997,wolle_season1_42,14.0,57
5028,2994,Season 14,1997-09-11,1997,wolle_season1_42,14.0,60
5027,2995,Season 14,1997-09-12,1997,wolle_season1_42,14.0,54
5026,2996,Season 14,1997-09-15,1997,wolle_season1_42,14.0,55
5025,2997,Season 14,1997-09-16,1997,wolle_season1_42,14.0,58
5024,2998,Season 14,1997-09-17,1997,wolle_season1_42,14.0,55
5023,2999,Season 14,1997-09-18,1997,wolle_season1_42,14.0,53
5022,3000,Season 14,1997-09-19,1997,wolle_season1_42,14.0,55
5021,3001,Season 14,1997-09-22,1997,wolle_season1_42,14.0,59
5020,3002,Season 14,1997-09-23,1997,wolle_season1_42,14.0,60
5019,3003,Season 14,1997-09-24,1997,wolle_season1_42,14.0,60
5018,3004,Season 14,1997-09-25,1997,wolle_season1_42,14.0,57
5017,3005,Season 14,1997-09-26,1997,wolle_season1_42,14.0,59
5016,3006,Season 14,1997-09-29,1997,wolle_season1_42,14.0,59
5015,3007,Season 14,1997-09-30,1997,wolle_season1_42,14.0,60
5014,3008,Season 14,1997-10-01,1997,wolle_season1_42,14.0,54
5013,3009,Season 14,1997-10-02,1997,wolle_season1_42,14.0,58
5012,3010,Season 14,1997-10-03,1997,wolle_season1_42,14.0,59
5011,3011,Season 14,1997-10-06,1997,wolle_season1_42,14.0,57
5010,3012,Season 14,1997-10-07,1997,wolle_season1_42,14.0,57
5009,3013,Season 14,1997-10-08,1997,wolle_season1_42,14.0,58
5008,3014,Season 14,1997-10-09,1997,wolle_season1_42,14.0,54
5007,3015,Season 14,1997-10-10,1997,wolle_season1_42,14.0,53
5006,3016,Season 14,1997-10-13,1997,wolle_season1_42,14.0,55
5005,3017,Season 14,1997-10-14,1997,wolle_season1_42,14.0,56
5004,3018,Season 14,1997-10-15,1997,wolle_season1_42,14.0,56
5003,3019,Season 14,1997-10-16,1997,wolle_season1_42,14.0,56
5002,3020,Season 14,1997-10-17,1997,wolle_season1_42,14.0,58
5001,3021,Season 14,1997-10-20,1997,wolle_season1_42,14.0,57
5000,3022,Season 14,1997-10-21,1997,wolle_season1_42,14.0,59
4999,3023,Season 14,1997-10-22,1997,wolle_season1_42,14.0,57
4998,3024,Season 14,1997-10-23,1997,wolle_season1_42,14.0,59
4997,3025,Season 14,1997-10-24,1997,wolle_season1_42,14.0,57
4996,3026,Season 14,1997-10-27,1997,wolle_season1_42,14.0,57
4995,3027,Season 14,1997-10-28,1997,wolle_season1_42,14.0,54
4994,3028,Season 14,1997-10-29,1997,wolle_season1_42,14.0,60
4993,3029,Season 14,1997-10-30,1997,wolle_season1_42,14.0,54
4992,3030,Season 14,1997-10-31,1997,wolle_season1_42,14.0,53
4991,3031,Season 14,1997-11-03,1997,wolle_season1_42,14.0,55
4990,3032,Season 14,1997-11-04,1997,wolle_season1_42,14.0,58
4989,3033,Season 14,1997-11-05,1997,wolle_season1_42,14.0,60
4988,3034,Season 14,1997-11-06,1997,wolle_season1_42,14.0,58
4987,3035,Season 14,1997-11-07,1997,wolle_season1_42,14.0,56
4986,3036,Season 14,1997-11-10,1997,wolle_season1_42,14.0,54
4985,3037,Season 14,1997-11-11,1997,wolle_season1_42,14.0,54
4984,3038,Season 14,1997-11-12,1997,wolle_season1_42,14.0,57
4983,3039,Season 14,1997-11-13,1997,wolle_season1_42,14.0,60
4982,3040,Season 14,1997-11-14,1997,wolle_season1_42,14.0,58
4981,3041,Season 14,1997-11-17,1997,wolle_season1_42,14.0,48
4980,3042,Season 14,1997-11-18,1997,wolle_season1_42,14.0,55
4979,3043,Season 14,1997-11-19,1997,wolle_season1_42,14.0,38
4978,3044,Season 14,1997-11-20,1997,wolle_season1_42,14.0,44
4977,3045,Season 14,1997-11-21,1997,wolle_season1_42,14.0,43
4976,3046,Season 14,1997-11-24,1997,wolle_season1_42,14.0,58
4975,3047,Season 14,1997-11-25,1997,wolle_season1_42,14.0,54
4974,3048,Season 14,1997-11-26,1997,wolle_season1_42,14.0,59
4973,3049,Season 14,1997-11-27,1997,wolle_season1_42,14.0,58
4972,3050,Season 14,1997-11-28,1997,wolle_season1_42,14.0,60
4971,3051,Season 14,1997-12-01,1997,wolle_season1_42,14.0,56
4970,3052,Season 14,1997-12-02,1997,wolle_season1_42,14.0,55
4969,3053,Season 14,1997-12-03,1997,wolle_season1_42,14.0,56
4968,3054,Season 14,1997-12-04,1997,wolle_season1_42,14.0,58
4967,3055,Season 14,1997-12-05,1997,wolle_season1_42,14.0,60
4966,3056,Season 14,1997-12-08,1997,wolle_season1_42,14.0,60
4965,3057,Season 14,1997-12-09,1997,wolle_season1_42,14.0,54
4964,3058,Season 14,1997-12-10,1997,wolle_season1_42,14.0,59
4963,3059,Season 14,1997-12-11,1997,wolle_season1_42,14.0,59
4962,3060,Season 14,1997-12-12,1997,wolle_season1_42,14.0,59
4961,3061,Season 14,1997-12-15,1997,wolle_season1_42,14.0,60
4960,3062,Season 14,1997-12-16,1997,wolle_season1_42,14.0,29
4959,3063,Season 14,1997-12-17,1997,wolle_season1_42,14.0,61
4958,3064,Season 14,1997-12-18,1997,wolle_season1_42,14.0,60
4957,3065,Season 14,1997-12-19,1997,wolle_season1_42,14.0,59
4956,3066,Season 14,1997-12-22,1997,wolle_season1_42,14.0,58
4955,3067,Season 14,1997-12-23,1997,wolle_season1_42,14.0,60
4954,3068,Season 14,1997-12-24,1997,wolle_season1_42,14.0,58
4953,3069,Season 14,1997-12-25,1997,wolle_season1_42,14.0,60
4952,3070,Season 14,1997-12-26,1997,wolle_season1_42,14.0,53
4951,3071,Season 14,1997-12-29,1997,wolle_season1_42,14.0,55
4950,3072,Season 14,1997-12-30,1997,wolle_season1_42,14.0,57
4949,3073,Season 14,1997-12-31,1997,wolle_season1_42,14.0,30
4948,3075,Season 14,1998-01-02,1998,wolle_season1_42,14.0,52
4947,3076,Season 14,1998-01-05,1998,wolle_season1_42,14.0,59
4946,3077,Season 14,1998-01-06,1998,wolle_season1_42,14.0,55
4945,3078,Season 14,1998-01-07,1998,wolle_season1_42,14.0,60
4944,3079,Season 14,1998-01-08,1998,wolle_season1_42,14.0,55
4943,3080,Season 14,1998-01-09,1998,wolle_season1_42,14.0,57
4942,3081,Season 14,1998-01-12,1998,wolle_season1_42,14.0,60
4941,3082,Season 14,1998-01-13,1998,wolle_season1_42,14.0,56
4940,3083,Season 14,1998-01-14,1998,wolle_season1_42,14.0,56
4939,3084,Season 14,1998-01-15,1998,wolle_season1_42,14.0,58
4938,3085,Season 14,1998-01-16,1998,wolle_season1_42,14.0,57
4937,3086,Season 14,1998-01-19,1998,wolle_season1_42,14.0,57
4936,3087,Season 14,1998-01-20,1998,wolle_season1_42,14.0,61
4935,3088,Season 14,1998-01-21,1998,wolle_season1_42,14.0,58
4934,3089,Season 14,1998-01-22,1998,wolle_season1_42,14.0,58
4933,3090,Season 14,1998-01-23,1998,wolle_season1_42,14.0,50
4932,3091,Season 14,1998-01-26,1998,wolle_season1_42,14.0,57
4931,3092,Season 14,1998-01-27,1998,wolle_season1_42,14.0,58
4930,3093,Season 14,1998-01-28,1998,wolle_season1_42,14.0,58
4929,3094,Season 14,1998-01-29,1998,wolle_season1_42,14.0,60
4928,3095,Season 14,1998-01-30,1998,wolle_season1_42,14.0,55
4927,3096,Season 14,1998-02-02,1998,wolle_season1_42,14.0,61
4926,3097,Season 14,1998-02-03,1998,wolle_season1_42,14.0,59
4925,3098,Season 14,1998-02-04,1998,wolle_season1_42,14.0,59
4924,3099,Season 14,1998-02-05,1998,wolle_season1_42,14.0,60
4923,3100,Season 14,1998-02-06,1998,wolle_season1_42,14.0,58
4922,3101,Season 14,1998-02-09,1998,wolle_season1_42,14.0,57
4921,3102,Season 14,1998-02-10,1998,wolle_season1_42,14.0,29
4920,3103,Season 14,1998-02-11,1998,wolle_season1_42,14.0,58
4919,3104,Season 14,1998-02-12,1998,wolle_season1_42,14.0,58
4918,3105,Season 14,1998-02-13,1998,wolle_season1_42,14.0,58
4917,3106,Season 14,1998-02-16,1998,wolle_season1_42,14.0,52
4916,3107,Season 14,1998-02-17,1998,wolle_season1_42,14.0,47
4915,3108,Season 14,1998-02-18,1998,wolle_season1_42,14.0,58
4914,3109,Season 14,1998-02-19,1998,wolle_season1_42,14.0,55
4913,3110,Season 14,1998-02-20,1998,wolle_season1_42,14.0,58
4912,3111,Season 14,1998-02-23,1998,wolle_season1_42,14.0,57
4911,3112,Season 14,1998-02-24,1998,wolle_season1_42,14.0,54
4910,3113,Season 14,1998-02-25,1998,wolle_season1_42,14.0,58
4909,3114,Season 14,1998-02-26,1998,wolle_season1_42,14.0,60
4908,3115,Season 14,1998-02-27,1998,wolle_season1_42,14.0,52
4907,3116,Season 14,1998-03-02,1998,wolle_season1_42,14.0,51
4906,3117,Season 14,1998-03-03,1998,wolle_season1_42,14.0,50
4905,3118,Season 14,1998-03-04,1998,wolle_season1_42,14.0,57
4904,3119,Season 14,1998-03-05,1998,wolle_season1_42,14.0,57
4903,3120,Season 14,1998-03-06,1998,wolle_season1_42,14.0,59
4902,3121,Season 14,1998-03-09,1998,wolle_season1_42,14.0,58
4901,3122,Season 14,1998-03-10,1998,wolle_season1_42,14.0,58
4900,3123,Season 14,1998-03-11,1998,wolle_season1_42,14.0,59
4899,3124,Season 14,1998-03-12,1998,wolle_season1_42,14.0,59
4898,3125,Season 14,1998-03-13,1998,wolle_season1_42,14.0,57
4897,3126,Season 14,1998-03-16,1998,wolle_season1_42,14.0,59
4896,3127,Season 14,1998-03-17,1998,wolle_season1_42,14.0,52
4895,3128,Season 14,1998-03-18,1998,wolle_season1_42,14.0,60
4894,3129,Season 14,1998-03-19,1998,wolle_season1_42,14.0,56
4893,3130,Season 14,1998-03-20,1998,wolle_season1_42,14.0,53
4892,3131,Season 14,1998-03-23,1998,wolle_season1_42,14.0,57
4891,3132,Season 14,1998-03-24,1998,wolle_season1_42,14.0,58
4890,3133,Season 14,1998-03-25,1998,wolle_season1_42,14.0,57
4889,3134,Season 14,1998-03-26,1998,wolle_season1_42,14.0,55
4888,3135,Season 14,1998-03-27,1998,wolle_season1_42,14.0,56
4887,3136,Season 14,1998-03-30,1998,wolle_season1_42,14.0,58
4886,3137,Season 14,1998-03-31,1998,wolle_season1_42,14.0,58
4885,3138,Season 14,1998-04-01,1998,wolle_season1_42,14.0,55
4884,3139,Season 14,1998-04-02,1998,wolle_season1_42,14.0,55
4883,3140,Season 14,1998-04-03,1998,wolle_season1_42,14.0,54
4882,3141,Season 14,1998-04-06,1998,wolle_season1_42,14.0,58
4881,3142,Season 14,1998-04-07,1998,wolle_season1_42,14.0,55
4880,3143,Season 14,1998-04-08,1998,wolle_season1_42,14.0,56
4879,3144,Season 14,1998-04-09,1998,wolle_season1_42,14.0,50
4878,3145,Season 14,1998-04-10,1998,wolle_season1_42,14.0,57
4877,3146,Season 14,1998-04-13,1998,wolle_season1_42,14.0,55
4876,3147,Season 14,1998-04-14,1998,wolle_season1_42,14.0,58
4875,3148,Season 14,1998-04-15,1998,wolle_season1_42,14.0,55
4874,3149,Season 14,1998-04-16,1998,wolle_season1_42,14.0,51
4873,3150,Season 14,1998-04-17,1998,wolle_season1_42,14.0,59
4872,3151,Season 14,1998-04-20,1998,wolle_season1_42,14.0,54
4871,3152,Season 14,1998-04-21,1998,wolle_season1_42,14.0,61
4870,3153,Season 14,1998-04-22,1998,wolle_season1_42,14.0,57
4869,3154,Season 14,1998-04-23,1998,wolle_season1_42,14.0,51
4868,3155,Season 14,1998-04-24,1998,wolle_season1_42,14.0,50
4867,3156,Season 14,1998-04-27,1998,wolle_season1_42,14.0,54
4866,3157,Season 14,1998-04-28,1998,wolle_season1_42,14.0,49
4865,3158,Season 14,1998-04-29,1998,wolle_season1_42,14.0,47
4864,3159,Season 14,1998-04-30,1998,wolle_season1_42,14.0,51
4863,3160,Season 14,1998-05-01,1998,wolle_season1_42,14.0,52
4862,3161,Season 14,1998-05-04,1998,wolle_season1_42,14.0,53
4861,3162,Season 14,1998-05-05,1998,wolle_season1_42,14.0,55
4860,3163,Season 14,1998-05-06,1998,wolle_season1_42,14.0,57
4859,3164,Season 14,1998-05-07,1998,wolle_season1_42,14.0,54
4858,3165,Season 14,1998-05-08,1998,wolle_season1_42,14.0,52
4857,3166,Season 14,1998-05-11,1998,wolle_season1_42,14.0,55
4856,3167,Season 14,1998-05-12,1998,wolle_season1_42,14.0,53
4855,3168,Season 14,1998-05-13,1998,wolle_season1_42,14.0,50
4854,3169,Season 14,1998-05-14,1998,wolle_season1_42,14.0,57
4853,3170,Season 14,1998-05-15,1998,wolle_season1_42,14.0,53
4852,3171,Season 14,1998-05-18,1998,wolle_season1_42,14.0,58
4851,3172,Season 14,1998-05-19,1998,wolle_season1_42,14.0,60
4850,3173,Season 14,1998-05-20,1998,wolle_season1_42,14.0,53
4849,3174,Season 14,1998-05-21,1998,wolle_season1_42,14.0,57
4848,3175,Season 14,1998-05-22,1998,wolle_season1_42,14.0,57
4847,3176,Season 14,1998-05-25,1998,wolle_season1_42,14.0,55
4846,3177,Season 14,1998-05-26,1998,wolle_season1_42,14.0,58
4845,3178,Season 14,1998-05-27,1998,wolle_season1_42,14.0,60
4844,3179,Season 14,1998-05-28,1998,wolle_season1_42,14.0,56
4843,3180,Season 14,1998-05-29,1998,wolle_season1_42,14.0,58
4842,3181,Season 14,1998-06-01,1998,wolle_season1_42,14.0,59
4841,3182,Season 14,1998-06-02,1998,wolle_season1_42,14.0,60
4840,3183,Season 14,1998-06-03,1998,wolle_season1_42,14.0,53
4839,3184,Season 14,1998-06-04,1998,wolle_season1_42,14.0,57
4838,3185,Season 14,1998-06-05,1998,wolle_season1_42,14.0,44
4837,3186,Season 14,1998-06-08,1998,wolle_season1_42,14.0,59
4836,3187,Season 14,1998-06-09,1998,wolle_season1_42,14.0,60
4835,3188,Season 14,1998-06-10,1998,wolle_season1_42,14.0,58
4834,3189,Season 14,1998-06-11,1998,wolle_season1_42,14.0,54
4833,3190,Season 14,1998-06-12,1998,wolle_season1_42,14.0,59
4832,3191,Season 14,1998-06-15,1998,wolle_season1_42,14.0,59
4831,3192,Season 14,1998-06-16,1998,wolle_season1_42,14.0,58
4830,3193,Season 14,1998-06-17,1998,wolle_season1_42,14.0,55
4829,3194,Season 14,1998-06-18,1998,wolle_season1_42,14.0,57
4828,3195,Season 14,1998-06-19,1998,wolle_season1_42,14.0,60
4827,3196,Season 14,1998-06-22,1998,wolle_season1_42,14.0,59
4826,3197,Season 14,1998-06-23,1998,wolle_season1_42,14.0,56
4825,3198,Season 14,1998-06-24,1998,wolle_season1_42,14.0,55
4824,3199,Season 14,1998-06-25,1998,wolle_season1_42,14.0,58
4823,3200,Season 14,1998-06-26,1998,wolle_season1_42,14.0,59
4822,3201,Season 14,1998-06-29,1998,wolle_season1_42,14.0,57
4821,3202,Season 14,1998-06-30,1998,wolle_season1_42,14.0,55
4820,3203,Season 14,1998-07-01,1998,wolle_season1_42,14.0,59
4819,3204,Season 14,1998-07-02,1998,wolle_season1_42,14.0,59
4818,3205,Season 14,1998-07-03,1998,wolle_season1_42,14.0,59
4817,3206,Season 14,1998-07-06,1998,wolle_season1_42,14.0,56
4816,3207,Season 14,1998-07-07,1998,wolle_season1_42,14.0,52
4815,3208,Season 14,1998-07-08,1998,wolle_season1_42,14.0,54
4814,3209,Season 14,1998-07-09,1998,wolle_season1_42,14.0,55
4813,3210,Season 14,1998-07-10,1998,wolle_season1_42,14.0,54
4812,3211,Season 14,1998-07-13,1998,wolle_season1_42,14.0,57
4811,3212,Season 14,1998-07-14,1998,wolle_season1_42,14.0,52
4810,3213,Season 14,1998-07-15,1998,wolle_season1_42,14.0,57
4809,3214,Season 14,1998-07-16,1998,wolle_season1_42,14.0,51
4808,3215,Season 14,1998-07-17,1998,wolle_season1_42,14.0,48
4807,3216,Season 15,1998-09-07,1998,wolle_season1_42,15.0,59
4806,3217,Season 15,1998-09-08,1998,wolle_season1_42,15.0,60
4805,3218,Season 15,1998-09-09,1998,wolle_season1_42,15.0,57
4804,3219,Season 15,1998-09-10,1998,wolle_season1_42,15.0,50
4803,3220,Season 15,1998-09-11,1998,wolle_season1_42,15.0,55
4802,3221,Season 15,1998-09-14,1998,wolle_season1_42,15.0,56
4801,3222,Season 15,1998-09-15,1998,wolle_season1_42,15.0,58
4800,3223,Season 15,1998-09-16,1998,wolle_season1_42,15.0,56
4799,3224,Season 15,1998-09-17,1998,wolle_season1_42,15.0,58
4798,3225,Season 15,1998-09-18,1998,wolle_season1_42,15.0,51
4797,3226,Season 15,1998-09-21,1998,wolle_season1_42,15.0,58
4796,3227,Season 15,1998-09-22,1998,wolle_season1_42,15.0,53
4795,3228,Season 15,1998-09-23,1998,wolle_season1_42,15.0,57
4794,3229,Season 15,1998-09-24,1998,wolle_season1_42,15.0,52
4793,3230,Season 15,1998-09-25,1998,wolle_season1_42,15.0,49
4792,3231,Season 15,1998-09-28,1998,wolle_season1_42,15.0,60
4791,3232,Season 15,1998-09-29,1998,wolle_season1_42,15.0,55
4790,3233,Season 15,1998-09-30,1998,wolle_season1_42,15.0,52
4789,3234,Season 15,1998-10-01,1998,wolle_season1_42,15.0,54
4788,3235,Season 15,1998-10-02,1998,wolle_season1_42,15.0,54
4787,3236,Season 15,1998-10-05,1998,wolle_season1_42,15.0,56
4786,3237,Season 15,1998-10-06,1998,wolle_season1_42,15.0,60
4785,3239,Season 15,1998-10-08,1998,wolle_season1_42,15.0,59
4784,3240,Season 15,1998-10-09,1998,wolle_season1_42,15.0,55
4783,3241,Season 15,1998-10-12,1998,wolle_season1_42,15.0,53
4782,3242,Season 15,1998-10-13,1998,wolle_season1_42,15.0,49
4781,3243,Season 15,1998-10-14,1998,wolle_season1_42,15.0,59
4780,3244,Season 15,1998-10-15,1998,wolle_season1_42,15.0,58
4779,3245,Season 15,1998-10-16,1998,wolle_season1_42,15.0,55
4778,3246,Season 15,1998-10-19,1998,wolle_season1_42,15.0,56
4777,3247,Season 15,1998-10-20,1998,wolle_season1_42,15.0,57
4776,3248,Season 15,1998-10-21,1998,wolle_season1_42,15.0,59
4775,3249,Season 15,1998-10-22,1998,wolle_season1_42,15.0,53
4774,3250,Season 15,1998-10-23,1998,wolle_season1_42,15.0,54
4773,3251,Season 15,1998-10-26,1998,wolle_season1_42,15.0,55
4772,3252,Season 15,1998-10-27,1998,wolle_season1_42,15.0,52
4771,3253,Season 15,1998-10-28,1998,wolle_season1_42,15.0,52
4770,3254,Season 15,1998-10-29,1998,wolle_season1_42,15.0,54
4769,3255,Season 15,1998-10-30,1998,wolle_season1_42,15.0,58
4768,3256,Season 15,1998-11-02,1998,wolle_season1_42,15.0,58
4767,3257,Season 15,1998-11-03,1998,wolle_season1_42,15.0,51
4766,3258,Season 15,1998-11-04,1998,wolle_season1_42,15.0,46
4765,3259,Season 15,1998-11-05,1998,wolle_season1_42,15.0,60
4764,3260,Season 15,1998-11-06,1998,wolle_season1_42,15.0,47
4763,3261,Season 15,1998-11-09,1998,wolle_season1_42,15.0,59
4762,3262,Season 15,1998-11-10,1998,wolle_season1_42,15.0,56
4761,3263,Season 15,1998-11-11,1998,wolle_season1_42,15.0,56
4760,3264,Season 15,1998-11-12,1998,wolle_season1_42,15.0,51
4759,3265,Season 15,1998-11-13,1998,wolle_season1_42,15.0,52
4758,3266,Season 15,1998-11-16,1998,wolle_season1_42,15.0,48
4757,3267,Season 15,1998-11-17,1998,wolle_season1_42,15.0,60
4756,3268,Season 15,1998-11-18,1998,wolle_season1_42,15.0,49
4755,3269,Season 15,1998-11-19,1998,wolle_season1_42,15.0,51
4754,3270,Season 15,1998-11-20,1998,wolle_season1_42,15.0,57
4753,3271,Season 15,1998-11-23,1998,wolle_season1_42,15.0,58
4752,3272,Season 15,1998-11-24,1998,wolle_season1_42,15.0,54
4751,3273,Season 15,1998-11-25,1998,wolle_season1_42,15.0,60
4750,3274,Season 15,1998-11-26,1998,wolle_season1_42,15.0,55
4749,3275,Season 15,1998-11-27,1998,wolle_season1_42,15.0,51
4748,3276,Season 15,1998-11-30,1998,wolle_season1_42,15.0,56
4747,3277,Season 15,1998-12-01,1998,wolle_season1_42,15.0,53
4746,3278,Season 15,1998-12-02,1998,wolle_season1_42,15.0,54
4745,3279,Season 15,1998-12-03,1998,wolle_season1_42,15.0,57
4744,3280,Season 15,1998-12-04,1998,wolle_season1_42,15.0,53
4743,3281,Season 15,1998-12-07,1998,wolle_season1_42,15.0,58
4742,3282,Season 15,1998-12-08,1998,wolle_season1_42,15.0,59
4741,3283,Season 15,1998-12-09,1998,wolle_season1_42,15.0,54
4740,3284,Season 15,1998-12-10,1998,wolle_season1_42,15.0,58
4739,3285,Season 15,1998-12-11,1998,wolle_season1_42,15.0,60
4738,3286,Season 15,1998-12-14,1998,wolle_season1_42,15.0,51
4737,3287,Season 15,1998-12-15,1998,wolle_season1_42,15.0,54
4736,3288,Season 15,1998-12-16,1998,wolle_season1_42,15.0,56
4735,3289,Season 15,1998-12-17,1998,wolle_season1_42,15.0,60
4734,3290,Season 15,1998-12-18,1998,wolle_season1_42,15.0,52
4733,3291,Season 15,1998-12-21,1998,wolle_season1_42,15.0,54
4732,3292,Season 15,1998-12-22,1998,wolle_season1_42,15.0,53
4731,3293,Season 15,1998-12-23,1998,wolle_season1_42,15.0,57
4730,3294,Season 15,1998-12-24,1998,wolle_season1_42,15.0,60
4729,3295,Season 15,1998-12-25,1998,wolle_season1_42,15.0,52
4728,3296,Season 15,1998-12-28,1998,wolle_season1_42,15.0,52
4727,3297,Season 15,1998-12-29,1998,wolle_season1_42,15.0,52
4726,3298,Season 15,1998-12-30,1998,wolle_season1_42,15.0,58
4725,3299,Season 15,1998-12-31,1998,wolle_season1_42,15.0,51
4724,3301,Season 15,1999-01-04,1999,wolle_season1_42,15.0,59
4723,3302,Season 15,1999-01-05,1999,wolle_season1_42,15.0,59
4722,3303,Season 15,1999-01-06,1999,wolle_season1_42,15.0,56
4721,3304,Season 15,1999-01-07,1999,wolle_season1_42,15.0,58
4720,3305,Season 15,1999-01-08,1999,wolle_season1_42,15.0,60
4719,3306,Season 15,1999-01-11,1999,wolle_season1_42,15.0,56
4718,3307,Season 15,1999-01-12,1999,wolle_season1_42,15.0,56
4717,3308,Season 15,1999-01-13,1999,wolle_season1_42,15.0,52
4716,3309,Season 15,1999-01-14,1999,wolle_season1_42,15.0,55
4715,3310,Season 15,1999-01-15,1999,wolle_season1_42,15.0,58
4714,3311,Season 15,1999-01-18,1999,wolle_season1_42,15.0,55
4713,3312,Season 15,1999-01-19,1999,wolle_season1_42,15.0,59
4712,3313,Season 15,1999-01-20,1999,wolle_season1_42,15.0,59
4711,3314,Season 15,1999-01-21,1999,wolle_season1_42,15.0,60
4710,3315,Season 15,1999-01-22,1999,wolle_season1_42,15.0,58
4709,3316,Season 15,1999-01-25,1999,wolle_season1_42,15.0,60
4708,3317,Season 15,1999-01-26,1999,wolle_season1_42,15.0,58
4707,3318,Season 15,1999-01-27,1999,wolle_season1_42,15.0,51
4706,3319,Season 15,1999-01-28,1999,wolle_season1_42,15.0,59
4705,3320,Season 15,1999-01-29,1999,wolle_season1_42,15.0,55
4704,3321,Season 15,1999-02-01,1999,wolle_season1_42,15.0,58
4703,3322,Season 15,1999-02-02,1999,wolle_season1_42,15.0,61
4702,3323,Season 15,1999-02-03,1999,wolle_season1_42,15.0,55
4701,3324,Season 15,1999-02-04,1999,wolle_season1_42,15.0,58
4700,3325,Season 15,1999-02-05,1999,wolle_season1_42,15.0,60
4699,3326,Season 15,1999-02-08,1999,wolle_season1_42,15.0,59
4698,3327,Season 15,1999-02-09,1999,wolle_season1_42,15.0,58
4697,3328,Season 15,1999-02-10,1999,wolle_season1_42,15.0,60
4696,3329,Season 15,1999-02-11,1999,wolle_season1_42,15.0,58
4695,3330,Season 15,1999-02-12,1999,wolle_season1_42,15.0,58
4694,3331,Season 15,1999-02-15,1999,wolle_season1_42,15.0,61
4693,3332,Season 15,1999-02-16,1999,wolle_season1_42,15.0,58
4692,3333,Season 15,1999-02-17,1999,wolle_season1_42,15.0,61
4691,3334,Season 15,1999-02-18,1999,wolle_season1_42,15.0,61
4690,3335,Season 15,1999-02-19,1999,wolle_season1_42,15.0,59
4689,3336,Season 15,1999-02-22,1999,wolle_season1_42,15.0,59
4688,3337,Season 15,1999-02-23,1999,wolle_season1_42,15.0,61
4687,3338,Season 15,1999-02-24,1999,wolle_season1_42,15.0,58
4686,3339,Season 15,1999-02-25,1999,wolle_season1_42,15.0,59
4685,3340,Season 15,1999-02-26,1999,wolle_season1_42,15.0,60
4684,3341,Season 15,1999-03-01,1999,wolle_season1_42,15.0,59
4683,3342,Season 15,1999-03-02,1999,wolle_season1_42,15.0,60
4682,3343,Season 15,1999-03-03,1999,wolle_season1_42,15.0,57
4681,3344,Season 15,1999-03-04,1999,wolle_season1_42,15.0,60
4680,3345,Season 15,1999-03-05,1999,wolle_season1_42,15.0,60
4679,3346,Season 15,1999-03-08,1999,wolle_season1_42,15.0,53
4678,3347,Season 15,1999-03-09,1999,wolle_season1_42,15.0,59
4677,3348,Season 15,1999-03-10,1999,wolle_season1_42,15.0,60
4676,3349,Season 15,1999-03-11,1999,wolle_season1_42,15.0,58
4675,3350,Season 15,1999-03-12,1999,wolle_season1_42,15.0,56
4674,3351,Season 15,1999-03-15,1999,wolle_season1_42,15.0,57
4673,3352,Season 15,1999-03-16,1999,wolle_season1_42,15.0,56
4672,3353,Season 15,1999-03-17,1999,wolle_season1_42,15.0,58
4671,3354,Season 15,1999-03-18,1999,wolle_season1_42,15.0,60
4670,3355,Season 15,1999-03-19,1999,wolle_season1_42,15.0,58
4669,3356,Season 15,1999-03-22,1999,wolle_season1_42,15.0,56
4668,3357,Season 15,1999-03-23,1999,wolle_season1_42,15.0,57
4667,3358,Season 15,1999-03-24,1999,wolle_season1_42,15.0,53
4666,3359,Season 15,1999-03-25,1999,wolle_season1_42,15.0,56
4665,3360,Season 15,1999-03-26,1999,wolle_season1_42,15.0,61
4664,3361,Season 15,1999-03-29,1999,wolle_season1_42,15.0,57
4663,3362,Season 15,1999-03-30,1999,wolle_season1_42,15.0,56
4662,3363,Season 15,1999-03-31,1999,wolle_season1_42,15.0,59
4661,3364,Season 15,1999-04-01,1999,wolle_season1_42,15.0,57
4660,3365,Season 15,1999-04-02,1999,wolle_season1_42,15.0,60
4659,3366,Season 15,1999-04-05,1999,wolle_season1_42,15.0,58
4658,3367,Season 15,1999-04-06,1999,wolle_season1_42,15.0,61
4657,3368,Season 15,1999-04-07,1999,wolle_season1_42,15.0,55
4656,3369,Season 15,1999-04-08,1999,wolle_season1_42,15.0,61
4655,3370,Season 15,1999-04-09,1999,wolle_season1_42,15.0,60
4654,3371,Season 15,1999-04-12,1999,wolle_season1_42,15.0,55
4653,3372,Season 15,1999-04-13,1999,wolle_season1_42,15.0,60
4652,3373,Season 15,1999-04-14,1999,wolle_season1_42,15.0,60
4651,3374,Season 15,1999-04-15,1999,wolle_season1_42,15.0,59
4650,3375,Season 15,1999-04-16,1999,wolle_season1_42,15.0,60
4649,3376,Season 15,1999-04-19,1999,wolle_season1_42,15.0,59
4648,3377,Season 15,1999-04-20,1999,wolle_season1_42,15.0,56
4647,3378,Season 15,1999-04-21,1999,wolle_season1_42,15.0,59
4646,3379,Season 15,1999-04-22,1999,wolle_season1_42,15.0,60
4645,3380,Season 15,1999-04-23,1999,wolle_season1_42,15.0,60
4644,3381,Season 15,1999-04-26,1999,wolle_season1_42,15.0,57
4643,3382,Season 15,1999-04-27,1999,wolle_season1_42,15.0,58
4642,3383,Season 15,1999-04-28,1999,wolle_season1_42,15.0,57
4641,3384,Season 15,1999-04-29,1999,wolle_season1_42,15.0,60
4640,3385,Season 15,1999-04-30,1999,wolle_season1_42,15.0,57
4639,3386,Season 15,1999-05-03,1999,wolle_season1_42,15.0,60
4638,3387,Season 15,1999-05-04,1999,wolle_season1_42,15.0,57
4637,3388,Season 15,1999-05-05,1999,wolle_season1_42,15.0,55
4636,3389,Season 15,1999-05-06,1999,wolle_season1_42,15.0,61
4635,3390,Season 15,1999-05-07,1999,wolle_season1_42,15.0,56
4634,3391,Season 15,1999-05-10,1999,wolle_season1_42,15.0,61
4633,3392,Season 15,1999-05-11,1999,wolle_season1_42,15.0,53
4632,3393,Season 15,1999-05-12,1999,wolle_season1_42,15.0,60
4631,3394,Season 15,1999-05-13,1999,wolle_season1_42,15.0,58
4630,3395,Season 15,1999-05-14,1999,wolle_season1_42,15.0,57
4629,3396,Season 15,1999-05-17,1999,wolle_season1_42,15.0,52
4628,3397,Season 15,1999-05-18,1999,wolle_season1_42,15.0,50
4627,3398,Season 15,1999-05-19,1999,wolle_season1_42,15.0,59
4626,3399,Season 15,1999-05-20,1999,wolle_season1_42,15.0,44
4625,3400,Season 15,1999-05-21,1999,wolle_season1_42,15.0,51
4624,3401,Season 15,1999-05-24,1999,wolle_season1_42,15.0,58
4623,3402,Season 15,1999-05-25,1999,wolle_season1_42,15.0,54
4622,3403,Season 15,1999-05-26,1999,wolle_season1_42,15.0,59
4621,3404,Season 15,1999-05-27,1999,wolle_season1_42,15.0,57
4620,3405,Season 15,1999-05-28,1999,wolle_season1_42,15.0,59
4619,3406,Season 15,1999-05-31,1999,wolle_season1_42,15.0,58
4618,3407,Season 15,1999-06-01,1999,wolle_season1_42,15.0,60
4617,3408,Season 15,1999-06-02,1999,wolle_season1_42,15.0,59
4616,3409,Season 15,1999-06-03,1999,wolle_season1_42,15.0,57
4615,3410,Season 15,1999-06-04,1999,wolle_season1_42,15.0,58
4614,3411,Season 15,1999-06-07,1999,wolle_season1_42,15.0,58
4613,3412,Season 15,1999-06-08,1999,wolle_season1_42,15.0,58
4612,3413,Season 15,1999-06-09,1999,wolle_season1_42,15.0,57
4611,3414,Season 15,1999-06-10,1999,wolle_season1_42,15.0,55
4610,3415,Season 15,1999-06-11,1999,wolle_season1_42,15.0,57
4609,3416,Season 15,1999-06-14,1999,wolle_season1_42,15.0,56
4608,3417,Season 15,1999-06-15,1999,wolle_season1_42,15.0,60
4607,3418,Season 15,1999-06-16,1999,wolle_season1_42,15.0,61
4606,3419,Season 15,1999-06-17,1999,wolle_season1_42,15.0,60
4605,3420,Season 15,1999-06-18,1999,wolle_season1_42,15.0,61
4604,3421,Season 15,1999-06-21,1999,wolle_season1_42,15.0,58
4603,3422,Season 15,1999-06-22,1999,wolle_season1_42,15.0,56
4602,3423,Season 15,1999-06-23,1999,wolle_season1_42,15.0,60
4601,3424,Season 15,1999-06-24,1999,wolle_season1_42,15.0,59
4600,3425,Season 15,1999-06-25,1999,wolle_season1_42,15.0,60
4599,3426,Season 15,1999-06-28,1999,wolle_season1_42,15.0,59
4598,3427,Season 15,1999-06-29,1999,wolle_season1_42,15.0,60
4597,3428,Season 15,1999-06-30,1999,wolle_season1_42,15.0,60
4596,3429,Season 15,1999-07-01,1999,wolle_season1_42,15.0,58
4595,3430,Season 15,1999-07-02,1999,wolle_season1_42,15.0,60
4594,3431,Season 15,1999-07-05,1999,wolle_season1_42,15.0,59
4593,3432,Season 15,1999-07-06,1999,wolle_season1_42,15.0,61
4592,3433,Season 15,1999-07-07,1999,wolle_season1_42,15.0,60
4591,3434,Season 15,1999-07-08,1999,wolle_season1_42,15.0,60
4590,3435,Season 15,1999-07-09,1999,wolle_season1_42,15.0,59
4589,3436,Season 15,1999-07-12,1999,wolle_season1_42,15.0,56
4588,3437,Season 15,1999-07-13,1999,wolle_season1_42,15.0,59
4587,3438,Season 15,1999-07-14,1999,wolle_season1_42,15.0,59
4586,3439,Season 15,1999-07-15,1999,wolle_season1_42,15.0,56
4585,3440,Season 15,1999-07-16,1999,wolle_season1_42,15.0,61
4584,3441,Season 15,1999-07-19,1999,wolle_season1_42,15.0,60
4583,3442,Season 15,1999-07-20,1999,wolle_season1_42,15.0,61
4582,3443,Season 15,1999-07-21,1999,wolle_season1_42,15.0,56
4581,3444,Season 15,1999-07-22,1999,wolle_season1_42,15.0,55
4580,3445,Season 15,1999-07-23,1999,wolle_season1_42,15.0,55
4579,3446,Season 16,1999-09-06,1999,wolle_season1_42,16.0,52
4578,3447,Season 16,1999-09-07,1999,wolle_season1_42,16.0,56
4577,3448,Season 16,1999-09-08,1999,wolle_season1_42,16.0,59
4576,3449,Season 16,1999-09-09,1999,wolle_season1_42,16.0,58
4575,3451,Season 16,1999-09-13,1999,wolle_season1_42,16.0,55
4574,3452,Season 16,1999-09-14,1999,wolle_season1_42,16.0,56
4573,3453,Season 16,1999-09-15,1999,wolle_season1_42,16.0,59
4572,3454,Season 16,1999-09-16,1999,wolle_season1_42,16.0,50
4571,3455,Season 16,1999-09-17,1999,wolle_season1_42,16.0,55
4570,3456,Season 16,1999-09-20,1999,wolle_season1_42,16.0,57
4569,3457,Season 16,1999-09-21,1999,wolle_season1_42,16.0,53
4568,3458,Season 16,1999-09-22,1999,wolle_season1_42,16.0,61
4567,3459,Season 16,1999-09-23,1999,wolle_season1_42,16.0,57
4566,3460,Season 16,1999-09-24,1999,wolle_season1_42,16.0,56
4565,3461,Season 16,1999-09-27,1999,wolle_season1_42,16.0,53
4564,3462,Season 16,1999-09-28,1999,wolle_season1_42,16.0,59
4563,3463,Season 16,1999-09-29,1999,wolle_season1_42,16.0,57
4562,3464,Season 16,1999-09-30,1999,wolle_season1_42,16.0,57
4561,3465,Season 16,1999-10-01,1999,wolle_season1_42,16.0,60
4560,3466,Season 16,1999-10-04,1999,wolle_season1_42,16.0,61
4559,3467,Season 16,1999-10-05,1999,wolle_season1_42,16.0,52
4558,3468,Season 16,1999-10-06,1999,wolle_season1_42,16.0,58
4557,3469,Season 16,1999-10-07,1999,wolle_season1_42,16.0,59
4556,3470,Season 16,1999-10-08,1999,wolle_season1_42,16.0,61
4555,3471,Season 16,1999-10-11,1999,wolle_season1_42,16.0,59
4554,3472,Season 16,1999-10-12,1999,wolle_season1_42,16.0,54
4553,3473,Season 16,1999-10-13,1999,wolle_season1_42,16.0,60
4552,3474,Season 16,1999-10-14,1999,wolle_season1_42,16.0,61
4551,3475,Season 16,1999-10-15,1999,wolle_season1_42,16.0,55
4550,3476,Season 16,1999-10-18,1999,wolle_season1_42,16.0,51
4549,3477,Season 16,1999-10-19,1999,wolle_season1_42,16.0,59
4548,3478,Season 16,1999-10-20,1999,wolle_season1_42,16.0,55
4547,3479,Season 16,1999-10-21,1999,wolle_season1_42,16.0,61
4546,3480,Season 16,1999-10-22,1999,wolle_season1_42,16.0,59
4545,3481,Season 16,1999-10-25,1999,wolle_season1_42,16.0,54
4544,3482,Season 16,1999-10-26,1999,wolle_season1_42,16.0,60
4543,3483,Season 16,1999-10-27,1999,wolle_season1_42,16.0,58
4542,3484,Season 16,1999-10-28,1999,wolle_season1_42,16.0,57
4541,3485,Season 16,1999-10-29,1999,wolle_season1_42,16.0,51
4540,3486,Season 16,1999-11-01,1999,wolle_season1_42,16.0,55
4539,3487,Season 16,1999-11-02,1999,wolle_season1_42,16.0,60
4538,3488,Season 16,1999-11-03,1999,wolle_season1_42,16.0,57
4537,3489,Season 16,1999-11-04,1999,wolle_season1_42,16.0,61
4536,3490,Season 16,1999-11-05,1999,wolle_season1_42,16.0,59
4535,3491,Season 16,1999-11-08,1999,wolle_season1_42,16.0,56
4534,3492,Season 16,1999-11-09,1999,wolle_season1_42,16.0,59
4533,3493,Season 16,1999-11-10,1999,wolle_season1_42,16.0,52
4532,3494,Season 16,1999-11-11,1999,wolle_season1_42,16.0,58
4531,3495,Season 16,1999-11-12,1999,wolle_season1_42,16.0,57
4530,3496,Season 16,1999-11-15,1999,wolle_season1_42,16.0,42
4529,3497,Season 16,1999-11-16,1999,wolle_season1_42,16.0,52
4528,3498,Season 16,1999-11-17,1999,wolle_season1_42,16.0,49
4527,3499,Season 16,1999-11-18,1999,wolle_season1_42,16.0,41
4526,3500,Season 16,1999-11-19,1999,wolle_season1_42,16.0,36
4525,3501,Season 16,1999-11-22,1999,wolle_season1_42,16.0,56
4524,3502,Season 16,1999-11-23,1999,wolle_season1_42,16.0,54
4523,3503,Season 16,1999-11-24,1999,wolle_season1_42,16.0,54
4522,3504,Season 16,1999-11-25,1999,wolle_season1_42,16.0,52
4521,3505,Season 16,1999-11-26,1999,wolle_season1_42,16.0,54
4520,3506,Season 16,1999-11-29,1999,wolle_season1_42,16.0,55
4519,3507,Season 16,1999-11-30,1999,wolle_season1_42,16.0,56
4518,3508,Season 16,1999-12-01,1999,wolle_season1_42,16.0,53
4517,3509,Season 16,1999-12-02,1999,wolle_season1_42,16.0,52
4516,3510,Season 16,1999-12-03,1999,wolle_season1_42,16.0,60
4515,3511,Season 16,1999-12-06,1999,wolle_season1_42,16.0,60
4514,3512,Season 16,1999-12-07,1999,wolle_season1_42,16.0,59
4513,3513,Season 16,1999-12-08,1999,wolle_season1_42,16.0,55
4512,3514,Season 16,1999-12-09,1999,wolle_season1_42,16.0,58
4511,3515,Season 16,1999-12-10,1999,wolle_season1_42,16.0,54
4510,3516,Season 16,1999-12-13,1999,wolle_season1_42,16.0,55
4509,3517,Season 16,1999-12-14,1999,wolle_season1_42,16.0,60
4508,3518,Season 16,1999-12-15,1999,wolle_season1_42,16.0,57
4507,3519,Season 16,1999-12-16,1999,wolle_season1_42,16.0,51
4506,3520,Season 16,1999-12-17,1999,wolle_season1_42,16.0,53
4505,3521,Season 16,1999-12-20,1999,wolle_season1_42,16.0,57
4504,3522,Season 16,1999-12-21,1999,wolle_season1_42,16.0,55
4503,3523,Season 16,1999-12-22,1999,wolle_season1_42,16.0,56
4502,3524,Season 16,1999-12-23,1999,wolle_season1_42,16.0,51
4501,3525,Season 16,1999-12-24,1999,wolle_season1_42,16.0,57
4500,3526,Season 16,1999-12-27,1999,wolle_season1_42,16.0,57
4499,3527,Season 16,1999-12-28,1999,wolle_season1_42,16.0,60
4498,3528,Season 16,1999-12-29,1999,wolle_season1_42,16.0,58
4497,3529,Season 16,1999-12-30,1999,wolle_season1_42,16.0,59
4496,3530,Season 16,1999-12-31,1999,wolle_season1_42,16.0,61
4495,3531,Season 16,2000-01-03,2000,wolle_season1_42,16.0,57
4494,3532,Season 16,2000-01-04,2000,wolle_season1_42,16.0,57
4493,3533,Season 16,2000-01-05,2000,wolle_season1_42,16.0,56
4492,3534,Season 16,2000-01-06,2000,wolle_season1_42,16.0,61
4491,3535,Season 16,2000-01-07,2000,wolle_season1_42,16.0,61
4490,3536,Season 16,2000-01-10,2000,wolle_season1_42,16.0,57
4489,3537,Season 16,2000-01-11,2000,wolle_season1_42,16.0,57
4488,3538,Season 16,2000-01-12,2000,wolle_season1_42,16.0,58
4487,3539,Season 16,2000-01-13,2000,wolle_season1_42,16.0,58
4486,3540,Season 16,2000-01-14,2000,wolle_season1_42,16.0,55
4485,3541,Season 16,2000-01-17,2000,wolle_season1_42,16.0,50
4484,3542,Season 16,2000-01-18,2000,wolle_season1_42,16.0,57
4483,3543,Season 16,2000-01-19,2000,wolle_season1_42,16.0,58
4482,3544,Season 16,2000-01-20,2000,wolle_season1_42,16.0,51
4481,3545,Season 16,2000-01-21,2000,wolle_season1_42,16.0,57
4480,3546,Season 16,2000-01-24,2000,wolle_season1_42,16.0,52
4479,3547,Season 16,2000-01-25,2000,wolle_season1_42,16.0,58
4478,3548,Season 16,2000-01-26,2000,wolle_season1_42,16.0,55
4477,3549,Season 16,2000-01-27,2000,wolle_season1_42,16.0,59
4476,3550,Season 16,2000-01-28,2000,wolle_season1_42,16.0,60
4475,3551,Season 16,2000-01-31,2000,wolle_season1_42,16.0,60
4474,3552,Season 16,2000-02-01,2000,wolle_season1_42,16.0,59
4473,3553,Season 16,2000-02-02,2000,wolle_season1_42,16.0,58
4472,3554,Season 16,2000-02-03,2000,wolle_season1_42,16.0,55
4471,3555,Season 16,2000-02-04,2000,wolle_season1_42,16.0,54
4470,3556,Season 16,2000-02-07,2000,wolle_season1_42,16.0,57
4469,3557,Season 16,2000-02-08,2000,wolle_season1_42,16.0,55
4468,3558,Season 16,2000-02-09,2000,wolle_season1_42,16.0,57
4467,3559,Season 16,2000-02-10,2000,wolle_season1_42,16.0,59
4466,3560,Season 16,2000-02-11,2000,wolle_season1_42,16.0,59
4465,3561,Season 16,2000-02-14,2000,wolle_season1_42,16.0,57
4464,3562,Season 16,2000-02-15,2000,wolle_season1_42,16.0,60
4463,3563,Season 16,2000-02-16,2000,wolle_season1_42,16.0,56
4462,3564,Season 16,2000-02-17,2000,wolle_season1_42,16.0,59
4461,3565,Season 16,2000-02-18,2000,wolle_season1_42,16.0,57
4460,3566,Season 16,2000-02-21,2000,wolle_season1_42,16.0,58
4459,3567,Season 16,2000-02-22,2000,wolle_season1_42,16.0,59
4458,3568,Season 16,2000-02-23,2000,wolle_season1_42,16.0,56
4457,3569,Season 16,2000-02-24,2000,wolle_season1_42,16.0,51
4456,3570,Season 16,2000-02-25,2000,wolle_season1_42,16.0,61
4455,3571,Season 16,2000-02-28,2000,wolle_season1_42,16.0,60
4454,3572,Season 16,2000-02-29,2000,wolle_season1_42,16.0,58
4453,3573,Season 16,2000-03-01,2000,wolle_season1_42,16.0,59
4452,3574,Season 16,2000-03-02,2000,wolle_season1_42,16.0,59
4451,3575,Season 16,2000-03-03,2000,wolle_season1_42,16.0,57
4450,3576,Season 16,2000-03-06,2000,wolle_season1_42,16.0,55
4449,3577,Season 16,2000-03-07,2000,wolle_season1_42,16.0,56
4448,3578,Season 16,2000-03-08,2000,wolle_season1_42,16.0,52
4447,3579,Season 16,2000-03-09,2000,wolle_season1_42,16.0,54
4446,3580,Season 16,2000-03-10,2000,wolle_season1_42,16.0,58
4445,3581,Season 16,2000-03-13,2000,wolle_season1_42,16.0,58
4444,3582,Season 16,2000-03-14,2000,wolle_season1_42,16.0,60
4443,3583,Season 16,2000-03-15,2000,wolle_season1_42,16.0,59
4442,3584,Season 16,2000-03-16,2000,wolle_season1_42,16.0,51
4441,3585,Season 16,2000-03-17,2000,wolle_season1_42,16.0,59
4440,3586,Season 16,2000-03-20,2000,wolle_season1_42,16.0,53
4439,3587,Season 16,2000-03-21,2000,wolle_season1_42,16.0,55
4438,3588,Season 16,2000-03-22,2000,wolle_season1_42,16.0,59
4437,3589,Season 16,2000-03-23,2000,wolle_season1_42,16.0,58
4436,3590,Season 16,2000-03-24,2000,wolle_season1_42,16.0,57
4435,3591,Season 16,2000-03-27,2000,wolle_season1_42,16.0,57
4434,3592,Season 16,2000-03-28,2000,wolle_season1_42,16.0,59
4433,3593,Season 16,2000-03-29,2000,wolle_season1_42,16.0,53
4432,3594,Season 16,2000-03-30,2000,wolle_season1_42,16.0,55
4431,3595,Season 16,2000-03-31,2000,wolle_season1_42,16.0,59
4430,3596,Season 16,2000-04-03,2000,wolle_season1_42,16.0,50
4429,3597,Season 16,2000-04-04,2000,wolle_season1_42,16.0,55
4428,3598,Season 16,2000-04-05,2000,wolle_season1_42,16.0,55
4427,3599,Season 16,2000-04-06,2000,wolle_season1_42,16.0,55
4426,3600,Season 16,2000-04-07,2000,wolle_season1_42,16.0,57
4425,3601,Season 16,2000-04-10,2000,wolle_season1_42,16.0,54
4424,3602,Season 16,2000-04-11,2000,wolle_season1_42,16.0,56
4423,3603,Season 16,2000-04-12,2000,wolle_season1_42,16.0,59
4422,3604,Season 16,2000-04-13,2000,wolle_season1_42,16.0,57
4421,3605,Season 16,2000-04-14,2000,wolle_season1_42,16.0,60
4420,3606,Season 16,2000-04-17,2000,wolle_season1_42,16.0,54
4419,3607,Season 16,2000-04-18,2000,wolle_season1_42,16.0,60
4418,3608,Season 16,2000-04-19,2000,wolle_season1_42,16.0,58
4417,3609,Season 16,2000-04-20,2000,wolle_season1_42,16.0,53
4416,3610,Season 16,2000-04-21,2000,wolle_season1_42,16.0,54
4415,3611,Season 16,2000-04-24,2000,wolle_season1_42,16.0,52
4414,3612,Season 16,2000-04-25,2000,wolle_season1_42,16.0,59
4413,3613,Season 16,2000-04-26,2000,wolle_season1_42,16.0,59
4412,3614,Season 16,2000-04-27,2000,wolle_season1_42,16.0,55
4411,3615,Season 16,2000-04-28,2000,wolle_season1_42,16.0,59
4410,3616,Season 16,2000-05-01,2000,wolle_season1_42,16.0,59
4409,3617,Season 16,2000-05-02,2000,wolle_season1_42,16.0,52
4408,3618,Season 16,2000-05-03,2000,wolle_season1_42,16.0,57
4407,3619,Season 16,2000-05-04,2000,wolle_season1_42,16.0,56
4406,3620,Season 16,2000-05-05,2000,wolle_season1_42,16.0,53
4405,3621,Season 16,2000-05-08,2000,wolle_season1_42,16.0,58
4404,3622,Season 16,2000-05-09,2000,wolle_season1_42,16.0,60
4403,3623,Season 16,2000-05-10,2000,wolle_season1_42,16.0,61
4402,3624,Season 16,2000-05-11,2000,wolle_season1_42,16.0,59
4401,3625,Season 16,2000-05-12,2000,wolle_season1_42,16.0,59
4400,3626,Season 16,2000-05-15,2000,wolle_season1_42,16.0,59
4399,3627,Season 16,2000-05-16,2000,wolle_season1_42,16.0,61
4398,3628,Season 16,2000-05-17,2000,wolle_season1_42,16.0,58
4397,3629,Season 16,2000-05-18,2000,wolle_season1_42,16.0,60
4396,3630,Season 16,2000-05-19,2000,wolle_season1_42,16.0,59
4395,3631,Season 16,2000-05-22,2000,wolle_season1_42,16.0,48
4394,3632,Season 16,2000-05-23,2000,wolle_season1_42,16.0,59
4393,3633,Season 16,2000-05-24,2000,wolle_season1_42,16.0,55
4392,3634,Season 16,2000-05-25,2000,wolle_season1_42,16.0,53
4391,3635,Season 16,2000-05-26,2000,wolle_season1_42,16.0,55
4390,3636,Season 16,2000-05-29,2000,wolle_season1_42,16.0,58
4389,3637,Season 16,2000-05-30,2000,wolle_season1_42,16.0,58
4388,3638,Season 16,2000-05-31,2000,wolle_season1_42,16.0,58
4387,3639,Season 16,2000-06-01,2000,wolle_season1_42,16.0,58
4386,3640,Season 16,2000-06-02,2000,wolle_season1_42,16.0,60
4385,3641,Season 16,2000-06-05,2000,wolle_season1_42,16.0,58
4384,3642,Season 16,2000-06-06,2000,wolle_season1_42,16.0,56
4383,3643,Season 16,2000-06-07,2000,wolle_season1_42,16.0,55
4382,3644,Season 16,2000-06-08,2000,wolle_season1_42,16.0,59
4381,3645,Season 16,2000-06-09,2000,wolle_season1_42,16.0,58
4380,3646,Season 16,2000-06-12,2000,wolle_season1_42,16.0,51
4379,3647,Season 16,2000-06-13,2000,wolle_season1_42,16.0,61
4378,3648,Season 16,2000-06-14,2000,wolle_season1_42,16.0,54
4377,3649,Season 16,2000-06-15,2000,wolle_season1_42,16.0,54
4376,3650,Season 16,2000-06-16,2000,wolle_season1_42,16.0,58
4375,3651,Season 16,2000-06-19,2000,wolle_season1_42,16.0,61
4374,3652,Season 16,2000-06-20,2000,wolle_season1_42,16.0,59
4373,3653,Season 16,2000-06-21,2000,wolle_season1_42,16.0,55
4372,3654,Season 16,2000-06-22,2000,wolle_season1_42,16.0,57
4371,3655,Season 16,2000-06-23,2000,wolle_season1_42,16.0,57
4370,3656,Season 16,2000-06-26,2000,wolle_season1_42,16.0,58
4369,3657,Season 16,2000-06-27,2000,wolle_season1_42,16.0,56
4368,3658,Season 16,2000-06-28,2000,wolle_season1_42,16.0,55
4367,3659,Season 16,2000-06-29,2000,wolle_season1_42,16.0,53
4366,3660,Season 16,2000-06-30,2000,wolle_season1_42,16.0,57
4365,3661,Season 16,2000-07-03,2000,wolle_season1_42,16.0,60
4364,3662,Season 16,2000-07-04,2000,wolle_season1_42,16.0,61
4363,3663,Season 16,2000-07-05,2000,wolle_season1_42,16.0,61
4362,3664,Season 16,2000-07-06,2000,wolle_season1_42,16.0,59
4361,3665,Season 16,2000-07-07,2000,wolle_season1_42,16.0,60
4360,3666,Season 16,2000-07-10,2000,wolle_season1_42,16.0,57
4359,3667,Season 16,2000-07-11,2000,wolle_season1_42,16.0,51
4358,3668,Season 16,2000-07-12,2000,wolle_season1_42,16.0,59
4357,3669,Season 16,2000-07-13,2000,wolle_season1_42,16.0,59
4356,3670,Season 16,2000-07-14,2000,wolle_season1_42,16.0,52
4355,3671,Season 16,2000-07-17,2000,wolle_season1_42,16.0,56
4354,3672,Season 16,2000-07-18,2000,wolle_season1_42,16.0,56
4353,3673,Season 16,2000-07-19,2000,wolle_season1_42,16.0,54
4352,3674,Season 16,2000-07-20,2000,wolle_season1_42,16.0,58
4351,3675,Season 16,2000-07-21,2000,wolle_season1_42,16.0,58
4350,3676,Season 17,2000-09-04,2000,wolle_season1_42,17.0,59
4349,3677,Season 17,2000-09-05,2000,wolle_season1_42,17.0,57
4348,3678,Season 17,2000-09-06,2000,wolle_season1_42,17.0,53
4347,3679,Season 17,2000-09-07,2000,wolle_season1_42,17.0,59
4346,3680,Season 17,2000-09-08,2000,wolle_season1_42,17.0,60
4345,3681,Season 17,2000-09-11,2000,wolle_season1_42,17.0,58
4344,3682,Season 17,2000-09-12,2000,wolle_season1_42,17.0,58
4343,3683,Season 17,2000-09-13,2000,wolle_season1_42,17.0,56
4342,3684,Season 17,2000-09-14,2000,wolle_season1_42,17.0,58
4341,3685,Season 17,2000-09-15,2000,wolle_season1_42,17.0,58
4340,3686,Season 17,2000-09-18,2000,wolle_season1_42,17.0,54
4339,3687,Season 17,2000-09-19,2000,wolle_season1_42,17.0,59
4338,3688,Season 17,2000-09-20,2000,wolle_season1_42,17.0,58
4337,3689,Season 17,2000-09-21,2000,wolle_season1_42,17.0,58
4336,3690,Season 17,2000-09-22,2000,wolle_season1_42,17.0,59
4335,3691,Season 17,2000-09-25,2000,wolle_season1_42,17.0,59
4334,3692,Season 17,2000-09-26,2000,wolle_season1_42,17.0,58
4333,3693,Season 17,2000-09-27,2000,wolle_season1_42,17.0,59
4332,3694,Season 17,2000-09-28,2000,wolle_season1_42,17.0,57
4331,3695,Season 17,2000-09-29,2000,wolle_season1_42,17.0,60
4330,3696,Season 17,2000-10-02,2000,wolle_season1_42,17.0,54
4329,3697,Season 17,2000-10-03,2000,wolle_season1_42,17.0,59
4328,3698,Season 17,2000-10-04,2000,wolle_season1_42,17.0,53
4327,3699,Season 17,2000-10-05,2000,wolle_season1_42,17.0,55
4326,3700,Season 17,2000-10-06,2000,wolle_season1_42,17.0,58
4325,3701,Season 17,2000-10-09,2000,wolle_season1_42,17.0,60
4324,3702,Season 17,2000-10-10,2000,wolle_season1_42,17.0,60
4323,3703,Season 17,2000-10-11,2000,wolle_season1_42,17.0,54
4322,3704,Season 17,2000-10-12,2000,wolle_season1_42,17.0,58
4321,3705,Season 17,2000-10-13,2000,wolle_season1_42,17.0,59
4320,3706,Season 17,2000-10-16,2000,wolle_season1_42,17.0,60
4319,3707,Season 17,2000-10-17,2000,wolle_season1_42,17.0,54
4318,3708,Season 17,2000-10-18,2000,wolle_season1_42,17.0,61
4317,3709,Season 17,2000-10-19,2000,wolle_season1_42,17.0,55
4316,3710,Season 17,2000-10-20,2000,wolle_season1_42,17.0,56
4315,3711,Season 17,2000-10-23,2000,wolle_season1_42,17.0,56
4314,3712,Season 17,2000-10-24,2000,wolle_season1_42,17.0,54
4313,3713,Season 17,2000-10-25,2000,wolle_season1_42,17.0,55
4312,3714,Season 17,2000-10-26,2000,wolle_season1_42,17.0,60
4311,3715,Season 17,2000-10-27,2000,wolle_season1_42,17.0,57
4310,3716,Season 17,2000-10-30,2000,wolle_season1_42,17.0,57
4309,3717,Season 17,2000-10-31,2000,wolle_season1_42,17.0,56
4308,3718,Season 17,2000-11-01,2000,wolle_season1_42,17.0,59
4307,3719,Season 17,2000-11-02,2000,wolle_season1_42,17.0,59
4306,3720,Season 17,2000-11-03,2000,wolle_season1_42,17.0,55
4305,3721,Season 17,2000-11-06,2000,wolle_season1_42,17.0,60
4304,3722,Season 17,2000-11-07,2000,wolle_season1_42,17.0,60
4303,3723,Season 17,2000-11-08,2000,wolle_season1_42,17.0,60
4302,3724,Season 17,2000-11-09,2000,wolle_season1_42,17.0,55
4301,3725,Season 17,2000-11-10,2000,wolle_season1_42,17.0,55
4300,3726,Season 17,2000-11-13,2000,wolle_season1_42,17.0,60
4299,3727,Season 17,2000-11-14,2000,wolle_season1_42,17.0,59
4298,3729,Season 17,2000-11-16,2000,wolle_season1_42,17.0,60
4297,3730,Season 17,2000-11-17,2000,wolle_season1_42,17.0,56
4296,3731,Season 17,2000-11-20,2000,wolle_season1_42,17.0,57
4295,3732,Season 17,2000-11-21,2000,wolle_season1_42,17.0,55
4294,3733,Season 17,2000-11-22,2000,wolle_season1_42,17.0,58
4293,3734,Season 17,2000-11-23,2000,wolle_season1_42,17.0,60
4292,3735,Season 17,2000-11-24,2000,wolle_season1_42,17.0,57
4291,3736,Season 17,2000-11-27,2000,wolle_season1_42,17.0,58
4290,3737,Season 17,2000-11-28,2000,wolle_season1_42,17.0,59
4289,3738,Season 17,2000-11-29,2000,wolle_season1_42,17.0,54
4288,3739,Season 17,2000-11-30,2000,wolle_season1_42,17.0,51
4287,3740,Season 17,2000-12-01,2000,wolle_season1_42,17.0,52
4286,3741,Season 17,2000-12-04,2000,wolle_season1_42,17.0,57
4285,3742,Season 17,2000-12-05,2000,wolle_season1_42,17.0,58
4284,3743,Season 17,2000-12-06,2000,wolle_season1_42,17.0,56
4283,3744,Season 17,2000-12-07,2000,wolle_season1_42,17.0,54
4282,3745,Season 17,2000-12-08,2000,wolle_season1_42,17.0,58
4281,3746,Season 17,2000-12-11,2000,wolle_season1_42,17.0,58
4280,3747,Season 17,2000-12-12,2000,wolle_season1_42,17.0,54
4279,3748,Season 17,2000-12-13,2000,wolle_season1_42,17.0,59
4278,3749,Season 17,2000-12-14,2000,wolle_season1_42,17.0,57
4277,3750,Season 17,2000-12-15,2000,wolle_season1_42,17.0,58
4276,3751,Season 17,2000-12-18,2000,wolle_season1_42,17.0,55
4275,3752,Season 17,2000-12-19,2000,wolle_season1_42,17.0,58
4274,3753,Season 17,2000-12-20,2000,wolle_season1_42,17.0,54
4273,3754,Season 17,2000-12-21,2000,wolle_season1_42,17.0,57
4272,3755,Season 17,2000-12-22,2000,wolle_season1_42,17.0,55
4271,3756,Season 17,2000-12-25,2000,wolle_season1_42,17.0,54
4270,3757,Season 17,2000-12-26,2000,wolle_season1_42,17.0,53
4269,3758,Season 17,2000-12-27,2000,wolle_season1_42,17.0,54
4268,3759,Season 17,2000-12-28,2000,wolle_season1_42,17.0,58
4267,3760,Season 17,2000-12-29,2000,wolle_season1_42,17.0,50
4266,3761,Season 17,2001-01-01,2001,wolle_season1_42,17.0,57
4265,3762,Season 17,2001-01-02,2001,wolle_season1_42,17.0,56
4264,3763,Season 17,2001-01-03,2001,wolle_season1_42,17.0,58
4263,3764,Season 17,2001-01-04,2001,wolle_season1_42,17.0,57
4262,3765,Season 17,2001-01-05,2001,wolle_season1_42,17.0,55
4261,3766,Season 17,2001-01-08,2001,wolle_season1_42,17.0,56
4260,3767,Season 17,2001-01-09,2001,wolle_season1_42,17.0,49
4259,3768,Season 17,2001-01-10,2001,wolle_season1_42,17.0,55
4258,3769,Season 17,2001-01-11,2001,wolle_season1_42,17.0,60
4257,3770,Season 17,2001-01-12,2001,wolle_season1_42,17.0,55
4256,3771,Season 17,2001-01-15,2001,wolle_season1_42,17.0,57
4255,3772,Season 17,2001-01-16,2001,wolle_season1_42,17.0,56
4254,3773,Season 17,2001-01-17,2001,wolle_season1_42,17.0,56
4253,3774,Season 17,2001-01-18,2001,wolle_season1_42,17.0,53
4252,3775,Season 17,2001-01-19,2001,wolle_season1_42,17.0,58
4251,3776,Season 17,2001-01-22,2001,wolle_season1_42,17.0,55
4250,3777,Season 17,2001-01-23,2001,wolle_season1_42,17.0,57
4249,3778,Season 17,2001-01-24,2001,wolle_season1_42,17.0,59
4248,3779,Season 17,2001-01-25,2001,wolle_season1_42,17.0,58
4247,3780,Season 17,2001-01-26,2001,wolle_season1_42,17.0,61
4246,3781,Season 17,2001-01-29,2001,wolle_season1_42,17.0,52
4245,3782,Season 17,2001-01-30,2001,wolle_season1_42,17.0,58
4244,3783,Season 17,2001-01-31,2001,wolle_season1_42,17.0,58
4243,3784,Season 17,2001-02-01,2001,wolle_season1_42,17.0,56
4242,3785,Season 17,2001-02-02,2001,wolle_season1_42,17.0,55
4241,3786,Season 17,2001-02-05,2001,wolle_season1_42,17.0,59
4240,3787,Season 17,2001-02-06,2001,wolle_season1_42,17.0,39
4239,3788,Season 17,2001-02-07,2001,wolle_season1_42,17.0,48
4238,3789,Season 17,2001-02-08,2001,wolle_season1_42,17.0,42
4237,3790,Season 17,2001-02-09,2001,wolle_season1_42,17.0,46
4236,3791,Season 17,2001-02-12,2001,wolle_season1_42,17.0,56
4235,3792,Season 17,2001-02-13,2001,wolle_season1_42,17.0,53
4234,3793,Season 17,2001-02-14,2001,wolle_season1_42,17.0,50
4233,3794,Season 17,2001-02-15,2001,wolle_season1_42,17.0,57
4232,3795,Season 17,2001-02-16,2001,wolle_season1_42,17.0,55
4231,3796,Season 17,2001-02-19,2001,wolle_season1_42,17.0,50
4230,3797,Season 17,2001-02-20,2001,wolle_season1_42,17.0,54
4229,3798,Season 17,2001-02-21,2001,wolle_season1_42,17.0,57
4228,3799,Season 17,2001-02-22,2001,wolle_season1_42,17.0,56
4227,3800,Season 17,2001-02-23,2001,wolle_season1_42,17.0,56
4226,3801,Season 17,2001-02-26,2001,wolle_season1_42,17.0,53
4225,3802,Season 17,2001-02-27,2001,wolle_season1_42,17.0,56
4224,3803,Season 17,2001-02-28,2001,wolle_season1_42,17.0,54
4223,3804,Season 17,2001-03-01,2001,wolle_season1_42,17.0,54
4222,3805,Season 17,2001-03-02,2001,wolle_season1_42,17.0,58
4221,3806,Season 17,2001-03-05,2001,wolle_season1_42,17.0,57
4220,3807,Season 17,2001-03-06,2001,wolle_season1_42,17.0,59
4219,3808,Season 17,2001-03-07,2001,wolle_season1_42,17.0,59
4218,3809,Season 17,2001-03-08,2001,wolle_season1_42,17.0,59
4217,3810,Season 17,2001-03-09,2001,wolle_season1_42,17.0,58
4216,3811,Season 17,2001-03-12,2001,wolle_season1_42,17.0,56
4215,3812,Season 17,2001-03-13,2001,wolle_season1_42,17.0,55
4214,3813,Season 17,2001-03-14,2001,wolle_season1_42,17.0,59
4213,3814,Season 17,2001-03-15,2001,wolle_season1_42,17.0,59
4212,3815,Season 17,2001-03-16,2001,wolle_season1_42,17.0,56
4211,3816,Season 17,2001-03-19,2001,wolle_season1_42,17.0,59
4210,3817,Season 17,2001-03-20,2001,wolle_season1_42,17.0,57
4209,3818,Season 17,2001-03-21,2001,wolle_season1_42,17.0,56
4208,3819,Season 17,2001-03-22,2001,wolle_season1_42,17.0,54
4207,3820,Season 17,2001-03-23,2001,wolle_season1_42,17.0,57
4206,3821,Season 17,2001-03-26,2001,wolle_season1_42,17.0,58
4205,3822,Season 17,2001-03-27,2001,wolle_season1_42,17.0,53
4204,3823,Season 17,2001-03-28,2001,wolle_season1_42,17.0,59
4203,3824,Season 17,2001-03-29,2001,wolle_season1_42,17.0,59
4202,3825,Season 17,2001-03-30,2001,wolle_season1_42,17.0,56
4201,3826,Season 17,2001-04-02,2001,wolle_season1_42,17.0,58
4200,3827,Season 17,2001-04-03,2001,wolle_season1_42,17.0,53
4199,3828,Season 17,2001-04-04,2001,wolle_season1_42,17.0,55
4198,3829,Season 17,2001-04-05,2001,wolle_season1_42,17.0,56
4197,3830,Season 17,2001-04-06,2001,wolle_season1_42,17.0,54
4196,3831,Season 17,2001-04-09,2001,wolle_season1_42,17.0,58
4195,3832,Season 17,2001-04-10,2001,wolle_season1_42,17.0,52
4194,3833,Season 17,2001-04-11,2001,wolle_season1_42,17.0,57
4193,3834,Season 17,2001-04-12,2001,wolle_season1_42,17.0,58
4192,3835,Season 17,2001-04-13,2001,wolle_season1_42,17.0,60
4191,3836,Season 17,2001-04-16,2001,wolle_season1_42,17.0,54
4190,3837,Season 17,2001-04-17,2001,wolle_season1_42,17.0,59
4189,3838,Season 17,2001-04-18,2001,wolle_season1_42,17.0,55
4188,3839,Season 17,2001-04-19,2001,wolle_season1_42,17.0,53
4187,3840,Season 17,2001-04-20,2001,wolle_season1_42,17.0,58
4186,3841,Season 17,2001-04-23,2001,wolle_season1_42,17.0,58
4185,3842,Season 17,2001-04-24,2001,wolle_season1_42,17.0,59
4184,3843,Season 17,2001-04-25,2001,wolle_season1_42,17.0,52
4183,3844,Season 17,2001-04-26,2001,wolle_season1_42,17.0,55
4182,3845,Season 17,2001-04-27,2001,wolle_season1_42,17.0,52
4181,3846,Season 17,2001-04-30,2001,wolle_season1_42,17.0,57
4180,3847,Season 17,2001-05-01,2001,wolle_season1_42,17.0,54
4179,3848,Season 17,2001-05-02,2001,wolle_season1_42,17.0,53
4178,3849,Season 17,2001-05-03,2001,wolle_season1_42,17.0,56
4177,3850,Season 17,2001-05-04,2001,wolle_season1_42,17.0,59
4176,3851,Season 17,2001-05-07,2001,wolle_season1_42,17.0,58
4175,3852,Season 17,2001-05-08,2001,wolle_season1_42,17.0,57
4174,3853,Season 17,2001-05-09,2001,wolle_season1_42,17.0,58
4173,3854,Season 17,2001-05-10,2001,wolle_season1_42,17.0,56
4172,3855,Season 17,2001-05-11,2001,wolle_season1_42,17.0,56
4171,3856,Season 17,2001-05-14,2001,wolle_season1_42,17.0,59
4170,3857,Season 17,2001-05-15,2001,wolle_season1_42,17.0,59
4169,3858,Season 17,2001-05-16,2001,wolle_season1_42,17.0,58
4168,3859,Season 17,2001-05-17,2001,wolle_season1_42,17.0,57
4167,3860,Season 17,2001-05-18,2001,wolle_season1_42,17.0,55
4166,3861,Season 17,2001-05-21,2001,wolle_season1_42,17.0,60
4165,3862,Season 17,2001-05-22,2001,wolle_season1_42,17.0,51
4164,3863,Season 17,2001-05-23,2001,wolle_season1_42,17.0,56
4163,3864,Season 17,2001-05-24,2001,wolle_season1_42,17.0,56
4162,3865,Season 17,2001-05-25,2001,wolle_season1_42,17.0,55
4161,3866,Season 17,2001-05-28,2001,wolle_season1_42,17.0,54
4160,3867,Season 17,2001-05-29,2001,wolle_season1_42,17.0,55
4159,3868,Season 17,2001-05-30,2001,wolle_season1_42,17.0,59
4158,3869,Season 17,2001-05-31,2001,wolle_season1_42,17.0,56
4157,3870,Season 17,2001-06-01,2001,wolle_season1_42,17.0,54
4156,3871,Season 17,2001-06-04,2001,wolle_season1_42,17.0,58
4155,3872,Season 17,2001-06-05,2001,wolle_season1_42,17.0,57
4154,3873,Season 17,2001-06-06,2001,wolle_season1_42,17.0,55
4153,3874,Season 17,2001-06-07,2001,wolle_season1_42,17.0,55
4152,3875,Season 17,2001-06-08,2001,wolle_season1_42,17.0,58
4151,3876,Season 17,2001-06-11,2001,wolle_season1_42,17.0,51
4150,3877,Season 17,2001-06-12,2001,wolle_season1_42,17.0,59
4149,3878,Season 17,2001-06-13,2001,wolle_season1_42,17.0,59
4148,3879,Season 17,2001-06-14,2001,wolle_season1_42,17.0,55
4147,3880,Season 17,2001-06-15,2001,wolle_season1_42,17.0,57
4146,3881,Season 17,2001-06-18,2001,wolle_season1_42,17.0,56
4145,3882,Season 17,2001-06-19,2001,wolle_season1_42,17.0,59
4144,3883,Season 17,2001-06-20,2001,wolle_season1_42,17.0,50
4143,3884,Season 17,2001-06-21,2001,wolle_season1_42,17.0,54
4142,3885,Season 17,2001-06-22,2001,wolle_season1_42,17.0,53
4141,3886,Season 17,2001-06-25,2001,wolle_season1_42,17.0,56
4140,3887,Season 17,2001-06-26,2001,wolle_season1_42,17.0,57
4139,3888,Season 17,2001-06-27,2001,wolle_season1_42,17.0,58
4138,3889,Season 17,2001-06-28,2001,wolle_season1_42,17.0,58
4137,3890,Season 17,2001-06-29,2001,wolle_season1_42,17.0,57
4136,3891,Season 17,2001-07-02,2001,wolle_season1_42,17.0,55
4135,3892,Season 17,2001-07-03,2001,wolle_season1_42,17.0,56
4134,3893,Season 17,2001-07-04,2001,wolle_season1_42,17.0,53
4133,3894,Season 17,2001-07-05,2001,wolle_season1_42,17.0,54
4132,3895,Season 17,2001-07-06,2001,wolle_season1_42,17.0,55
4131,3896,Season 17,2001-07-09,2001,wolle_season1_42,17.0,57
4130,3897,Season 17,2001-07-10,2001,wolle_season1_42,17.0,56
4129,3898,Season 17,2001-07-11,2001,wolle_season1_42,17.0,59
4128,3899,Season 17,2001-07-12,2001,wolle_season1_42,17.0,60
4127,3900,Season 17,2001-07-13,2001,wolle_season1_42,17.0,59
4126,3901,Season 17,2001-07-16,2001,wolle_season1_42,17.0,58
4125,3902,Season 17,2001-07-17,2001,wolle_season1_42,17.0,55
4124,3903,Season 17,2001-07-18,2001,wolle_season1_42,17.0,55
4123,3904,Season 17,2001-07-19,2001,wolle_season1_42,17.0,55
4122,3905,Season 17,2001-07-20,2001,wolle_season1_42,17.0,51
4121,3906,Season 18,2001-09-03,2001,wolle_season1_42,18.0,55
4120,3907,Season 18,2001-09-04,2001,wolle_season1_42,18.0,53
4119,3908,Season 18,2001-09-05,2001,wolle_season1_42,18.0,59
4118,3909,Season 18,2001-09-06,2001,wolle_season1_42,18.0,54
4117,3910,Season 18,2001-09-07,2001,wolle_season1_42,18.0,49
4116,3911,Season 18,2001-09-10,2001,wolle_season1_42,18.0,56
4115,3912,Season 18,2001-09-11,2001,wolle_season1_42,18.0,56
4114,3913,Season 18,2001-09-12,2001,wolle_season1_42,18.0,55
4113,3914,Season 18,2001-09-13,2001,wolle_season1_42,18.0,54
4112,3915,Season 18,2001-09-14,2001,wolle_season1_42,18.0,54
4111,3916,Season 18,2001-09-17,2001,wolle_season1_42,18.0,61
4110,3917,Season 18,2001-09-18,2001,wolle_season1_42,18.0,60
4109,3918,Season 18,2001-09-19,2001,wolle_season1_42,18.0,56
4108,3919,Season 18,2001-09-20,2001,wolle_season1_42,18.0,51
4107,3920,Season 18,2001-09-21,2001,wolle_season1_42,18.0,56
4106,3921,Season 18,2001-09-24,2001,wolle_season1_42,18.0,56
4105,3922,Season 18,2001-09-25,2001,wolle_season1_42,18.0,53
4104,3923,Season 18,2001-09-26,2001,wolle_season1_42,18.0,56
4103,3924,Season 18,2001-09-27,2001,wolle_season1_42,18.0,54
4102,3925,Season 18,2001-09-28,2001,wolle_season1_42,18.0,55
4101,3926,Season 18,2001-10-01,2001,wolle_season1_42,18.0,57
4100,3927,Season 18,2001-10-02,2001,wolle_season1_42,18.0,56
4099,3928,Season 18,2001-10-03,2001,wolle_season1_42,18.0,52
4098,3929,Season 18,2001-10-04,2001,wolle_season1_42,18.0,57
4097,3930,Season 18,2001-10-05,2001,wolle_season1_42,18.0,54
4096,3931,Season 18,2001-10-08,2001,wolle_season1_42,18.0,58
4095,3932,Season 18,2001-10-09,2001,wolle_season1_42,18.0,57
4094,3933,Season 18,2001-10-10,2001,wolle_season1_42,18.0,53
4093,3934,Season 18,2001-10-11,2001,wolle_season1_42,18.0,51
4092,3935,Season 18,2001-10-12,2001,wolle_season1_42,18.0,57
4091,3936,Season 18,2001-10-15,2001,wolle_season1_42,18.0,50
4090,3937,Season 18,2001-10-16,2001,wolle_season1_42,18.0,56
4089,3938,Season 18,2001-10-17,2001,wolle_season1_42,18.0,56
4088,3939,Season 18,2001-10-18,2001,wolle_season1_42,18.0,53
4087,3940,Season 18,2001-10-19,2001,wolle_season1_42,18.0,55
4086,3941,Season 18,2001-10-22,2001,wolle_season1_42,18.0,58
4085,3942,Season 18,2001-10-23,2001,wolle_season1_42,18.0,59
4084,3943,Season 18,2001-10-24,2001,wolle_season1_42,18.0,59
4083,3944,Season 18,2001-10-25,2001,wolle_season1_42,18.0,59
4082,3945,Season 18,2001-10-26,2001,wolle_season1_42,18.0,60
4081,3946,Season 18,2001-10-29,2001,wolle_season1_42,18.0,60
4080,3947,Season 18,2001-10-30,2001,wolle_season1_42,18.0,58
4079,3948,Season 18,2001-10-31,2001,wolle_season1_42,18.0,59
4078,3949,Season 18,2001-11-01,2001,wolle_season1_42,18.0,60
4077,3950,Season 18,2001-11-02,2001,wolle_season1_42,18.0,57
4076,3951,Season 18,2001-11-05,2001,wolle_season1_42,18.0,59
4075,3952,Season 18,2001-11-06,2001,wolle_season1_42,18.0,57
4074,3953,Season 18,2001-11-07,2001,wolle_season1_42,18.0,59
4073,3954,Season 18,2001-11-08,2001,wolle_season1_42,18.0,59
4072,3955,Season 18,2001-11-09,2001,wolle_season1_42,18.0,55
4071,3956,Season 18,2001-11-12,2001,wolle_season1_42,18.0,61
4070,3957,Season 18,2001-11-13,2001,wolle_season1_42,18.0,60
4069,3958,Season 18,2001-11-14,2001,wolle_season1_42,18.0,58
4068,3959,Season 18,2001-11-15,2001,wolle_season1_42,18.0,56
4067,3960,Season 18,2001-11-16,2001,wolle_season1_42,18.0,57
4066,3961,Season 18,2001-11-19,2001,wolle_season1_42,18.0,55
4065,3962,Season 18,2001-11-20,2001,wolle_season1_42,18.0,56
4064,3963,Season 18,2001-11-21,2001,wolle_season1_42,18.0,55
4063,3964,Season 18,2001-11-22,2001,wolle_season1_42,18.0,58
4062,3965,Season 18,2001-11-23,2001,wolle_season1_42,18.0,56
4061,3966,Season 18,2001-11-26,2001,wolle_season1_42,18.0,52
4060,3967,Season 18,2001-11-27,2001,wolle_season1_42,18.0,58
4059,3968,Season 18,2001-11-28,2001,wolle_season1_42,18.0,59
4058,3969,Season 18,2001-11-29,2001,wolle_season1_42,18.0,54
4057,3970,Season 18,2001-11-30,2001,wolle_season1_42,18.0,54
4056,3971,Season 18,2001-12-03,2001,wolle_season1_42,18.0,53
4055,3972,Season 18,2001-12-04,2001,wolle_season1_42,18.0,54
4054,3973,Season 18,2001-12-05,2001,wolle_season1_42,18.0,60
4053,3974,Season 18,2001-12-06,2001,wolle_season1_42,18.0,56
4052,3975,Season 18,2001-12-07,2001,wolle_season1_42,18.0,59
4051,3976,Season 18,2001-12-10,2001,wolle_season1_42,18.0,59
4050,3977,Season 18,2001-12-11,2001,wolle_season1_42,18.0,57
4049,3978,Season 18,2001-12-12,2001,wolle_season1_42,18.0,55
4048,3979,Season 18,2001-12-13,2001,wolle_season1_42,18.0,57
4047,3980,Season 18,2001-12-14,2001,wolle_season1_42,18.0,57
4046,3982,Season 18,2001-12-18,2001,wolle_season1_42,18.0,50
4045,3983,Season 18,2001-12-19,2001,wolle_season1_42,18.0,53
4044,3984,Season 18,2001-12-20,2001,wolle_season1_42,18.0,57
4043,3985,Season 18,2001-12-21,2001,wolle_season1_42,18.0,58
4042,3986,Season 18,2001-12-24,2001,wolle_season1_42,18.0,51
4041,3987,Season 18,2001-12-25,2001,wolle_season1_42,18.0,56
4040,3988,Season 18,2001-12-26,2001,wolle_season1_42,18.0,56
4039,3989,Season 18,2001-12-27,2001,wolle_season1_42,18.0,53
4038,3990,Season 18,2001-12-28,2001,wolle_season1_42,18.0,53
4037,3995,Season 18,2002-01-04,2002,wolle_season1_42,18.0,51
4036,3997,Season 18,2002-01-08,2002,wolle_season1_42,18.0,58
4035,3998,Season 18,2002-01-09,2002,wolle_season1_42,18.0,59
4034,3999,Season 18,2002-01-10,2002,wolle_season1_42,18.0,56
4033,4000,Season 18,2002-01-11,2002,wolle_season1_42,18.0,55
4032,4001,Season 18,2002-01-14,2002,wolle_season1_42,18.0,59
4031,4002,Season 18,2002-01-15,2002,wolle_season1_42,18.0,59
4030,4003,Season 18,2002-01-16,2002,wolle_season1_42,18.0,58
4029,4004,Season 18,2002-01-17,2002,wolle_season1_42,18.0,57
4028,4005,Season 18,2002-01-18,2002,wolle_season1_42,18.0,54
4027,4006,Season 18,2002-01-21,2002,wolle_season1_42,18.0,57
4026,4007,Season 18,2002-01-22,2002,wolle_season1_42,18.0,56
4025,4008,Season 18,2002-01-23,2002,wolle_season1_42,18.0,53
4024,4009,Season 18,2002-01-24,2002,wolle_season1_42,18.0,54
4023,4010,Season 18,2002-01-25,2002,wolle_season1_42,18.0,56
4022,4011,Season 18,2002-01-28,2002,wolle_season1_42,18.0,56
4021,4012,Season 18,2002-01-29,2002,wolle_season1_42,18.0,59
4020,4013,Season 18,2002-01-30,2002,wolle_season1_42,18.0,56
4019,4014,Season 18,2002-01-31,2002,wolle_season1_42,18.0,56
4018,4015,Season 18,2002-02-01,2002,wolle_season1_42,18.0,51
4017,4016,Season 18,2002-02-04,2002,wolle_season1_42,18.0,58
4016,4017,Season 18,2002-02-05,2002,wolle_season1_42,18.0,61
4015,4018,Season 18,2002-02-06,2002,wolle_season1_42,18.0,59
4014,4019,Season 18,2002-02-07,2002,wolle_season1_42,18.0,57
4013,4020,Season 18,2002-02-08,2002,wolle_season1_42,18.0,59
4012,4021,Season 18,2002-02-11,2002,wolle_season1_42,18.0,61
4011,4022,Season 18,2002-02-12,2002,wolle_season1_42,18.0,61
4010,4023,Season 18,2002-02-13,2002,wolle_season1_42,18.0,58
4009,4024,Season 18,2002-02-14,2002,wolle_season1_42,18.0,56
4008,4025,Season 18,2002-02-15,2002,wolle_season1_42,18.0,60
4007,4026,Season 18,2002-02-18,2002,wolle_season1_42,18.0,60
4006,4027,Season 18,2002-02-19,2002,wolle_season1_42,18.0,60
4005,4028,Season 18,2002-02-20,2002,wolle_season1_42,18.0,53
4004,4029,Season 18,2002-02-21,2002,wolle_season1_42,18.0,58
4003,4030,Season 18,2002-02-22,2002,wolle_season1_42,18.0,59
4002,4031,Season 18,2002-02-25,2002,wolle_season1_42,18.0,51
4001,4032,Season 18,2002-02-26,2002,wolle_season1_42,18.0,53
4000,4035,Season 18,2002-03-01,2002,wolle_season1_42,18.0,55
3999,4037,Season 18,2002-03-05,2002,wolle_season1_42,18.0,54
3998,4038,Season 18,2002-03-06,2002,wolle_season1_42,18.0,60
3997,4039,Season 18,2002-03-07,2002,wolle_season1_42,18.0,57
3996,4040,Season 18,2002-03-08,2002,wolle_season1_42,18.0,59
3995,4041,Season 18,2002-03-11,2002,wolle_season1_42,18.0,58
3994,4042,Season 18,2002-03-12,2002,wolle_season1_42,18.0,53
3993,4044,Season 18,2002-03-14,2002,wolle_season1_42,18.0,55
3992,4045,Season 18,2002-03-15,2002,wolle_season1_42,18.0,54
3991,4046,Season 18,2002-03-18,2002,wolle_season1_42,18.0,60
3990,4047,Season 18,2002-03-19,2002,wolle_season1_42,18.0,58
3989,4052,Season 18,2002-03-26,2002,wolle_season1_42,18.0,56
3988,4053,Season 18,2002-03-27,2002,wolle_season1_42,18.0,59
3987,4058,Season 18,2002-04-03,2002,wolle_season1_42,18.0,59
3986,4060,Season 18,2002-04-05,2002,wolle_season1_42,18.0,59
3985,4061,Season 18,2002-04-08,2002,wolle_season1_42,18.0,55
3984,4062,Season 18,2002-04-09,2002,wolle_season1_42,18.0,58
3983,4063,Season 18,2002-04-10,2002,wolle_season1_42,18.0,56
3982,4064,Season 18,2002-04-11,2002,wolle_season1_42,18.0,61
3981,4065,Season 18,2002-04-12,2002,wolle_season1_42,18.0,56
3980,4066,Season 18,2002-04-15,2002,wolle_season1_42,18.0,60
3979,4067,Season 18,2002-04-16,2002,wolle_season1_42,18.0,59
3978,4068,Season 18,2002-04-17,2002,wolle_season1_42,18.0,57
3977,4069,Season 18,2002-04-18,2002,wolle_season1_42,18.0,57
3976,4070,Season 18,2002-04-19,2002,wolle_season1_42,18.0,58
3975,4072,Season 18,2002-04-23,2002,wolle_season1_42,18.0,51
3974,4073,Season 18,2002-04-24,2002,wolle_season1_42,18.0,60
3973,4074,Season 18,2002-04-25,2002,wolle_season1_42,18.0,59
3972,4076,Season 18,2002-04-29,2002,wolle_season1_42,18.0,61
3971,4077,Season 18,2002-04-30,2002,wolle_season1_42,18.0,57
3970,4078,Season 18,2002-05-01,2002,wolle_season1_42,18.0,59
3969,4079,Season 18,2002-05-02,2002,wolle_season1_42,18.0,57
3968,4080,Season 18,2002-05-03,2002,wolle_season1_42,18.0,58
3967,4081,Season 18,2002-05-06,2002,wolle_season1_42,18.0,61
3966,4082,Season 18,2002-05-07,2002,wolle_season1_42,18.0,58
3965,4083,Season 18,2002-05-08,2002,wolle_season1_42,18.0,59
3964,4084,Season 18,2002-05-09,2002,wolle_season1_42,18.0,56
3963,4085,Season 18,2002-05-10,2002,wolle_season1_42,18.0,60
3962,4086,Season 18,2002-05-13,2002,wolle_season1_42,18.0,61
3961,4087,Season 18,2002-05-14,2002,wolle_season1_42,18.0,61
3960,4089,Season 18,2002-05-16,2002,wolle_season1_42,18.0,59
3959,4090,Season 18,2002-05-17,2002,wolle_season1_42,18.0,59
3958,4091,Season 18,2002-05-20,2002,wolle_season1_42,18.0,59
3957,4092,Season 18,2002-05-21,2002,wolle_season1_42,18.0,60
3956,4093,Season 18,2002-05-22,2002,wolle_season1_42,18.0,60
3955,4094,Season 18,2002-05-23,2002,wolle_season1_42,18.0,61
3954,4095,Season 18,2002-05-24,2002,wolle_season1_42,18.0,61
3953,4096,Season 18,2002-05-27,2002,wolle_season1_42,18.0,61
3952,4097,Season 18,2002-05-28,2002,wolle_season1_42,18.0,60
3951,4098,Season 18,2002-05-29,2002,wolle_season1_42,18.0,58
3950,4099,Season 18,2002-05-30,2002,wolle_season1_42,18.0,57
3949,4100,Season 18,2002-05-31,2002,wolle_season1_42,18.0,59
3948,4101,Season 18,2002-06-03,2002,wolle_season1_42,18.0,59
3947,4102,Season 18,2002-06-04,2002,wolle_season1_42,18.0,59
3946,4103,Season 18,2002-06-05,2002,wolle_season1_42,18.0,58
3945,4104,Season 18,2002-06-06,2002,wolle_season1_42,18.0,57
3944,4105,Season 18,2002-06-07,2002,wolle_season1_42,18.0,58
3943,4106,Season 18,2002-06-10,2002,wolle_season1_42,18.0,60
3942,4107,Season 18,2002-06-11,2002,wolle_season1_42,18.0,58
3941,4108,Season 18,2002-06-12,2002,wolle_season1_42,18.0,58
3940,4109,Season 18,2002-06-13,2002,wolle_season1_42,18.0,61
3939,4110,Season 18,2002-06-14,2002,wolle_season1_42,18.0,61
3938,4111,Season 18,2002-06-17,2002,wolle_season1_42,18.0,60
3937,4112,Season 18,2002-06-18,2002,wolle_season1_42,18.0,59
3936,4113,Season 18,2002-06-19,2002,wolle_season1_42,18.0,58
3935,4114,Season 18,2002-06-20,2002,wolle_season1_42,18.0,61
3934,4115,Season 18,2002-06-21,2002,wolle_season1_42,18.0,61
3933,4116,Season 18,2002-06-24,2002,wolle_season1_42,18.0,60
3932,4117,Season 18,2002-06-25,2002,wolle_season1_42,18.0,60
3931,4118,Season 18,2002-06-26,2002,wolle_season1_42,18.0,57
3930,4119,Season 18,2002-06-27,2002,wolle_season1_42,18.0,58
3929,4120,Season 18,2002-06-28,2002,wolle_season1_42,18.0,59
3928,4121,Season 18,2002-07-01,2002,wolle_season1_42,18.0,60
3927,4122,Season 18,2002-07-02,2002,wolle_season1_42,18.0,58
3926,4123,Season 18,2002-07-03,2002,wolle_season1_42,18.0,60
3925,4124,Season 18,2002-07-04,2002,wolle_season1_42,18.0,61
3924,4125,Season 18,2002-07-05,2002,wolle_season1_42,18.0,60
3923,4126,Season 18,2002-07-08,2002,wolle_season1_42,18.0,61
3922,4127,Season 18,2002-07-09,2002,wolle_season1_42,18.0,54
3921,4128,Season 18,2002-07-10,2002,wolle_season1_42,18.0,57
3920,4129,Season 18,2002-07-11,2002,wolle_season1_42,18.0,59
3919,4130,Season 18,2002-07-12,2002,wolle_season1_42,18.0,61
3918,4131,Season 18,2002-07-15,2002,wolle_season1_42,18.0,60
3917,4132,Season 18,2002-07-16,2002,wolle_season1_42,18.0,61
3916,4133,Season 18,2002-07-17,2002,wolle_season1_42,18.0,61
3915,4134,Season 18,2002-07-18,2002,wolle_season1_42,18.0,60
3914,4135,Season 18,2002-07-19,2002,wolle_season1_42,18.0,59
3913,4136,Season 19,2002-09-02,2002,wolle_season1_42,19.0,59
3912,4137,Season 19,2002-09-03,2002,wolle_season1_42,19.0,60
3911,4138,Season 19,2002-09-04,2002,wolle_season1_42,19.0,59
3910,4139,Season 19,2002-09-05,2002,wolle_season1_42,19.0,61
3909,4140,Season 19,2002-09-06,2002,wolle_season1_42,19.0,60
3908,4141,Season 19,2002-09-09,2002,wolle_season1_42,19.0,59
3907,4142,Season 19,2002-09-10,2002,wolle_season1_42,19.0,56
3906,4143,Season 19,2002-09-11,2002,wolle_season1_42,19.0,58
3905,4144,Season 19,2002-09-12,2002,wolle_season1_42,19.0,58
3904,4145,Season 19,2002-09-13,2002,wolle_season1_42,19.0,59
3903,4146,Season 19,2002-09-16,2002,wolle_season1_42,19.0,56
3902,4147,Season 19,2002-09-17,2002,wolle_season1_42,19.0,55
3901,4148,Season 19,2002-09-18,2002,wolle_season1_42,19.0,50
3900,4149,Season 19,2002-09-19,2002,wolle_season1_42,19.0,54
3899,4150,Season 19,2002-09-20,2002,wolle_season1_42,19.0,55
3898,4151,Season 19,2002-09-23,2002,wolle_season1_42,19.0,60
3897,4152,Season 19,2002-09-24,2002,wolle_season1_42,19.0,58
3896,4153,Season 19,2002-09-25,2002,wolle_season1_42,19.0,60
3895,4154,Season 19,2002-09-26,2002,wolle_season1_42,19.0,59
3894,4155,Season 19,2002-09-27,2002,wolle_season1_42,19.0,59
3893,4156,Season 19,2002-09-30,2002,wolle_season1_42,19.0,56
3892,4157,Season 19,2002-10-01,2002,wolle_season1_42,19.0,57
3891,4158,Season 19,2002-10-02,2002,wolle_season1_42,19.0,55
3890,4159,Season 19,2002-10-03,2002,wolle_season1_42,19.0,61
3889,4160,Season 19,2002-10-04,2002,wolle_season1_42,19.0,60
3888,4161,Season 19,2002-10-07,2002,wolle_season1_42,19.0,57
3887,4162,Season 19,2002-10-08,2002,wolle_season1_42,19.0,58
3886,4163,Season 19,2002-10-09,2002,wolle_season1_42,19.0,58
3885,4164,Season 19,2002-10-10,2002,wolle_season1_42,19.0,60
3884,4165,Season 19,2002-10-11,2002,wolle_season1_42,19.0,59
3883,4166,Season 19,2002-10-14,2002,wolle_season1_42,19.0,60
3882,4167,Season 19,2002-10-15,2002,wolle_season1_42,19.0,59
3881,4168,Season 19,2002-10-16,2002,wolle_season1_42,19.0,57
3880,4169,Season 19,2002-10-17,2002,wolle_season1_42,19.0,59
3879,4170,Season 19,2002-10-18,2002,wolle_season1_42,19.0,61
3878,4171,Season 19,2002-10-21,2002,wolle_season1_42,19.0,58
3877,4172,Season 19,2002-10-22,2002,wolle_season1_42,19.0,57
3876,4173,Season 19,2002-10-23,2002,wolle_season1_42,19.0,61
3875,4174,Season 19,2002-10-24,2002,wolle_season1_42,19.0,60
3874,4175,Season 19,2002-10-25,2002,wolle_season1_42,19.0,61
3873,4176,Season 19,2002-10-28,2002,wolle_season1_42,19.0,60
3872,4177,Season 19,2002-10-29,2002,wolle_season1_42,19.0,60
3871,4178,Season 19,2002-10-30,2002,wolle_season1_42,19.0,61
3870,4179,Season 19,2002-10-31,2002,wolle_season1_42,19.0,58
3869,4180,Season 19,2002-11-01,2002,wolle_season1_42,19.0,58
3868,4181,Season 19,2002-11-04,2002,wolle_season1_42,19.0,60
3867,4182,Season 19,2002-11-05,2002,wolle_season1_42,19.0,59
3866,4183,Season 19,2002-11-06,2002,wolle_season1_42,19.0,58
3865,4184,Season 19,2002-11-07,2002,wolle_season1_42,19.0,57
3864,4185,Season 19,2002-11-08,2002,wolle_season1_42,19.0,61
3863,4186,Season 19,2002-11-11,2002,wolle_season1_42,19.0,57
3862,4187,Season 19,2002-11-12,2002,wolle_season1_42,19.0,60
3861,4188,Season 19,2002-11-13,2002,wolle_season1_42,19.0,59
3860,4189,Season 19,2002-11-14,2002,wolle_season1_42,19.0,59
3859,4190,Season 19,2002-11-15,2002,wolle_season1_42,19.0,59
3858,4191,Season 19,2002-11-18,2002,wolle_season1_42,19.0,53
3857,4192,Season 19,2002-11-19,2002,wolle_season1_42,19.0,57
3856,4193,Season 19,2002-11-20,2002,wolle_season1_42,19.0,60
3855,4194,Season 19,2002-11-21,2002,wolle_season1_42,19.0,60
3854,4195,Season 19,2002-11-22,2002,wolle_season1_42,19.0,59
3853,4196,Season 19,2002-11-25,2002,wolle_season1_42,19.0,60
3852,4197,Season 19,2002-11-26,2002,wolle_season1_42,19.0,60
3851,4198,Season 19,2002-11-27,2002,wolle_season1_42,19.0,60
3850,4199,Season 19,2002-11-28,2002,wolle_season1_42,19.0,58
3849,4200,Season 19,2002-11-29,2002,wolle_season1_42,19.0,57
3848,4201,Season 19,2002-12-02,2002,wolle_season1_42,19.0,59
3847,4202,Season 19,2002-12-03,2002,wolle_season1_42,19.0,49
3846,4203,Season 19,2002-12-04,2002,wolle_season1_42,19.0,58
3845,4204,Season 19,2002-12-05,2002,wolle_season1_42,19.0,54
3844,4205,Season 19,2002-12-06,2002,wolle_season1_42,19.0,58
3843,4206,Season 19,2002-12-09,2002,wolle_season1_42,19.0,58
3842,4207,Season 19,2002-12-10,2002,wolle_season1_42,19.0,56
3841,4208,Season 19,2002-12-11,2002,wolle_season1_42,19.0,59
3840,4209,Season 19,2002-12-12,2002,wolle_season1_42,19.0,54
3839,4210,Season 19,2002-12-13,2002,wolle_season1_42,19.0,59
3838,4211,Season 19,2002-12-16,2002,wolle_season1_42,19.0,55
3837,4212,Season 19,2002-12-17,2002,wolle_season1_42,19.0,57
3836,4213,Season 19,2002-12-18,2002,wolle_season1_42,19.0,60
3835,4214,Season 19,2002-12-19,2002,wolle_season1_42,19.0,58
3834,4215,Season 19,2002-12-20,2002,wolle_season1_42,19.0,53
3833,4216,Season 19,2002-12-23,2002,wolle_season1_42,19.0,57
3832,4217,Season 19,2002-12-24,2002,wolle_season1_42,19.0,58
3831,4218,Season 19,2002-12-25,2002,wolle_season1_42,19.0,58
3830,4219,Season 19,2002-12-26,2002,wolle_season1_42,19.0,61
3829,4220,Season 19,2002-12-27,2002,wolle_season1_42,19.0,59
3828,4221,Season 19,2002-12-30,2002,wolle_season1_42,19.0,56
3827,4222,Season 19,2002-12-31,2002,wolle_season1_42,19.0,56
3826,4223,Season 19,2003-01-01,2003,wolle_season1_42,19.0,56
3825,4224,Season 19,2003-01-02,2003,wolle_season1_42,19.0,53
3824,4225,Season 19,2003-01-03,2003,wolle_season1_42,19.0,59
3823,4226,Season 19,2003-01-06,2003,wolle_season1_42,19.0,52
3822,4227,Season 19,2003-01-07,2003,wolle_season1_42,19.0,54
3821,4228,Season 19,2003-01-08,2003,wolle_season1_42,19.0,58
3820,4229,Season 19,2003-01-09,2003,wolle_season1_42,19.0,57
3819,4230,Season 19,2003-01-10,2003,wolle_season1_42,19.0,59
3818,4231,Season 19,2003-01-13,2003,wolle_season1_42,19.0,58
3817,4232,Season 19,2003-01-14,2003,wolle_season1_42,19.0,59
3816,4233,Season 19,2003-01-15,2003,wolle_season1_42,19.0,50
3815,4234,Season 19,2003-01-16,2003,wolle_season1_42,19.0,58
3814,4235,Season 19,2003-01-17,2003,wolle_season1_42,19.0,61
3813,4236,Season 19,2003-01-20,2003,wolle_season1_42,19.0,57
3812,4237,Season 19,2003-01-21,2003,wolle_season1_42,19.0,61
3811,4238,Season 19,2003-01-22,2003,wolle_season1_42,19.0,56
3810,4239,Season 19,2003-01-23,2003,wolle_season1_42,19.0,61
3809,4240,Season 19,2003-01-24,2003,wolle_season1_42,19.0,56
3808,4241,Season 19,2003-01-27,2003,wolle_season1_42,19.0,55
3807,4242,Season 19,2003-01-28,2003,wolle_season1_42,19.0,59
3806,4243,Season 19,2003-01-29,2003,wolle_season1_42,19.0,55
3805,4244,Season 19,2003-01-30,2003,wolle_season1_42,19.0,59
3804,4245,Season 19,2003-01-31,2003,wolle_season1_42,19.0,56
3803,4246,Season 19,2003-02-03,2003,wolle_season1_42,19.0,61
3802,4247,Season 19,2003-02-04,2003,wolle_season1_42,19.0,60
3801,4248,Season 19,2003-02-05,2003,wolle_season1_42,19.0,57
3800,4249,Season 19,2003-02-06,2003,wolle_season1_42,19.0,60
3799,4250,Season 19,2003-02-07,2003,wolle_season1_42,19.0,60
3798,4251,Season 19,2003-02-10,2003,wolle_season1_42,19.0,59
3797,4252,Season 19,2003-02-11,2003,wolle_season1_42,19.0,59
3796,4253,Season 19,2003-02-12,2003,wolle_season1_42,19.0,59
3795,4254,Season 19,2003-02-13,2003,wolle_season1_42,19.0,58
3794,4255,Season 19,2003-02-14,2003,wolle_season1_42,19.0,58
3793,4256,Season 19,2003-02-17,2003,wolle_season1_42,19.0,55
3792,4257,Season 19,2003-02-18,2003,wolle_season1_42,19.0,58
3791,4258,Season 19,2003-02-19,2003,wolle_season1_42,19.0,54
3790,4259,Season 19,2003-02-20,2003,wolle_season1_42,19.0,56
3789,4260,Season 19,2003-02-21,2003,wolle_season1_42,19.0,58
3788,4261,Season 19,2003-02-24,2003,wolle_season1_42,19.0,59
3787,4262,Season 19,2003-02-25,2003,wolle_season1_42,19.0,57
3786,4263,Season 19,2003-02-26,2003,wolle_season1_42,19.0,59
3785,4264,Season 19,2003-02-27,2003,wolle_season1_42,19.0,59
3784,4265,Season 19,2003-02-28,2003,wolle_season1_42,19.0,54
3783,4266,Season 19,2003-03-03,2003,wolle_season1_42,19.0,55
3782,4267,Season 19,2003-03-04,2003,wolle_season1_42,19.0,56
3781,4268,Season 19,2003-03-05,2003,wolle_season1_42,19.0,60
3780,4269,Season 19,2003-03-06,2003,wolle_season1_42,19.0,57
3779,4270,Season 19,2003-03-07,2003,wolle_season1_42,19.0,52
3778,4271,Season 19,2003-03-10,2003,wolle_season1_42,19.0,60
3777,4272,Season 19,2003-03-11,2003,wolle_season1_42,19.0,56
3776,4273,Season 19,2003-03-12,2003,wolle_season1_42,19.0,56
3775,4274,Season 19,2003-03-13,2003,wolle_season1_42,19.0,55
3774,4275,Season 19,2003-03-14,2003,wolle_season1_42,19.0,60
3773,4276,Season 19,2003-03-17,2003,wolle_season1_42,19.0,59
3772,4277,Season 19,2003-03-18,2003,wolle_season1_42,19.0,58
3771,4278,Season 19,2003-03-19,2003,wolle_season1_42,19.0,57
3770,4281,Season 19,2003-03-24,2003,wolle_season1_42,19.0,59
3769,4282,Season 19,2003-03-25,2003,wolle_season1_42,19.0,60
3768,4283,Season 19,2003-03-26,2003,wolle_season1_42,19.0,59
3767,4284,Season 19,2003-03-27,2003,wolle_season1_42,19.0,56
3766,4285,Season 19,2003-03-28,2003,wolle_season1_42,19.0,58
3765,4286,Season 19,2003-03-31,2003,wolle_season1_42,19.0,60
3764,4287,Season 19,2003-04-01,2003,wolle_season1_42,19.0,57
3763,4288,Season 19,2003-04-02,2003,wolle_season1_42,19.0,59
3762,4289,Season 19,2003-04-03,2003,wolle_season1_42,19.0,56
3761,4290,Season 19,2003-04-04,2003,wolle_season1_42,19.0,59
3760,4291,Season 19,2003-04-07,2003,wolle_season1_42,19.0,56
3759,4292,Season 19,2003-04-08,2003,wolle_season1_42,19.0,56
3758,4293,Season 19,2003-04-09,2003,wolle_season1_42,19.0,61
3757,4294,Season 19,2003-04-10,2003,wolle_season1_42,19.0,58
3756,4295,Season 19,2003-04-11,2003,wolle_season1_42,19.0,60
3755,4296,Season 19,2003-04-14,2003,wolle_season1_42,19.0,58
3754,4297,Season 19,2003-04-15,2003,wolle_season1_42,19.0,58
3753,4298,Season 19,2003-04-16,2003,wolle_season1_42,19.0,60
3752,4299,Season 19,2003-04-17,2003,wolle_season1_42,19.0,57
3751,4300,Season 19,2003-04-18,2003,wolle_season1_42,19.0,57
3750,4301,Season 19,2003-04-21,2003,wolle_season1_42,19.0,57
3749,4302,Season 19,2003-04-22,2003,wolle_season1_42,19.0,57
3748,4303,Season 19,2003-04-23,2003,wolle_season1_42,19.0,56
3747,4304,Season 19,2003-04-24,2003,wolle_season1_42,19.0,57
3746,4305,Season 19,2003-04-25,2003,wolle_season1_42,19.0,53
3745,4306,Season 19,2003-04-28,2003,wolle_season1_42,19.0,52
3744,4307,Season 19,2003-04-29,2003,wolle_season1_42,19.0,47
3743,4308,Season 19,2003-04-30,2003,wolle_season1_42,19.0,49
3742,4309,Season 19,2003-05-01,2003,wolle_season1_42,19.0,52
3741,4310,Season 19,2003-05-02,2003,wolle_season1_42,19.0,57
3740,4311,Season 19,2003-05-05,2003,wolle_season1_42,19.0,60
3739,4312,Season 19,2003-05-06,2003,wolle_season1_42,19.0,54
3738,4313,Season 19,2003-05-07,2003,wolle_season1_42,19.0,61
3737,4314,Season 19,2003-05-08,2003,wolle_season1_42,19.0,59
3736,4315,Season 19,2003-05-09,2003,wolle_season1_42,19.0,61
3735,4316,Season 19,2003-05-12,2003,wolle_season1_42,19.0,60
3734,4317,Season 19,2003-05-13,2003,wolle_season1_42,19.0,59
3733,4318,Season 19,2003-05-14,2003,wolle_season1_42,19.0,58
3732,4319,Season 19,2003-05-15,2003,wolle_season1_42,19.0,57
3731,4320,Season 19,2003-05-16,2003,wolle_season1_42,19.0,58
3730,4321,Season 19,2003-05-19,2003,wolle_season1_42,19.0,59
3729,4322,Season 19,2003-05-20,2003,wolle_season1_42,19.0,59
3728,4323,Season 19,2003-05-21,2003,wolle_season1_42,19.0,55
3727,4324,Season 19,2003-05-22,2003,wolle_season1_42,19.0,59
3726,4325,Season 19,2003-05-23,2003,wolle_season1_42,19.0,60
3725,4326,Season 19,2003-05-26,2003,wolle_season1_42,19.0,61
3724,4327,Season 19,2003-05-27,2003,wolle_season1_42,19.0,60
3723,4328,Season 19,2003-05-28,2003,wolle_season1_42,19.0,61
3722,4329,Season 19,2003-05-29,2003,wolle_season1_42,19.0,60
3721,4330,Season 19,2003-05-30,2003,wolle_season1_42,19.0,59
3720,4331,Season 19,2003-06-02,2003,wolle_season1_42,19.0,61
3719,4332,Season 19,2003-06-03,2003,wolle_season1_42,19.0,57
3718,4333,Season 19,2003-06-04,2003,wolle_season1_42,19.0,60
3717,4334,Season 19,2003-06-05,2003,wolle_season1_42,19.0,60
3716,4335,Season 19,2003-06-06,2003,wolle_season1_42,19.0,59
3715,4336,Season 19,2003-06-09,2003,wolle_season1_42,19.0,57
3714,4337,Season 19,2003-06-10,2003,wolle_season1_42,19.0,60
3713,4338,Season 19,2003-06-11,2003,wolle_season1_42,19.0,60
3712,4339,Season 19,2003-06-12,2003,wolle_season1_42,19.0,58
3711,4340,Season 19,2003-06-13,2003,wolle_season1_42,19.0,59
3710,4341,Season 19,2003-06-16,2003,wolle_season1_42,19.0,58
3709,4342,Season 19,2003-06-17,2003,wolle_season1_42,19.0,56
3708,4343,Season 19,2003-06-18,2003,wolle_season1_42,19.0,57
3707,4344,Season 19,2003-06-19,2003,wolle_season1_42,19.0,61
3706,4345,Season 19,2003-06-20,2003,wolle_season1_42,19.0,54
3705,4346,Season 19,2003-06-23,2003,wolle_season1_42,19.0,50
3704,4347,Season 19,2003-06-24,2003,wolle_season1_42,19.0,57
3703,4348,Season 19,2003-06-25,2003,wolle_season1_42,19.0,57
3702,4349,Season 19,2003-06-26,2003,wolle_season1_42,19.0,60
3701,4350,Season 19,2003-06-27,2003,wolle_season1_42,19.0,59
3700,4351,Season 19,2003-06-30,2003,wolle_season1_42,19.0,59
3699,4352,Season 19,2003-07-01,2003,wolle_season1_42,19.0,60
3698,4353,Season 19,2003-07-02,2003,wolle_season1_42,19.0,60
3697,4354,Season 19,2003-07-03,2003,wolle_season1_42,19.0,55
3696,4355,Season 19,2003-07-04,2003,wolle_season1_42,19.0,57
3695,4356,Season 19,2003-07-07,2003,wolle_season1_42,19.0,60
3694,4357,Season 19,2003-07-08,2003,wolle_season1_42,19.0,56
3693,4358,Season 19,2003-07-09,2003,wolle_season1_42,19.0,59
3692,4359,Season 19,2003-07-10,2003,wolle_season1_42,19.0,60
3691,4360,Season 19,2003-07-11,2003,wolle_season1_42,19.0,58
3690,4361,Season 19,2003-07-14,2003,wolle_season1_42,19.0,60
3689,4362,Season 19,2003-07-15,2003,wolle_season1_42,19.0,57
3688,4363,Season 19,2003-07-16,2003,wolle_season1_42,19.0,60
3687,4364,Season 19,2003-07-17,2003,wolle_season1_42,19.0,57
3686,4365,Season 19,2003-07-18,2003,wolle_season1_42,19.0,51
3685,4366,Season 20,2003-09-08,2003,wolle_season1_42,20.0,53
3684,4367,Season 20,2003-09-09,2003,wolle_season1_42,20.0,56
3683,4368,Season 20,2003-09-10,2003,wolle_season1_42,20.0,58
3682,4369,Season 20,2003-09-11,2003,wolle_season1_42,20.0,59
3681,4370,Season 20,2003-09-12,2003,wolle_season1_42,20.0,54
3680,4371,Season 20,2003-09-15,2003,wolle_season1_42,20.0,53
3679,4372,Season 20,2003-09-16,2003,wolle_season1_42,20.0,54
3678,4373,Season 20,2003-09-17,2003,wolle_season1_42,20.0,58
3677,4374,Season 20,2003-09-18,2003,wolle_season1_42,20.0,59
3676,4375,Season 20,2003-09-19,2003,wolle_season1_42,20.0,58
3675,4376,Season 20,2003-09-22,2003,wolle_season1_42,20.0,60
3674,4377,Season 20,2003-09-23,2003,wolle_season1_42,20.0,54
3673,4378,Season 20,2003-09-24,2003,wolle_season1_42,20.0,54
3672,4379,Season 20,2003-09-25,2003,wolle_season1_42,20.0,57
3671,4380,Season 20,2003-09-26,2003,wolle_season1_42,20.0,56
3670,4381,Season 20,2003-09-29,2003,wolle_season1_42,20.0,58
3669,4382,Season 20,2003-09-30,2003,wolle_season1_42,20.0,56
3668,4383,Season 20,2003-10-01,2003,wolle_season1_42,20.0,60
3667,4384,Season 20,2003-10-02,2003,wolle_season1_42,20.0,60
3666,4385,Season 20,2003-10-03,2003,wolle_season1_42,20.0,59
3665,4386,Season 20,2003-10-06,2003,wolle_season1_42,20.0,60
3664,4387,Season 20,2003-10-07,2003,wolle_season1_42,20.0,59
3663,4388,Season 20,2003-10-08,2003,wolle_season1_42,20.0,61
3662,4389,Season 20,2003-10-09,2003,wolle_season1_42,20.0,59
3661,4390,Season 20,2003-10-10,2003,wolle_season1_42,20.0,60
3660,4391,Season 20,2003-10-13,2003,wolle_season1_42,20.0,59
3659,4392,Season 20,2003-10-14,2003,wolle_season1_42,20.0,59
3658,4393,Season 20,2003-10-15,2003,wolle_season1_42,20.0,58
3657,4394,Season 20,2003-10-16,2003,wolle_season1_42,20.0,59
3656,4395,Season 20,2003-10-17,2003,wolle_season1_42,20.0,60
3655,4396,Season 20,2003-10-20,2003,wolle_season1_42,20.0,58
3654,4397,Season 20,2003-10-21,2003,wolle_season1_42,20.0,59
3653,4398,Season 20,2003-10-22,2003,wolle_season1_42,20.0,60
3652,4399,Season 20,2003-10-23,2003,wolle_season1_42,20.0,57
3651,4400,Season 20,2003-10-24,2003,wolle_season1_42,20.0,59
3650,4401,Season 20,2003-10-27,2003,wolle_season1_42,20.0,57
3649,4402,Season 20,2003-10-28,2003,wolle_season1_42,20.0,57
3648,4403,Season 20,2003-10-29,2003,wolle_season1_42,20.0,58
3647,4404,Season 20,2003-10-30,2003,wolle_season1_42,20.0,59
3646,4405,Season 20,2003-10-31,2003,wolle_season1_42,20.0,54
3645,4406,Season 20,2003-11-03,2003,wolle_season1_42,20.0,60
3644,4407,Season 20,2003-11-04,2003,wolle_season1_42,20.0,56
3643,4408,Season 20,2003-11-05,2003,wolle_season1_42,20.0,54
3642,4409,Season 20,2003-11-06,2003,wolle_season1_42,20.0,52
3641,4410,Season 20,2003-11-07,2003,wolle_season1_42,20.0,51
3640,4411,Season 20,2003-11-10,2003,wolle_season1_42,20.0,60
3639,4412,Season 20,2003-11-11,2003,wolle_season1_42,20.0,59
3638,4413,Season 20,2003-11-12,2003,wolle_season1_42,20.0,58
3637,4414,Season 20,2003-11-13,2003,wolle_season1_42,20.0,58
3636,4415,Season 20,2003-11-14,2003,wolle_season1_42,20.0,61
3635,4416,Season 20,2003-11-17,2003,wolle_season1_42,20.0,61
3634,4417,Season 20,2003-11-18,2003,wolle_season1_42,20.0,61
3633,4418,Season 20,2003-11-19,2003,wolle_season1_42,20.0,57
3632,4419,Season 20,2003-11-20,2003,wolle_season1_42,20.0,53
3631,4420,Season 20,2003-11-21,2003,wolle_season1_42,20.0,59
3630,4421,Season 20,2003-11-24,2003,wolle_season1_42,20.0,57
3629,4422,Season 20,2003-11-25,2003,wolle_season1_42,20.0,57
3628,4423,Season 20,2003-11-26,2003,wolle_season1_42,20.0,59
3627,4424,Season 20,2003-11-27,2003,wolle_season1_42,20.0,53
3626,4425,Season 20,2003-11-28,2003,wolle_season1_42,20.0,54
3625,4426,Season 20,2003-12-01,2003,wolle_season1_42,20.0,61
3624,4427,Season 20,2003-12-02,2003,wolle_season1_42,20.0,60
3623,4428,Season 20,2003-12-03,2003,wolle_season1_42,20.0,58
3622,4429,Season 20,2003-12-04,2003,wolle_season1_42,20.0,59
3621,4430,Season 20,2003-12-05,2003,wolle_season1_42,20.0,59
3620,4431,Season 20,2003-12-08,2003,wolle_season1_42,20.0,58
3619,4432,Season 20,2003-12-09,2003,wolle_season1_42,20.0,59
3618,4433,Season 20,2003-12-10,2003,wolle_season1_42,20.0,59
3617,4434,Season 20,2003-12-11,2003,wolle_season1_42,20.0,59
3616,4435,Season 20,2003-12-12,2003,wolle_season1_42,20.0,59
3615,4436,Season 20,2003-12-15,2003,wolle_season1_42,20.0,59
3614,4437,Season 20,2003-12-16,2003,wolle_season1_42,20.0,59
3613,4438,Season 20,2003-12-17,2003,wolle_season1_42,20.0,53
3612,4439,Season 20,2003-12-18,2003,wolle_season1_42,20.0,57
3611,4440,Season 20,2003-12-19,2003,wolle_season1_42,20.0,56
3610,4441,Season 20,2003-12-22,2003,wolle_season1_42,20.0,55
3609,4442,Season 20,2003-12-23,2003,wolle_season1_42,20.0,58
3608,4443,Season 20,2003-12-24,2003,wolle_season1_42,20.0,55
3607,4444,Season 20,2003-12-25,2003,wolle_season1_42,20.0,60
3606,4445,Season 20,2003-12-26,2003,wolle_season1_42,20.0,55
3605,4446,Season 20,2003-12-29,2003,wolle_season1_42,20.0,57
3604,4447,Season 20,2003-12-30,2003,wolle_season1_42,20.0,59
3603,4448,Season 20,2003-12-31,2003,wolle_season1_42,20.0,56
3602,4449,Season 20,2004-01-01,2004,wolle_season1_42,20.0,60
3601,4450,Season 20,2004-01-02,2004,wolle_season1_42,20.0,57
3600,4451,Season 20,2004-01-05,2004,wolle_season1_42,20.0,57
3599,4452,Season 20,2004-01-06,2004,wolle_season1_42,20.0,58
3598,4453,Season 20,2004-01-07,2004,wolle_season1_42,20.0,59
3597,4454,Season 20,2004-01-08,2004,wolle_season1_42,20.0,58
3596,4455,Season 20,2004-01-09,2004,wolle_season1_42,20.0,59
3595,4456,Season 20,2004-01-12,2004,wolle_season1_42,20.0,60
3594,4457,Season 20,2004-01-13,2004,wolle_season1_42,20.0,60
3593,4458,Season 20,2004-01-14,2004,wolle_season1_42,20.0,58
3592,4459,Season 20,2004-01-15,2004,wolle_season1_42,20.0,59
3591,4460,Season 20,2004-01-16,2004,wolle_season1_42,20.0,58
3590,4461,Season 20,2004-01-19,2004,wolle_season1_42,20.0,57
3589,4462,Season 20,2004-01-20,2004,wolle_season1_42,20.0,59
3588,4463,Season 20,2004-01-21,2004,wolle_season1_42,20.0,59
3587,4464,Season 20,2004-01-22,2004,wolle_season1_42,20.0,58
3586,4465,Season 20,2004-01-23,2004,wolle_season1_42,20.0,57
3585,4466,Season 20,2004-01-26,2004,wolle_season1_42,20.0,61
3584,4467,Season 20,2004-01-27,2004,wolle_season1_42,20.0,56
3583,4468,Season 20,2004-01-28,2004,wolle_season1_42,20.0,58
3582,4469,Season 20,2004-01-29,2004,wolle_season1_42,20.0,59
3581,4470,Season 20,2004-01-30,2004,wolle_season1_42,20.0,61
3580,4471,Season 20,2004-02-02,2004,wolle_season1_42,20.0,55
3579,4472,Season 20,2004-02-03,2004,wolle_season1_42,20.0,61
3578,4473,Season 20,2004-02-04,2004,wolle_season1_42,20.0,61
3577,4474,Season 20,2004-02-05,2004,wolle_season1_42,20.0,58
3576,4475,Season 20,2004-02-06,2004,wolle_season1_42,20.0,56
3575,4476,Season 20,2004-02-09,2004,wolle_season1_42,20.0,59
3574,4477,Season 20,2004-02-10,2004,wolle_season1_42,20.0,60
3573,4478,Season 20,2004-02-11,2004,wolle_season1_42,20.0,58
3572,4479,Season 20,2004-02-12,2004,wolle_season1_42,20.0,56
3571,4480,Season 20,2004-02-13,2004,wolle_season1_42,20.0,60
3570,4481,Season 20,2004-02-16,2004,wolle_season1_42,20.0,59
3569,4482,Season 20,2004-02-17,2004,wolle_season1_42,20.0,59
3568,4483,Season 20,2004-02-18,2004,wolle_season1_42,20.0,60
3567,4484,Season 20,2004-02-19,2004,wolle_season1_42,20.0,59
3566,4485,Season 20,2004-02-20,2004,wolle_season1_42,20.0,59
3565,4486,Season 20,2004-02-23,2004,wolle_season1_42,20.0,58
3564,4487,Season 20,2004-02-24,2004,wolle_season1_42,20.0,60
3563,4488,Season 20,2004-02-25,2004,wolle_season1_42,20.0,55
3562,4489,Season 20,2004-02-26,2004,wolle_season1_42,20.0,56
3561,4490,Season 20,2004-02-27,2004,wolle_season1_42,20.0,57
3560,4491,Season 20,2004-03-01,2004,wolle_season1_42,20.0,57
3559,4492,Season 20,2004-03-02,2004,wolle_season1_42,20.0,56
3558,4493,Season 20,2004-03-03,2004,wolle_season1_42,20.0,60
3557,4494,Season 20,2004-03-04,2004,wolle_season1_42,20.0,60
3556,4495,Season 20,2004-03-05,2004,wolle_season1_42,20.0,59
3555,4496,Season 20,2004-03-08,2004,wolle_season1_42,20.0,58
3554,4497,Season 20,2004-03-09,2004,wolle_season1_42,20.0,58
3553,4498,Season 20,2004-03-10,2004,wolle_season1_42,20.0,56
3552,4499,Season 20,2004-03-11,2004,wolle_season1_42,20.0,57
3551,4500,Season 20,2004-03-12,2004,wolle_season1_42,20.0,59
3550,4501,Season 20,2004-03-15,2004,wolle_season1_42,20.0,55
3549,4502,Season 20,2004-03-16,2004,wolle_season1_42,20.0,57
3548,4503,Season 20,2004-03-17,2004,wolle_season1_42,20.0,59
3547,4504,Season 20,2004-03-18,2004,wolle_season1_42,20.0,57
3546,4505,Season 20,2004-03-19,2004,wolle_season1_42,20.0,58
3545,4506,Season 20,2004-03-22,2004,wolle_season1_42,20.0,61
3544,4507,Season 20,2004-03-23,2004,wolle_season1_42,20.0,60
3543,4508,Season 20,2004-03-24,2004,wolle_season1_42,20.0,57
3542,4509,Season 20,2004-03-25,2004,wolle_season1_42,20.0,59
3541,4510,Season 20,2004-03-26,2004,wolle_season1_42,20.0,55
3540,4511,Season 20,2004-03-29,2004,wolle_season1_42,20.0,60
3539,4512,Season 20,2004-03-30,2004,wolle_season1_42,20.0,57
3538,4513,Season 20,2004-03-31,2004,wolle_season1_42,20.0,58
3537,4514,Season 20,2004-04-01,2004,wolle_season1_42,20.0,61
3536,4515,Season 20,2004-04-02,2004,wolle_season1_42,20.0,53
3535,4516,Season 20,2004-04-05,2004,wolle_season1_42,20.0,53
3534,4517,Season 20,2004-04-06,2004,wolle_season1_42,20.0,59
3533,4518,Season 20,2004-04-07,2004,wolle_season1_42,20.0,60
3532,4519,Season 20,2004-04-08,2004,wolle_season1_42,20.0,58
3531,4520,Season 20,2004-04-09,2004,wolle_season1_42,20.0,58
3530,4521,Season 20,2004-04-12,2004,wolle_season1_42,20.0,58
3529,4522,Season 20,2004-04-13,2004,wolle_season1_42,20.0,59
3528,4523,Season 20,2004-04-14,2004,wolle_season1_42,20.0,58
3527,4524,Season 20,2004-04-15,2004,wolle_season1_42,20.0,60
3526,4525,Season 20,2004-04-16,2004,wolle_season1_42,20.0,53
3525,4526,Season 20,2004-04-19,2004,wolle_season1_42,20.0,61
3524,4527,Season 20,2004-04-20,2004,wolle_season1_42,20.0,61
3523,4528,Season 20,2004-04-21,2004,wolle_season1_42,20.0,60
3522,4529,Season 20,2004-04-22,2004,wolle_season1_42,20.0,59
3521,4530,Season 20,2004-04-23,2004,wolle_season1_42,20.0,59
3520,4531,Season 20,2004-04-26,2004,wolle_season1_42,20.0,55
3519,4532,Season 20,2004-04-27,2004,wolle_season1_42,20.0,58
3518,4533,Season 20,2004-04-28,2004,wolle_season1_42,20.0,59
3517,4534,Season 20,2004-04-29,2004,wolle_season1_42,20.0,58
3516,4535,Season 20,2004-04-30,2004,wolle_season1_42,20.0,57
3515,4536,Season 20,2004-05-03,2004,wolle_season1_42,20.0,58
3514,4537,Season 20,2004-05-04,2004,wolle_season1_42,20.0,52
3513,4538,Season 20,2004-05-05,2004,wolle_season1_42,20.0,56
3512,4539,Season 20,2004-05-06,2004,wolle_season1_42,20.0,59
3511,4540,Season 20,2004-05-07,2004,wolle_season1_42,20.0,55
3510,4541,Season 20,2004-05-10,2004,wolle_season1_42,20.0,49
3509,4542,Season 20,2004-05-11,2004,wolle_season1_42,20.0,40
3508,4543,Season 20,2004-05-12,2004,wolle_season1_42,20.0,50
3507,4544,Season 20,2004-05-13,2004,wolle_season1_42,20.0,40
3506,4545,Season 20,2004-05-14,2004,wolle_season1_42,20.0,50
3505,4546,Season 20,2004-05-17,2004,wolle_season1_42,20.0,60
3504,4547,Season 20,2004-05-18,2004,wolle_season1_42,20.0,57
3503,4548,Season 20,2004-05-19,2004,wolle_season1_42,20.0,58
3502,4549,Season 20,2004-05-20,2004,wolle_season1_42,20.0,59
3501,4550,Season 20,2004-05-21,2004,wolle_season1_42,20.0,60
3500,4551,Season 20,2004-05-24,2004,wolle_season1_42,20.0,60
3499,4552,Season 20,2004-05-25,2004,wolle_season1_42,20.0,60
3498,4553,Season 20,2004-05-26,2004,wolle_season1_42,20.0,54
3497,4554,Season 20,2004-05-27,2004,wolle_season1_42,20.0,58
3496,4555,Season 20,2004-05-28,2004,wolle_season1_42,20.0,57
3495,4556,Season 20,2004-05-31,2004,wolle_season1_42,20.0,52
3494,4557,Season 20,2004-06-01,2004,wolle_season1_42,20.0,59
3493,4558,Season 20,2004-06-02,2004,wolle_season1_42,20.0,60
3492,4559,Season 20,2004-06-03,2004,wolle_season1_42,20.0,58
3491,4560,Season 20,2004-06-04,2004,wolle_season1_42,20.0,58
3490,4561,Season 20,2004-06-07,2004,wolle_season1_42,20.0,61
3489,4562,Season 20,2004-06-08,2004,wolle_season1_42,20.0,57
3488,4563,Season 20,2004-06-09,2004,wolle_season1_42,20.0,58
3487,4564,Season 20,2004-06-10,2004,wolle_season1_42,20.0,59
3486,4565,Season 20,2004-06-11,2004,wolle_season1_42,20.0,58
3485,4566,Season 20,2004-06-14,2004,wolle_season1_42,20.0,60
3484,4567,Season 20,2004-06-15,2004,wolle_season1_42,20.0,60
3483,4568,Season 20,2004-06-16,2004,wolle_season1_42,20.0,60
3482,4569,Season 20,2004-06-17,2004,wolle_season1_42,20.0,59
3481,4570,Season 20,2004-06-18,2004,wolle_season1_42,20.0,60
3480,4571,Season 20,2004-06-21,2004,wolle_season1_42,20.0,54
3479,4572,Season 20,2004-06-22,2004,wolle_season1_42,20.0,58
3478,4573,Season 20,2004-06-23,2004,wolle_season1_42,20.0,58
3477,4574,Season 20,2004-06-24,2004,wolle_season1_42,20.0,61
3476,4575,Season 20,2004-06-25,2004,wolle_season1_42,20.0,61
3475,4576,Season 20,2004-06-28,2004,wolle_season1_42,20.0,59
3474,4577,Season 20,2004-06-29,2004,wolle_season1_42,20.0,61
3473,4578,Season 20,2004-06-30,2004,wolle_season1_42,20.0,59
3472,4579,Season 20,2004-07-01,2004,wolle_season1_42,20.0,61
3471,4580,Season 20,2004-07-02,2004,wolle_season1_42,20.0,56
3470,4581,Season 20,2004-07-05,2004,wolle_season1_42,20.0,58
3469,4582,Season 20,2004-07-06,2004,wolle_season1_42,20.0,59
3468,4583,Season 20,2004-07-07,2004,wolle_season1_42,20.0,58
3467,4584,Season 20,2004-07-08,2004,wolle_season1_42,20.0,60
3466,4585,Season 20,2004-07-09,2004,wolle_season1_42,20.0,59
3465,4586,Season 20,2004-07-12,2004,wolle_season1_42,20.0,58
3464,4587,Season 20,2004-07-13,2004,wolle_season1_42,20.0,61
3463,4588,Season 20,2004-07-14,2004,wolle_season1_42,20.0,61
3462,4589,Season 20,2004-07-15,2004,wolle_season1_42,20.0,59
3461,4590,Season 20,2004-07-16,2004,wolle_season1_42,20.0,60
3460,4591,Season 20,2004-07-19,2004,wolle_season1_42,20.0,60
3459,4592,Season 20,2004-07-20,2004,wolle_season1_42,20.0,57
3458,4593,Season 20,2004-07-21,2004,wolle_season1_42,20.0,60
3457,4594,Season 20,2004-07-22,2004,wolle_season1_42,20.0,58
3456,4595,Season 20,2004-07-23,2004,wolle_season1_42,20.0,58
3455,4596,Season 21,2004-09-06,2004,wolle_season1_42,21.0,60
3454,4597,Season 21,2004-09-07,2004,wolle_season1_42,21.0,61
3453,4598,Season 21,2004-09-08,2004,wolle_season1_42,21.0,54
3452,4599,Season 21,2004-09-09,2004,wolle_season1_42,21.0,53
3451,4600,Season 21,2004-09-10,2004,wolle_season1_42,21.0,58
3450,4601,Season 21,2004-09-13,2004,wolle_season1_42,21.0,59
3449,4602,Season 21,2004-09-14,2004,wolle_season1_42,21.0,61
3448,4603,Season 21,2004-09-15,2004,wolle_season1_42,21.0,60
3447,4604,Season 21,2004-09-16,2004,wolle_season1_42,21.0,59
3446,4605,Season 21,2004-09-17,2004,wolle_season1_42,21.0,54
3445,4606,Season 21,2004-09-20,2004,wolle_season1_42,21.0,61
3444,4607,Season 21,2004-09-21,2004,wolle_season1_42,21.0,58
3443,4608,Season 21,2004-09-22,2004,wolle_season1_42,21.0,61
3442,4609,Season 21,2004-09-23,2004,wolle_season1_42,21.0,61
3441,4610,Season 21,2004-09-24,2004,wolle_season1_42,21.0,60
3440,4611,Season 21,2004-09-27,2004,wolle_season1_42,21.0,55
3439,4612,Season 21,2004-09-28,2004,wolle_season1_42,21.0,59
3438,4613,Season 21,2004-09-29,2004,wolle_season1_42,21.0,60
3437,4614,Season 21,2004-09-30,2004,wolle_season1_42,21.0,60
3436,4615,Season 21,2004-10-01,2004,wolle_season1_42,21.0,60
3435,4616,Season 21,2004-10-04,2004,wolle_season1_42,21.0,61
3434,4617,Season 21,2004-10-05,2004,wolle_season1_42,21.0,59
3433,4618,Season 21,2004-10-06,2004,wolle_season1_42,21.0,60
3432,4619,Season 21,2004-10-07,2004,wolle_season1_42,21.0,59
3431,4620,Season 21,2004-10-08,2004,wolle_season1_42,21.0,59
3430,4621,Season 21,2004-10-11,2004,wolle_season1_42,21.0,61
3429,4622,Season 21,2004-10-12,2004,wolle_season1_42,21.0,58
3428,4623,Season 21,2004-10-13,2004,wolle_season1_42,21.0,56
3427,4624,Season 21,2004-10-14,2004,wolle_season1_42,21.0,61
3426,4625,Season 21,2004-10-15,2004,wolle_season1_42,21.0,58
3425,4626,Season 21,2004-10-18,2004,wolle_season1_42,21.0,53
3424,4627,Season 21,2004-10-19,2004,wolle_season1_42,21.0,61
3423,4628,Season 21,2004-10-20,2004,wolle_season1_42,21.0,56
3422,4629,Season 21,2004-10-21,2004,wolle_season1_42,21.0,55
3421,4630,Season 21,2004-10-22,2004,wolle_season1_42,21.0,51
3420,4631,Season 21,2004-10-25,2004,wolle_season1_42,21.0,60
3419,4632,Season 21,2004-10-26,2004,wolle_season1_42,21.0,58
3418,4633,Season 21,2004-10-27,2004,wolle_season1_42,21.0,58
3417,4634,Season 21,2004-10-28,2004,wolle_season1_42,21.0,56
3416,4635,Season 21,2004-10-29,2004,wolle_season1_42,21.0,61
3415,4636,Season 21,2004-11-01,2004,wolle_season1_42,21.0,59
3414,4637,Season 21,2004-11-03,2004,wolle_season1_42,21.0,57
3413,4638,Season 21,2004-11-04,2004,wolle_season1_42,21.0,59
3412,4639,Season 21,2004-11-05,2004,wolle_season1_42,21.0,60
3411,4640,Season 21,2004-11-06,2004,wolle_season1_42,21.0,61
3410,4641,Season 21,2004-11-08,2004,wolle_season1_42,21.0,58
3409,4642,Season 21,2004-11-09,2004,wolle_season1_42,21.0,60
3408,4643,Season 21,2004-11-10,2004,wolle_season1_42,21.0,59
3407,4644,Season 21,2004-11-11,2004,wolle_season1_42,21.0,58
3406,4645,Season 21,2004-11-12,2004,wolle_season1_42,21.0,60
3405,4646,Season 21,2004-11-15,2004,wolle_season1_42,21.0,57
3404,4647,Season 21,2004-11-16,2004,wolle_season1_42,21.0,60
3403,4648,Season 21,2004-11-17,2004,wolle_season1_42,21.0,60
3402,4649,Season 21,2004-11-18,2004,wolle_season1_42,21.0,60
3401,4650,Season 21,2004-11-19,2004,wolle_season1_42,21.0,60
3400,4651,Season 21,2004-11-22,2004,wolle_season1_42,21.0,54
3399,4652,Season 21,2004-11-23,2004,wolle_season1_42,21.0,58
3398,4653,Season 21,2004-11-24,2004,wolle_season1_42,21.0,60
3397,4654,Season 21,2004-11-25,2004,wolle_season1_42,21.0,61
3396,4655,Season 21,2004-11-26,2004,wolle_season1_42,21.0,59
3395,4656,Season 21,2004-11-29,2004,wolle_season1_42,21.0,59
3394,4657,Season 21,2004-11-30,2004,wolle_season1_42,21.0,58
3393,4658,Season 21,2004-12-01,2004,wolle_season1_42,21.0,56
3392,4659,Season 21,2004-12-02,2004,wolle_season1_42,21.0,57
3391,4660,Season 21,2004-12-03,2004,wolle_season1_42,21.0,58
3390,4661,Season 21,2004-12-06,2004,wolle_season1_42,21.0,61
3389,4662,Season 21,2004-12-07,2004,wolle_season1_42,21.0,55
3388,4663,Season 21,2004-12-08,2004,wolle_season1_42,21.0,58
3387,4664,Season 21,2004-12-09,2004,wolle_season1_42,21.0,59
3386,4665,Season 21,2004-12-10,2004,wolle_season1_42,21.0,61
3385,4666,Season 21,2004-12-13,2004,wolle_season1_42,21.0,58
3384,4667,Season 21,2004-12-14,2004,wolle_season1_42,21.0,60
3383,4668,Season 21,2004-12-15,2004,wolle_season1_42,21.0,57
3382,4669,Season 21,2004-12-16,2004,wolle_season1_42,21.0,59
3381,4670,Season 21,2004-12-17,2004,wolle_season1_42,21.0,57
3380,4671,Season 21,2004-12-20,2004,wolle_season1_42,21.0,56
3379,4672,Season 21,2004-12-21,2004,wolle_season1_42,21.0,61
3378,4673,Season 21,2004-12-22,2004,wolle_season1_42,21.0,57
3377,4674,Season 21,2004-12-23,2004,wolle_season1_42,21.0,59
3376,4675,Season 21,2004-12-24,2004,wolle_season1_42,21.0,59
3375,4676,Season 21,2004-12-27,2004,wolle_season1_42,21.0,59
3374,4677,Season 21,2004-12-28,2004,wolle_season1_42,21.0,57
3373,4678,Season 21,2004-12-29,2004,wolle_season1_42,21.0,57
3372,4679,Season 21,2004-12-30,2004,wolle_season1_42,21.0,60
3371,4680,Season 21,2004-12-31,2004,wolle_season1_42,21.0,55
3370,4681,Season 21,2005-01-03,2005,wolle_season1_42,21.0,59
3369,4682,Season 21,2005-01-04,2005,wolle_season1_42,21.0,61
3368,4683,Season 21,2005-01-05,2005,wolle_season1_42,21.0,61
3367,4684,Season 21,2005-01-06,2005,wolle_season1_42,21.0,59
3366,4685,Season 21,2005-01-07,2005,wolle_season1_42,21.0,61
3365,4686,Season 21,2005-01-10,2005,wolle_season1_42,21.0,60
3364,4687,Season 21,2005-01-11,2005,wolle_season1_42,21.0,60
3363,4688,Season 21,2005-01-12,2005,wolle_season1_42,21.0,57
3362,4689,Season 21,2005-01-13,2005,wolle_season1_42,21.0,59
3361,4690,Season 21,2005-01-14,2005,wolle_season1_42,21.0,59
3360,4691,Season 21,2005-01-17,2005,wolle_season1_42,21.0,56
3359,4692,Season 21,2005-01-18,2005,wolle_season1_42,21.0,58
3358,4693,Season 21,2005-01-19,2005,wolle_season1_42,21.0,60
3357,4694,Season 21,2005-01-20,2005,wolle_season1_42,21.0,58
3356,4695,Season 21,2005-01-21,2005,wolle_season1_42,21.0,60
3355,4696,Season 21,2005-01-24,2005,wolle_season1_42,21.0,59
3354,4697,Season 21,2005-01-25,2005,wolle_season1_42,21.0,60
3353,4698,Season 21,2005-01-26,2005,wolle_season1_42,21.0,60
3352,4699,Season 21,2005-01-27,2005,wolle_season1_42,21.0,61
3351,4700,Season 21,2005-01-28,2005,wolle_season1_42,21.0,60
3350,4701,Season 21,2005-01-31,2005,wolle_season1_42,21.0,59
3349,4702,Season 21,2005-02-01,2005,wolle_season1_42,21.0,60
3348,4703,Season 21,2005-02-02,2005,wolle_season1_42,21.0,60
3347,4704,Season 21,2005-02-03,2005,wolle_season1_42,21.0,60
3346,4705,Season 21,2005-02-04,2005,wolle_season1_42,21.0,59
3345,4706,Season 21,2005-02-07,2005,wolle_season1_42,21.0,57
3344,4707,Season 21,2005-02-08,2005,wolle_season1_42,21.0,58
3343,4708,Season 21,2005-02-09,2005,wolle_season1_42,21.0,58
3342,4709,Season 21,2005-02-10,2005,wolle_season1_42,21.0,59
3341,4710,Season 21,2005-02-11,2005,wolle_season1_42,21.0,59
3340,4711,Season 21,2005-02-14,2005,wolle_season1_42,21.0,57
3339,4712,Season 21,2005-02-15,2005,wolle_season1_42,21.0,60
3338,4713,Season 21,2005-02-16,2005,wolle_season1_42,21.0,61
3337,4714,Season 21,2005-02-17,2005,wolle_season1_42,21.0,56
3336,4715,Season 21,2005-02-18,2005,wolle_season1_42,21.0,60
3335,4716,Season 21,2005-02-21,2005,wolle_season1_42,21.0,59
3334,4717,Season 21,2005-02-22,2005,wolle_season1_42,21.0,61
3333,4718,Season 21,2005-02-23,2005,wolle_season1_42,21.0,60
3332,4719,Season 21,2005-02-24,2005,wolle_season1_42,21.0,61
3331,4720,Season 21,2005-02-25,2005,wolle_season1_42,21.0,58
3330,4721,Season 21,2005-02-28,2005,wolle_season1_42,21.0,61
3329,4722,Season 21,2005-03-01,2005,wolle_season1_42,21.0,61
3328,4723,Season 21,2005-03-02,2005,wolle_season1_42,21.0,60
3327,4724,Season 21,2005-03-03,2005,wolle_season1_42,21.0,60
3326,4725,Season 21,2005-03-04,2005,wolle_season1_42,21.0,61
3325,4726,Season 21,2005-03-07,2005,wolle_season1_42,21.0,58
3324,4727,Season 21,2005-03-08,2005,wolle_season1_42,21.0,61
3323,4728,Season 21,2005-03-09,2005,wolle_season1_42,21.0,59
3322,4729,Season 21,2005-03-10,2005,wolle_season1_42,21.0,59
3321,4730,Season 21,2005-03-11,2005,wolle_season1_42,21.0,60
3320,4731,Season 21,2005-03-14,2005,wolle_season1_42,21.0,60
3319,4732,Season 21,2005-03-15,2005,wolle_season1_42,21.0,59
3318,4733,Season 21,2005-03-16,2005,wolle_season1_42,21.0,61
3317,4734,Season 21,2005-03-17,2005,wolle_season1_42,21.0,61
3316,4735,Season 21,2005-03-18,2005,wolle_season1_42,21.0,59
3315,4736,Season 21,2005-03-21,2005,wolle_season1_42,21.0,59
3314,4737,Season 21,2005-03-22,2005,wolle_season1_42,21.0,61
3313,4738,Season 21,2005-03-23,2005,wolle_season1_42,21.0,60
3312,4739,Season 21,2005-03-24,2005,wolle_season1_42,21.0,59
3311,4740,Season 21,2005-03-25,2005,wolle_season1_42,21.0,59
3310,4741,Season 21,2005-03-28,2005,wolle_season1_42,21.0,60
3309,4742,Season 21,2005-03-29,2005,wolle_season1_42,21.0,61
3308,4743,Season 21,2005-03-30,2005,wolle_season1_42,21.0,61
3307,4744,Season 21,2005-03-31,2005,wolle_season1_42,21.0,55
3306,4745,Season 21,2005-04-01,2005,wolle_season1_42,21.0,58
3305,4746,Season 21,2005-04-04,2005,wolle_season1_42,21.0,59
3304,4747,Season 21,2005-04-05,2005,wolle_season1_42,21.0,60
3303,4748,Season 21,2005-04-06,2005,wolle_season1_42,21.0,58
3302,4749,Season 21,2005-04-07,2005,wolle_season1_42,21.0,60
3301,4750,Season 21,2005-04-08,2005,wolle_season1_42,21.0,60
3300,4751,Season 21,2005-04-11,2005,wolle_season1_42,21.0,56
3299,4752,Season 21,2005-04-12,2005,wolle_season1_42,21.0,60
3298,4753,Season 21,2005-04-13,2005,wolle_season1_42,21.0,61
3297,4754,Season 21,2005-04-14,2005,wolle_season1_42,21.0,60
3296,4755,Season 21,2005-04-15,2005,wolle_season1_42,21.0,60
3295,4756,Season 21,2005-04-18,2005,wolle_season1_42,21.0,60
3294,4757,Season 21,2005-04-19,2005,wolle_season1_42,21.0,61
3293,4758,Season 21,2005-04-20,2005,wolle_season1_42,21.0,59
3292,4759,Season 21,2005-04-21,2005,wolle_season1_42,21.0,59
3291,4760,Season 21,2005-04-22,2005,wolle_season1_42,21.0,60
3290,4761,Season 21,2005-04-25,2005,wolle_season1_42,21.0,60
3289,4762,Season 21,2005-04-26,2005,wolle_season1_42,21.0,60
3288,4763,Season 21,2005-04-27,2005,wolle_season1_42,21.0,61
3287,4764,Season 21,2005-04-28,2005,wolle_season1_42,21.0,58
3286,4765,Season 21,2005-04-29,2005,wolle_season1_42,21.0,60
3285,4766,Season 21,2005-05-02,2005,wolle_season1_42,21.0,56
3284,4767,Season 21,2005-05-03,2005,wolle_season1_42,21.0,61
3283,4768,Season 21,2005-05-04,2005,wolle_season1_42,21.0,58
3282,4769,Season 21,2005-05-05,2005,wolle_season1_42,21.0,60
3281,4770,Season 21,2005-05-06,2005,wolle_season1_42,21.0,58
3280,4771,Season 21,2005-05-09,2005,wolle_season1_42,21.0,57
3279,4772,Season 21,2005-05-10,2005,wolle_season1_42,21.0,51
3278,4773,Season 21,2005-05-11,2005,wolle_season1_42,21.0,58
3277,4774,Season 21,2005-05-12,2005,wolle_season1_42,21.0,57
3276,4775,Season 21,2005-05-13,2005,wolle_season1_42,21.0,59
3275,4776,Season 21,2005-05-16,2005,wolle_season1_42,21.0,61
3274,4777,Season 21,2005-05-17,2005,wolle_season1_42,21.0,58
3273,4778,Season 21,2005-05-18,2005,wolle_season1_42,21.0,60
3272,4779,Season 21,2005-05-19,2005,wolle_season1_42,21.0,60
3271,4780,Season 21,2005-05-20,2005,wolle_season1_42,21.0,58
3270,4781,Season 21,2005-05-23,2005,wolle_season1_42,21.0,61
3269,4782,Season 21,2005-05-24,2005,wolle_season1_42,21.0,58
3268,4783,Season 21,2005-05-25,2005,wolle_season1_42,21.0,59
3267,4784,Season 21,2005-05-26,2005,wolle_season1_42,21.0,60
3266,4785,Season 21,2005-05-27,2005,wolle_season1_42,21.0,57
3265,4786,Season 21,2005-05-30,2005,wolle_season1_42,21.0,59
3264,4787,Season 21,2005-05-31,2005,wolle_season1_42,21.0,55
3263,4788,Season 21,2005-06-01,2005,wolle_season1_42,21.0,58
3262,4789,Season 21,2005-06-02,2005,wolle_season1_42,21.0,61
3261,4790,Season 21,2005-06-03,2005,wolle_season1_42,21.0,59
3260,4791,Season 21,2005-06-06,2005,wolle_season1_42,21.0,58
3259,4792,Season 21,2005-06-07,2005,wolle_season1_42,21.0,59
3258,4793,Season 21,2005-06-08,2005,wolle_season1_42,21.0,61
3257,4794,Season 21,2005-06-09,2005,wolle_season1_42,21.0,56
3256,4795,Season 21,2005-06-10,2005,wolle_season1_42,21.0,61
3255,4796,Season 21,2005-06-13,2005,wolle_season1_42,21.0,59
3254,4797,Season 21,2005-06-14,2005,wolle_season1_42,21.0,61
3253,4798,Season 21,2005-06-15,2005,wolle_season1_42,21.0,60
3252,4799,Season 21,2005-06-16,2005,wolle_season1_42,21.0,56
3251,4800,Season 21,2005-06-17,2005,wolle_season1_42,21.0,54
3250,4801,Season 21,2005-06-20,2005,wolle_season1_42,21.0,58
3249,4802,Season 21,2005-06-21,2005,wolle_season1_42,21.0,60
3248,4803,Season 21,2005-06-22,2005,wolle_season1_42,21.0,60
3247,4804,Season 21,2005-06-23,2005,wolle_season1_42,21.0,60
3246,4805,Season 21,2005-06-24,2005,wolle_season1_42,21.0,59
3245,4806,Season 21,2005-06-27,2005,wolle_season1_42,21.0,58
3244,4807,Season 21,2005-06-28,2005,wolle_season1_42,21.0,58
3243,4808,Season 21,2005-06-29,2005,wolle_season1_42,21.0,56
3242,4809,Season 21,2005-06-30,2005,wolle_season1_42,21.0,60
3241,4810,Season 21,2005-07-01,2005,wolle_season1_42,21.0,56
3240,4811,Season 21,2005-07-04,2005,wolle_season1_42,21.0,61
3239,4812,Season 21,2005-07-05,2005,wolle_season1_42,21.0,58
3238,4813,Season 21,2005-07-06,2005,wolle_season1_42,21.0,60
3237,4814,Season 21,2005-07-07,2005,wolle_season1_42,21.0,61
3236,4815,Season 21,2005-07-08,2005,wolle_season1_42,21.0,60
3235,4816,Season 21,2005-07-11,2005,wolle_season1_42,21.0,59
3234,4817,Season 21,2005-07-12,2005,wolle_season1_42,21.0,59
3233,4818,Season 21,2005-07-13,2005,wolle_season1_42,21.0,55
3232,4819,Season 21,2005-07-14,2005,wolle_season1_42,21.0,61
3231,4820,Season 21,2005-07-15,2005,wolle_season1_42,21.0,57
3230,4821,Season 21,2005-07-18,2005,wolle_season1_42,21.0,58
3229,4822,Season 21,2005-07-19,2005,wolle_season1_42,21.0,61
3228,4823,Season 21,2005-07-20,2005,wolle_season1_42,21.0,59
3227,4824,Season 21,2005-07-21,2005,wolle_season1_42,21.0,60
3226,4825,Season 21,2005-07-22,2005,wolle_season1_42,21.0,60
3225,4826,Season 22,2005-09-12,2005,wolle_season1_42,22.0,61
3224,4827,Season 22,2005-09-13,2005,wolle_season1_42,22.0,58
3223,4828,Season 22,2005-09-14,2005,wolle_season1_42,22.0,57
3222,4829,Season 22,2005-09-15,2005,wolle_season1_42,22.0,58
3221,4830,Season 22,2005-09-16,2005,wolle_season1_42,22.0,56
3220,4831,Season 22,2005-09-19,2005,wolle_season1_42,22.0,57
3219,4832,Season 22,2005-09-20,2005,wolle_season1_42,22.0,57
3218,4833,Season 22,2005-09-21,2005,wolle_season1_42,22.0,59
3217,4834,Season 22,2005-09-22,2005,wolle_season1_42,22.0,56
3216,4835,Season 22,2005-09-23,2005,wolle_season1_42,22.0,58
3215,4836,Season 22,2005-09-26,2005,wolle_season1_42,22.0,58
3214,4837,Season 22,2005-09-27,2005,wolle_season1_42,22.0,61
3213,4838,Season 22,2005-09-28,2005,wolle_season1_42,22.0,60
3212,4839,Season 22,2005-09-29,2005,wolle_season1_42,22.0,58
3211,4840,Season 22,2005-09-30,2005,wolle_season1_42,22.0,59
3210,4841,Season 22,2005-10-03,2005,wolle_season1_42,22.0,58
3209,4842,Season 22,2005-10-04,2005,wolle_season1_42,22.0,57
3208,4843,Season 22,2005-10-05,2005,wolle_season1_42,22.0,58
3207,4844,Season 22,2005-10-06,2005,wolle_season1_42,22.0,58
3206,4845,Season 22,2005-10-07,2005,wolle_season1_42,22.0,59
3205,4846,Season 22,2005-10-10,2005,wolle_season1_42,22.0,56
3204,4847,Season 22,2005-10-11,2005,wolle_season1_42,22.0,52
3203,4848,Season 22,2005-10-12,2005,wolle_season1_42,22.0,51
3202,4849,Season 22,2005-10-13,2005,wolle_season1_42,22.0,56
3201,4850,Season 22,2005-10-14,2005,wolle_season1_42,22.0,51
3200,4851,Season 22,2005-10-17,2005,wolle_season1_42,22.0,59
3199,4852,Season 22,2005-10-18,2005,wolle_season1_42,22.0,56
3198,4853,Season 22,2005-10-19,2005,wolle_season1_42,22.0,61
3197,4854,Season 22,2005-10-20,2005,wolle_season1_42,22.0,58
3196,4855,Season 22,2005-10-21,2005,wolle_season1_42,22.0,60
3195,4856,Season 22,2005-10-24,2005,wolle_season1_42,22.0,61
3194,4857,Season 22,2005-10-25,2005,wolle_season1_42,22.0,60
3193,4858,Season 22,2005-10-26,2005,wolle_season1_42,22.0,54
3192,4859,Season 22,2005-10-27,2005,wolle_season1_42,22.0,61
3191,4860,Season 22,2005-10-28,2005,wolle_season1_42,22.0,59
3190,4861,Season 22,2005-10-31,2005,wolle_season1_42,22.0,57
3189,4862,Season 22,2005-11-01,2005,wolle_season1_42,22.0,57
3188,4863,Season 22,2005-11-02,2005,wolle_season1_42,22.0,61
3187,4864,Season 22,2005-11-03,2005,wolle_season1_42,22.0,59
3186,4865,Season 22,2005-11-04,2005,wolle_season1_42,22.0,57
3185,4866,Season 22,2005-11-07,2005,wolle_season1_42,22.0,59
3184,4867,Season 22,2005-11-08,2005,wolle_season1_42,22.0,61
3183,4868,Season 22,2005-11-09,2005,wolle_season1_42,22.0,60
3182,4869,Season 22,2005-11-10,2005,wolle_season1_42,22.0,60
3181,4870,Season 22,2005-11-11,2005,wolle_season1_42,22.0,59
3180,4871,Season 22,2005-11-14,2005,wolle_season1_42,22.0,61
3179,4872,Season 22,2005-11-15,2005,wolle_season1_42,22.0,61
3178,4873,Season 22,2005-11-16,2005,wolle_season1_42,22.0,60
3177,4874,Season 22,2005-11-17,2005,wolle_season1_42,22.0,58
3176,4875,Season 22,2005-11-18,2005,wolle_season1_42,22.0,59
3175,4876,Season 22,2005-11-21,2005,wolle_season1_42,22.0,60
3174,4877,Season 22,2005-11-22,2005,wolle_season1_42,22.0,53
3173,4878,Season 22,2005-11-23,2005,wolle_season1_42,22.0,61
3172,4879,Season 22,2005-11-24,2005,wolle_season1_42,22.0,58
3171,4880,Season 22,2005-11-25,2005,wolle_season1_42,22.0,61
3170,4881,Season 22,2005-11-28,2005,wolle_season1_42,22.0,56
3169,4882,Season 22,2005-11-29,2005,wolle_season1_42,22.0,56
3168,4883,Season 22,2005-11-30,2005,wolle_season1_42,22.0,56
3167,4884,Season 22,2005-12-01,2005,wolle_season1_42,22.0,55
3166,4885,Season 22,2005-12-02,2005,wolle_season1_42,22.0,57
3165,4886,Season 22,2005-12-05,2005,wolle_season1_42,22.0,56
3164,4887,Season 22,2005-12-06,2005,wolle_season1_42,22.0,61
3163,4888,Season 22,2005-12-07,2005,wolle_season1_42,22.0,56
3162,4889,Season 22,2005-12-08,2005,wolle_season1_42,22.0,60
3161,4890,Season 22,2005-12-09,2005,wolle_season1_42,22.0,59
3160,4891,Season 22,2005-12-12,2005,wolle_season1_42,22.0,60
3159,4892,Season 22,2005-12-13,2005,wolle_season1_42,22.0,61
3158,4893,Season 22,2005-12-14,2005,wolle_season1_42,22.0,60
3157,4894,Season 22,2005-12-15,2005,wolle_season1_42,22.0,60
3156,4895,Season 22,2005-12-16,2005,wolle_season1_42,22.0,60
3155,4896,Season 22,2005-12-19,2005,wolle_season1_42,22.0,59
3154,4897,Season 22,2005-12-20,2005,wolle_season1_42,22.0,59
3153,4898,Season 22,2005-12-21,2005,wolle_season1_42,22.0,57
3152,4899,Season 22,2005-12-22,2005,wolle_season1_42,22.0,58
3151,4900,Season 22,2005-12-23,2005,wolle_season1_42,22.0,59
3150,4901,Season 22,2005-12-26,2005,wolle_season1_42,22.0,53
3149,4902,Season 22,2005-12-27,2005,wolle_season1_42,22.0,60
3148,4903,Season 22,2005-12-28,2005,wolle_season1_42,22.0,54
3147,4904,Season 22,2005-12-29,2005,wolle_season1_42,22.0,57
3146,4905,Season 22,2005-12-30,2005,wolle_season1_42,22.0,58
3145,4906,Season 22,2006-01-02,2006,wolle_season1_42,22.0,55
3144,4907,Season 22,2006-01-03,2006,wolle_season1_42,22.0,60
3143,4908,Season 22,2006-01-04,2006,wolle_season1_42,22.0,61
3142,4909,Season 22,2006-01-05,2006,wolle_season1_42,22.0,58
3141,4910,Season 22,2006-01-06,2006,wolle_season1_42,22.0,61
3140,4911,Season 22,2006-01-09,2006,wolle_season1_42,22.0,61
3139,4912,Season 22,2006-01-10,2006,wolle_season1_42,22.0,57
3138,4913,Season 22,2006-01-11,2006,wolle_season1_42,22.0,55
3137,4914,Season 22,2006-01-12,2006,wolle_season1_42,22.0,58
3136,4915,Season 22,2006-01-13,2006,wolle_season1_42,22.0,53
3135,4916,Season 22,2006-01-16,2006,wolle_season1_42,22.0,57
3134,4917,Season 22,2006-01-17,2006,wolle_season1_42,22.0,57
3133,4918,Season 22,2006-01-18,2006,wolle_season1_42,22.0,61
3132,4919,Season 22,2006-01-19,2006,wolle_season1_42,22.0,61
3131,4920,Season 22,2006-01-20,2006,wolle_season1_42,22.0,59
3130,4921,Season 22,2006-01-23,2006,wolle_season1_42,22.0,61
3129,4922,Season 22,2006-01-24,2006,wolle_season1_42,22.0,61
3128,4923,Season 22,2006-01-25,2006,wolle_season1_42,22.0,61
3127,4924,Season 22,2006-01-26,2006,wolle_season1_42,22.0,60
3126,4925,Season 22,2006-01-27,2006,wolle_season1_42,22.0,61
3125,4926,Season 22,2006-01-30,2006,wolle_season1_42,22.0,59
3124,4927,Season 22,2006-01-31,2006,wolle_season1_42,22.0,58
3123,4928,Season 22,2006-02-01,2006,wolle_season1_42,22.0,53
3122,4929,Season 22,2006-02-02,2006,wolle_season1_42,22.0,55
3121,4930,Season 22,2006-02-03,2006,wolle_season1_42,22.0,57
3120,4931,Season 22,2006-02-06,2006,wolle_season1_42,22.0,61
3119,4932,Season 22,2006-02-07,2006,wolle_season1_42,22.0,61
3118,4933,Season 22,2006-02-08,2006,wolle_season1_42,22.0,58
3117,4934,Season 22,2006-02-09,2006,wolle_season1_42,22.0,58
3116,4935,Season 22,2006-02-10,2006,wolle_season1_42,22.0,59
3115,4936,Season 22,2006-02-13,2006,wolle_season1_42,22.0,61
3114,4937,Season 22,2006-02-14,2006,wolle_season1_42,22.0,60
3113,4938,Season 22,2006-02-15,2006,wolle_season1_42,22.0,59
3112,4939,Season 22,2006-02-16,2006,wolle_season1_42,22.0,59
3111,4940,Season 22,2006-02-17,2006,wolle_season1_42,22.0,61
3110,4941,Season 22,2006-02-20,2006,wolle_season1_42,22.0,55
3109,4942,Season 22,2006-02-21,2006,wolle_season1_42,22.0,57
3108,4943,Season 22,2006-02-22,2006,wolle_season1_42,22.0,60
3107,4944,Season 22,2006-02-23,2006,wolle_season1_42,22.0,60
3106,4945,Season 22,2006-02-24,2006,wolle_season1_42,22.0,58
3105,4946,Season 22,2006-02-27,2006,wolle_season1_42,22.0,61
3104,4947,Season 22,2006-02-28,2006,wolle_season1_42,22.0,58
3103,4948,Season 22,2006-03-01,2006,wolle_season1_42,22.0,61
3102,4949,Season 22,2006-03-02,2006,wolle_season1_42,22.0,56
3101,4950,Season 22,2006-03-03,2006,wolle_season1_42,22.0,59
3100,4951,Season 22,2006-03-06,2006,wolle_season1_42,22.0,58
3099,4952,Season 22,2006-03-07,2006,wolle_season1_42,22.0,56
3098,4953,Season 22,2006-03-08,2006,wolle_season1_42,22.0,58
3097,4954,Season 22,2006-03-09,2006,wolle_season1_42,22.0,61
3096,4955,Season 22,2006-03-10,2006,wolle_season1_42,22.0,58
3095,4956,Season 22,2006-03-13,2006,wolle_season1_42,22.0,58
3094,4957,Season 22,2006-03-14,2006,wolle_season1_42,22.0,61
3093,4958,Season 22,2006-03-15,2006,wolle_season1_42,22.0,61
3092,4959,Season 22,2006-03-16,2006,wolle_season1_42,22.0,59
3091,4960,Season 22,2006-03-17,2006,wolle_season1_42,22.0,58
3090,4961,Season 22,2006-03-20,2006,wolle_season1_42,22.0,60
3089,4962,Season 22,2006-03-21,2006,wolle_season1_42,22.0,57
3088,4963,Season 22,2006-03-22,2006,wolle_season1_42,22.0,58
3087,4964,Season 22,2006-03-23,2006,wolle_season1_42,22.0,55
3086,4965,Season 22,2006-03-24,2006,wolle_season1_42,22.0,61
3085,4966,Season 22,2006-03-27,2006,wolle_season1_42,22.0,55
3084,4967,Season 22,2006-03-28,2006,wolle_season1_42,22.0,60
3083,4968,Season 22,2006-03-29,2006,wolle_season1_42,22.0,54
3082,4969,Season 22,2006-03-30,2006,wolle_season1_42,22.0,56
3081,4970,Season 22,2006-03-31,2006,wolle_season1_42,22.0,56
3080,4971,Season 22,2006-04-03,2006,wolle_season1_42,22.0,55
3079,4972,Season 22,2006-04-04,2006,wolle_season1_42,22.0,61
3078,4973,Season 22,2006-04-05,2006,wolle_season1_42,22.0,59
3077,4974,Season 22,2006-04-06,2006,wolle_season1_42,22.0,58
3076,4975,Season 22,2006-04-07,2006,wolle_season1_42,22.0,59
3075,4976,Season 22,2006-04-10,2006,wolle_season1_42,22.0,60
3074,4977,Season 22,2006-04-11,2006,wolle_season1_42,22.0,59
3073,4978,Season 22,2006-04-12,2006,wolle_season1_42,22.0,59
3072,4979,Season 22,2006-04-13,2006,wolle_season1_42,22.0,59
3071,4980,Season 22,2006-04-14,2006,wolle_season1_42,22.0,58
3070,4981,Season 22,2006-04-17,2006,wolle_season1_42,22.0,56
3069,4982,Season 22,2006-04-18,2006,wolle_season1_42,22.0,61
3068,4983,Season 22,2006-04-19,2006,wolle_season1_42,22.0,55
3067,4984,Season 22,2006-04-20,2006,wolle_season1_42,22.0,60
3066,4985,Season 22,2006-04-21,2006,wolle_season1_42,22.0,61
3065,4986,Season 22,2006-04-24,2006,wolle_season1_42,22.0,58
3064,4987,Season 22,2006-04-25,2006,wolle_season1_42,22.0,61
3063,4988,Season 22,2006-04-26,2006,wolle_season1_42,22.0,59
3062,4989,Season 22,2006-04-27,2006,wolle_season1_42,22.0,57
3061,4990,Season 22,2006-04-28,2006,wolle_season1_42,22.0,60
3060,4991,Season 22,2006-05-01,2006,wolle_season1_42,22.0,61
3059,4992,Season 22,2006-05-02,2006,wolle_season1_42,22.0,55
3058,4993,Season 22,2006-05-03,2006,wolle_season1_42,22.0,57
3057,4994,Season 22,2006-05-04,2006,wolle_season1_42,22.0,61
3056,4995,Season 22,2006-05-05,2006,wolle_season1_42,22.0,58
3055,4996,Season 22,2006-05-08,2006,wolle_season1_42,22.0,61
3054,4997,Season 22,2006-05-09,2006,wolle_season1_42,22.0,57
3053,4998,Season 22,2006-05-10,2006,wolle_season1_42,22.0,58
3052,4999,Season 22,2006-05-11,2006,wolle_season1_42,22.0,58
3051,5000,Season 22,2006-05-12,2006,wolle_season1_42,22.0,59
3050,5001,Season 22,2006-05-15,2006,wolle_season1_42,22.0,59
3049,5002,Season 22,2006-05-16,2006,wolle_season1_42,22.0,60
3048,5003,Season 22,2006-05-17,2006,wolle_season1_42,22.0,58
3047,5004,Season 22,2006-05-18,2006,wolle_season1_42,22.0,59
3046,5005,Season 22,2006-05-19,2006,wolle_season1_42,22.0,61
3045,5006,Season 22,2006-05-22,2006,wolle_season1_42,22.0,60
3044,5007,Season 22,2006-05-23,2006,wolle_season1_42,22.0,53
3043,5008,Season 22,2006-05-24,2006,wolle_season1_42,22.0,56
3042,5009,Season 22,2006-05-25,2006,wolle_season1_42,22.0,58
3041,5010,Season 22,2006-05-26,2006,wolle_season1_42,22.0,61
3040,5011,Season 22,2006-05-29,2006,wolle_season1_42,22.0,60
3039,5012,Season 22,2006-05-30,2006,wolle_season1_42,22.0,61
3038,5013,Season 22,2006-05-31,2006,wolle_season1_42,22.0,57
3037,5014,Season 22,2006-06-01,2006,wolle_season1_42,22.0,53
3036,5015,Season 22,2006-06-02,2006,wolle_season1_42,22.0,60
3035,5016,Season 22,2006-06-05,2006,wolle_season1_42,22.0,61
3034,5017,Season 22,2006-06-06,2006,wolle_season1_42,22.0,58
3033,5018,Season 22,2006-06-07,2006,wolle_season1_42,22.0,55
3032,5019,Season 22,2006-06-08,2006,wolle_season1_42,22.0,56
3031,5020,Season 22,2006-06-09,2006,wolle_season1_42,22.0,57
3030,5021,Season 22,2006-06-12,2006,wolle_season1_42,22.0,61
3029,5022,Season 22,2006-06-13,2006,wolle_season1_42,22.0,55
3028,5023,Season 22,2006-06-14,2006,wolle_season1_42,22.0,59
3027,5024,Season 22,2006-06-15,2006,wolle_season1_42,22.0,61
3026,5025,Season 22,2006-06-16,2006,wolle_season1_42,22.0,61
3025,5026,Season 22,2006-06-19,2006,wolle_season1_42,22.0,57
3024,5027,Season 22,2006-06-20,2006,wolle_season1_42,22.0,60
3023,5028,Season 22,2006-06-21,2006,wolle_season1_42,22.0,60
3022,5029,Season 22,2006-06-22,2006,wolle_season1_42,22.0,60
3021,5030,Season 22,2006-06-23,2006,wolle_season1_42,22.0,61
3020,5031,Season 22,2006-06-26,2006,wolle_season1_42,22.0,59
3019,5032,Season 22,2006-06-27,2006,wolle_season1_42,22.0,60
3018,5033,Season 22,2006-06-28,2006,wolle_season1_42,22.0,59
3017,5034,Season 22,2006-06-29,2006,wolle_season1_42,22.0,60
3016,5035,Season 22,2006-06-30,2006,wolle_season1_42,22.0,60
3015,5036,Season 22,2006-07-03,2006,wolle_season1_42,22.0,61
3014,5037,Season 22,2006-07-04,2006,wolle_season1_42,22.0,59
3013,5038,Season 22,2006-07-05,2006,wolle_season1_42,22.0,60
3012,5039,Season 22,2006-07-06,2006,wolle_season1_42,22.0,59
3011,5040,Season 22,2006-07-07,2006,wolle_season1_42,22.0,55
3010,5041,Season 22,2006-07-10,2006,wolle_season1_42,22.0,58
3009,5042,Season 22,2006-07-11,2006,wolle_season1_42,22.0,59
3008,5043,Season 22,2006-07-12,2006,wolle_season1_42,22.0,56
3007,5044,Season 22,2006-07-13,2006,wolle_season1_42,22.0,54
3006,5045,Season 22,2006-07-14,2006,wolle_season1_42,22.0,57
3005,5046,Season 22,2006-07-17,2006,wolle_season1_42,22.0,58
3004,5047,Season 22,2006-07-18,2006,wolle_season1_42,22.0,57
3003,5048,Season 22,2006-07-19,2006,wolle_season1_42,22.0,57
3002,5049,Season 22,2006-07-20,2006,wolle_season1_42,22.0,57
3001,5050,Season 22,2006-07-21,2006,wolle_season1_42,22.0,57
3000,5051,Season 22,2006-07-24,2006,wolle_season1_42,22.0,59
2999,5052,Season 22,2006-07-25,2006,wolle_season1_42,22.0,58
2998,5053,Season 22,2006-07-26,2006,wolle_season1_42,22.0,58
2997,5054,Season 22,2006-07-27,2006,wolle_season1_42,22.0,60
2996,5055,Season 22,2006-07-28,2006,wolle_season1_42,22.0,59
2995,5056,Season 23,2006-09-11,2006,wolle_season1_42,23.0,60
2994,5057,Season 23,2006-09-12,2006,wolle_season1_42,23.0,57
2993,5058,Season 23,2006-09-13,2006,wolle_season1_42,23.0,58
2992,5059,Season 23,2006-09-14,2006,wolle_season1_42,23.0,58
2991,5060,Season 23,2006-09-15,2006,wolle_season1_42,23.0,60
2990,5061,Season 23,2006-09-18,2006,wolle_season1_42,23.0,61
2989,5062,Season 23,2006-09-19,2006,wolle_season1_42,23.0,60
2988,5063,Season 23,2006-09-20,2006,wolle_season1_42,23.0,55
2987,5064,Season 23,2006-09-21,2006,wolle_season1_42,23.0,57
2986,5065,Season 23,2006-09-22,2006,wolle_season1_42,23.0,60
2985,5066,Season 23,2006-09-25,2006,wolle_season1_42,23.0,59
2984,5067,Season 23,2006-09-26,2006,wolle_season1_42,23.0,60
2983,5068,Season 23,2006-09-27,2006,wolle_season1_42,23.0,56
2982,5069,Season 23,2006-09-28,2006,wolle_season1_42,23.0,59
2981,5070,Season 23,2006-09-29,2006,wolle_season1_42,23.0,58
2980,5071,Season 23,2006-10-02,2006,wolle_season1_42,23.0,56
2979,5072,Season 23,2006-10-03,2006,wolle_season1_42,23.0,52
2978,5073,Season 23,2006-10-04,2006,wolle_season1_42,23.0,57
2977,5074,Season 23,2006-10-05,2006,wolle_season1_42,23.0,59
2976,5075,Season 23,2006-10-06,2006,wolle_season1_42,23.0,56
2975,5076,Season 23,2006-10-09,2006,wolle_season1_42,23.0,59
2974,5077,Season 23,2006-10-10,2006,wolle_season1_42,23.0,55
2973,5078,Season 23,2006-10-11,2006,wolle_season1_42,23.0,57
2972,5079,Season 23,2006-10-12,2006,wolle_season1_42,23.0,61
2971,5080,Season 23,2006-10-13,2006,wolle_season1_42,23.0,61
2970,5081,Season 23,2006-10-16,2006,wolle_season1_42,23.0,59
2969,5082,Season 23,2006-10-17,2006,wolle_season1_42,23.0,59
2968,5083,Season 23,2006-10-18,2006,wolle_season1_42,23.0,59
2967,5084,Season 23,2006-10-19,2006,wolle_season1_42,23.0,59
2966,5085,Season 23,2006-10-20,2006,wolle_season1_42,23.0,61
2965,5086,Season 23,2006-10-23,2006,wolle_season1_42,23.0,59
2964,5087,Season 23,2006-10-24,2006,wolle_season1_42,23.0,55
2963,5088,Season 23,2006-10-25,2006,wolle_season1_42,23.0,61
2962,5089,Season 23,2006-10-26,2006,wolle_season1_42,23.0,59
2961,5090,Season 23,2006-10-27,2006,wolle_season1_42,23.0,61
2960,5091,Season 23,2006-10-30,2006,wolle_season1_42,23.0,59
2959,5092,Season 23,2006-10-31,2006,wolle_season1_42,23.0,52
2958,5093,Season 23,2006-11-01,2006,wolle_season1_42,23.0,52
2957,5094,Season 23,2006-11-02,2006,wolle_season1_42,23.0,57
2956,5095,Season 23,2006-11-03,2006,wolle_season1_42,23.0,58
2955,5096,Season 23,2006-11-06,2006,wolle_season1_42,23.0,58
2954,5097,Season 23,2006-11-07,2006,wolle_season1_42,23.0,59
2953,5098,Season 23,2006-11-08,2006,wolle_season1_42,23.0,40
2952,5099,Season 23,2006-11-09,2006,wolle_season1_42,23.0,46
2951,5100,Season 23,2006-11-10,2006,wolle_season1_42,23.0,46
2950,5101,Season 23,2006-11-13,2006,wolle_season1_42,23.0,48
2949,5102,Season 23,2006-11-14,2006,wolle_season1_42,23.0,51
2948,5103,Season 23,2006-11-15,2006,wolle_season1_42,23.0,52
2947,5104,Season 23,2006-11-16,2006,wolle_season1_42,23.0,56
2946,5105,Season 23,2006-11-17,2006,wolle_season1_42,23.0,35
2945,5106,Season 23,2006-11-20,2006,wolle_season1_42,23.0,37
2944,5107,Season 23,2006-11-21,2006,wolle_season1_42,23.0,55
2943,5108,Season 23,2006-11-22,2006,wolle_season1_42,23.0,57
2942,5109,Season 23,2006-11-23,2006,wolle_season1_42,23.0,57
2941,5110,Season 23,2006-11-24,2006,wolle_season1_42,23.0,60
2940,5111,Season 23,2006-11-27,2006,wolle_season1_42,23.0,57
2939,5112,Season 23,2006-11-28,2006,wolle_season1_42,23.0,59
2938,5113,Season 23,2006-11-29,2006,wolle_season1_42,23.0,59
2937,5114,Season 23,2006-11-30,2006,wolle_season1_42,23.0,51
2936,5115,Season 23,2006-12-01,2006,wolle_season1_42,23.0,61
2935,5116,Season 23,2006-12-04,2006,wolle_season1_42,23.0,59
2934,5117,Season 23,2006-12-05,2006,wolle_season1_42,23.0,54
2933,5118,Season 23,2006-12-06,2006,wolle_season1_42,23.0,60
2932,5119,Season 23,2006-12-07,2006,wolle_season1_42,23.0,58
2931,5120,Season 23,2006-12-08,2006,wolle_season1_42,23.0,59
2930,5121,Season 23,2006-12-11,2006,wolle_season1_42,23.0,57
2929,5122,Season 23,2006-12-12,2006,wolle_season1_42,23.0,59
2928,5123,Season 23,2006-12-13,2006,wolle_season1_42,23.0,59
2927,5124,Season 23,2006-12-14,2006,wolle_season1_42,23.0,60
2926,5125,Season 23,2006-12-15,2006,wolle_season1_42,23.0,56
2925,5126,Season 23,2006-12-18,2006,wolle_season1_42,23.0,60
2924,5127,Season 23,2006-12-19,2006,wolle_season1_42,23.0,58
2923,5128,Season 23,2006-12-20,2006,wolle_season1_42,23.0,61
2922,5129,Season 23,2006-12-21,2006,wolle_season1_42,23.0,60
2921,5130,Season 23,2006-12-22,2006,wolle_season1_42,23.0,60
2920,5131,Season 23,2006-12-25,2006,wolle_season1_42,23.0,58
2919,5132,Season 23,2006-12-26,2006,wolle_season1_42,23.0,60
2918,5133,Season 23,2006-12-27,2006,wolle_season1_42,23.0,61
2917,5134,Season 23,2006-12-28,2006,wolle_season1_42,23.0,57
2916,5135,Season 23,2006-12-29,2006,wolle_season1_42,23.0,60
2915,5136,Season 23,2007-01-01,2007,wolle_season1_42,23.0,57
2914,5137,Season 23,2007-01-02,2007,wolle_season1_42,23.0,59
2913,5138,Season 23,2007-01-03,2007,wolle_season1_42,23.0,59
2912,5139,Season 23,2007-01-04,2007,wolle_season1_42,23.0,60
2911,5140,Season 23,2007-01-05,2007,wolle_season1_42,23.0,60
2910,5141,Season 23,2007-01-08,2007,wolle_season1_42,23.0,61
2909,5142,Season 23,2007-01-09,2007,wolle_season1_42,23.0,60
2908,5143,Season 23,2007-01-10,2007,wolle_season1_42,23.0,59
2907,5144,Season 23,2007-01-11,2007,wolle_season1_42,23.0,56
2906,5145,Season 23,2007-01-12,2007,wolle_season1_42,23.0,58
2905,5146,Season 23,2007-01-15,2007,wolle_season1_42,23.0,57
2904,5147,Season 23,2007-01-16,2007,wolle_season1_42,23.0,60
2903,5148,Season 23,2007-01-17,2007,wolle_season1_42,23.0,51
2902,5149,Season 23,2007-01-18,2007,wolle_season1_42,23.0,60
2901,5150,Season 23,2007-01-19,2007,wolle_season1_42,23.0,61
2900,5151,Season 23,2007-01-22,2007,wolle_season1_42,23.0,57
2899,5152,Season 23,2007-01-23,2007,wolle_season1_42,23.0,61
2898,5153,Season 23,2007-01-24,2007,wolle_season1_42,23.0,60
2897,5154,Season 23,2007-01-25,2007,wolle_season1_42,23.0,58
2896,5155,Season 23,2007-01-26,2007,wolle_season1_42,23.0,58
2895,5156,Season 23,2007-01-29,2007,wolle_season1_42,23.0,60
2894,5157,Season 23,2007-01-30,2007,wolle_season1_42,23.0,58
2893,5158,Season 23,2007-01-31,2007,wolle_season1_42,23.0,60
2892,5159,Season 23,2007-02-01,2007,wolle_season1_42,23.0,59
2891,5160,Season 23,2007-02-02,2007,wolle_season1_42,23.0,61
2890,5161,Season 23,2007-02-05,2007,wolle_season1_42,23.0,61
2889,5162,Season 23,2007-02-06,2007,wolle_season1_42,23.0,60
2888,5163,Season 23,2007-02-07,2007,wolle_season1_42,23.0,59
2887,5164,Season 23,2007-02-08,2007,wolle_season1_42,23.0,60
2886,5165,Season 23,2007-02-09,2007,wolle_season1_42,23.0,61
2885,5166,Season 23,2007-02-12,2007,wolle_season1_42,23.0,58
2884,5167,Season 23,2007-02-13,2007,wolle_season1_42,23.0,59
2883,5168,Season 23,2007-02-14,2007,wolle_season1_42,23.0,59
2882,5169,Season 23,2007-02-15,2007,wolle_season1_42,23.0,56
2881,5170,Season 23,2007-02-16,2007,wolle_season1_42,23.0,58
2880,5171,Season 23,2007-02-19,2007,wolle_season1_42,23.0,60
2879,5172,Season 23,2007-02-20,2007,wolle_season1_42,23.0,56
2878,5173,Season 23,2007-02-21,2007,wolle_season1_42,23.0,58
2877,5174,Season 23,2007-02-22,2007,wolle_season1_42,23.0,58
2876,5175,Season 23,2007-02-23,2007,wolle_season1_42,23.0,59
2875,5176,Season 23,2007-02-26,2007,wolle_season1_42,23.0,57
2874,5177,Season 23,2007-02-27,2007,wolle_season1_42,23.0,61
2873,5178,Season 23,2007-02-28,2007,wolle_season1_42,23.0,60
2872,5179,Season 23,2007-03-01,2007,wolle_season1_42,23.0,60
2871,5180,Season 23,2007-03-02,2007,wolle_season1_42,23.0,58
2870,5181,Season 23,2007-03-05,2007,wolle_season1_42,23.0,55
2869,5182,Season 23,2007-03-06,2007,wolle_season1_42,23.0,56
2868,5183,Season 23,2007-03-07,2007,wolle_season1_42,23.0,59
2867,5184,Season 23,2007-03-08,2007,wolle_season1_42,23.0,58
2866,5185,Season 23,2007-03-09,2007,wolle_season1_42,23.0,61
2865,5186,Season 23,2007-03-12,2007,wolle_season1_42,23.0,60
2864,5187,Season 23,2007-03-13,2007,wolle_season1_42,23.0,58
2863,5188,Season 23,2007-03-14,2007,wolle_season1_42,23.0,60
2862,5189,Season 23,2007-03-15,2007,wolle_season1_42,23.0,59
2861,5190,Season 23,2007-03-16,2007,wolle_season1_42,23.0,60
2860,5191,Season 23,2007-03-19,2007,wolle_season1_42,23.0,59
2859,5192,Season 23,2007-03-20,2007,wolle_season1_42,23.0,59
2858,5193,Season 23,2007-03-21,2007,wolle_season1_42,23.0,58
2857,5194,Season 23,2007-03-22,2007,wolle_season1_42,23.0,58
2856,5195,Season 23,2007-03-23,2007,wolle_season1_42,23.0,59
2855,5196,Season 23,2007-03-26,2007,wolle_season1_42,23.0,58
2854,5197,Season 23,2007-03-27,2007,wolle_season1_42,23.0,56
2853,5198,Season 23,2007-03-28,2007,wolle_season1_42,23.0,60
2852,5199,Season 23,2007-03-29,2007,wolle_season1_42,23.0,55
2851,5200,Season 23,2007-03-30,2007,wolle_season1_42,23.0,61
2850,5201,Season 23,2007-04-02,2007,wolle_season1_42,23.0,60
2849,5202,Season 23,2007-04-03,2007,wolle_season1_42,23.0,57
2848,5203,Season 23,2007-04-04,2007,wolle_season1_42,23.0,61
2847,5204,Season 23,2007-04-05,2007,wolle_season1_42,23.0,54
2846,5205,Season 23,2007-04-06,2007,wolle_season1_42,23.0,58
2845,5206,Season 23,2007-04-09,2007,wolle_season1_42,23.0,60
2844,5207,Season 23,2007-04-10,2007,wolle_season1_42,23.0,57
2843,5208,Season 23,2007-04-11,2007,wolle_season1_42,23.0,60
2842,5209,Season 23,2007-04-12,2007,wolle_season1_42,23.0,61
2841,5210,Season 23,2007-04-13,2007,wolle_season1_42,23.0,60
2840,5211,Season 23,2007-04-16,2007,wolle_season1_42,23.0,61
2839,5212,Season 23,2007-04-17,2007,wolle_season1_42,23.0,58
2838,5213,Season 23,2007-04-18,2007,wolle_season1_42,23.0,61
2837,5214,Season 23,2007-04-19,2007,wolle_season1_42,23.0,58
2836,5215,Season 23,2007-04-20,2007,wolle_season1_42,23.0,60
2835,5216,Season 23,2007-04-23,2007,wolle_season1_42,23.0,58
2834,5217,Season 23,2007-04-24,2007,wolle_season1_42,23.0,60
2833,5218,Season 23,2007-04-25,2007,wolle_season1_42,23.0,60
2832,5219,Season 23,2007-04-26,2007,wolle_season1_42,23.0,52
2831,5220,Season 23,2007-04-27,2007,wolle_season1_42,23.0,60
2830,5221,Season 23,2007-04-30,2007,wolle_season1_42,23.0,53
2829,5222,Season 23,2007-05-01,2007,wolle_season1_42,23.0,59
2828,5223,Season 23,2007-05-02,2007,wolle_season1_42,23.0,57
2827,5224,Season 23,2007-05-03,2007,wolle_season1_42,23.0,60
2826,5225,Season 23,2007-05-04,2007,wolle_season1_42,23.0,58
2825,5226,Season 23,2007-05-07,2007,wolle_season1_42,23.0,60
2824,5227,Season 23,2007-05-08,2007,wolle_season1_42,23.0,59
2823,5228,Season 23,2007-05-09,2007,wolle_season1_42,23.0,58
2822,5229,Season 23,2007-05-10,2007,wolle_season1_42,23.0,61
2821,5230,Season 23,2007-05-11,2007,wolle_season1_42,23.0,55
2820,5231,Season 23,2007-05-14,2007,wolle_season1_42,23.0,60
2819,5232,Season 23,2007-05-15,2007,wolle_season1_42,23.0,60
2818,5233,Season 23,2007-05-16,2007,wolle_season1_42,23.0,58
2817,5234,Season 23,2007-05-17,2007,wolle_season1_42,23.0,59
2816,5235,Season 23,2007-05-18,2007,wolle_season1_42,23.0,60
2815,5236,Season 23,2007-05-21,2007,wolle_season1_42,23.0,61
2814,5237,Season 23,2007-05-22,2007,wolle_season1_42,23.0,57
2813,5238,Season 23,2007-05-23,2007,wolle_season1_42,23.0,57
2812,5239,Season 23,2007-05-24,2007,wolle_season1_42,23.0,58
2811,5240,Season 23,2007-05-25,2007,wolle_season1_42,23.0,60
2810,5241,Season 23,2007-05-28,2007,wolle_season1_42,23.0,55
2809,5242,Season 23,2007-05-29,2007,wolle_season1_42,23.0,58
2808,5243,Season 23,2007-05-30,2007,wolle_season1_42,23.0,60
2807,5244,Season 23,2007-05-31,2007,wolle_season1_42,23.0,58
2806,5245,Season 23,2007-06-01,2007,wolle_season1_42,23.0,60
2805,5246,Season 23,2007-06-04,2007,wolle_season1_42,23.0,61
2804,5247,Season 23,2007-06-05,2007,wolle_season1_42,23.0,61
2803,5248,Season 23,2007-06-06,2007,wolle_season1_42,23.0,61
2802,5249,Season 23,2007-06-07,2007,wolle_season1_42,23.0,60
2801,5250,Season 23,2007-06-08,2007,wolle_season1_42,23.0,61
2800,5251,Season 23,2007-06-11,2007,wolle_season1_42,23.0,59
2799,5252,Season 23,2007-06-12,2007,wolle_season1_42,23.0,60
2798,5253,Season 23,2007-06-13,2007,wolle_season1_42,23.0,59
2797,5254,Season 23,2007-06-14,2007,wolle_season1_42,23.0,59
2796,5255,Season 23,2007-06-15,2007,wolle_season1_42,23.0,60
2795,5256,Season 23,2007-06-18,2007,wolle_season1_42,23.0,61
2794,5257,Season 23,2007-06-19,2007,wolle_season1_42,23.0,57
2793,5258,Season 23,2007-06-20,2007,wolle_season1_42,23.0,61
2792,5259,Season 23,2007-06-21,2007,wolle_season1_42,23.0,59
2791,5260,Season 23,2007-06-22,2007,wolle_season1_42,23.0,61
2790,5261,Season 23,2007-06-25,2007,wolle_season1_42,23.0,59
2789,5262,Season 23,2007-06-26,2007,wolle_season1_42,23.0,60
2788,5263,Season 23,2007-06-27,2007,wolle_season1_42,23.0,60
2787,5264,Season 23,2007-06-28,2007,wolle_season1_42,23.0,54
2786,5265,Season 23,2007-06-29,2007,wolle_season1_42,23.0,60
2785,5266,Season 23,2007-07-02,2007,wolle_season1_42,23.0,59
2784,5267,Season 23,2007-07-03,2007,wolle_season1_42,23.0,59
2783,5268,Season 23,2007-07-04,2007,wolle_season1_42,23.0,59
2782,5269,Season 23,2007-07-05,2007,wolle_season1_42,23.0,60
2781,5270,Season 23,2007-07-06,2007,wolle_season1_42,23.0,61
2780,5271,Season 23,2007-07-09,2007,wolle_season1_42,23.0,53
2779,5272,Season 23,2007-07-10,2007,wolle_season1_42,23.0,60
2778,5273,Season 23,2007-07-11,2007,wolle_season1_42,23.0,54
2777,5274,Season 23,2007-07-12,2007,wolle_season1_42,23.0,58
2776,5275,Season 23,2007-07-13,2007,wolle_season1_42,23.0,61
2775,5276,Season 23,2007-07-16,2007,wolle_season1_42,23.0,60
2774,5277,Season 23,2007-07-17,2007,wolle_season1_42,23.0,55
2773,5278,Season 23,2007-07-18,2007,wolle_season1_42,23.0,58
2772,5279,Season 23,2007-07-19,2007,wolle_season1_42,23.0,58
2771,5280,Season 23,2007-07-20,2007,wolle_season1_42,23.0,61
2770,5281,Season 23,2007-07-23,2007,wolle_season1_42,23.0,61
2769,5282,Season 23,2007-07-24,2007,wolle_season1_42,23.0,59
2768,5283,Season 23,2007-07-25,2007,wolle_season1_42,23.0,58
2767,5284,Season 23,2007-07-26,2007,wolle_season1_42,23.0,59
2766,5285,Season 23,2007-07-27,2007,wolle_season1_42,23.0,57
2765,5286,Season 24,2007-09-10,2007,wolle_season1_42,24.0,58
2764,5287,Season 24,2007-09-11,2007,wolle_season1_42,24.0,58
2763,5288,Season 24,2007-09-12,2007,wolle_season1_42,24.0,60
2762,5289,Season 24,2007-09-13,2007,wolle_season1_42,24.0,61
2761,5290,Season 24,2007-09-14,2007,wolle_season1_42,24.0,58
2760,5291,Season 24,2007-09-17,2007,wolle_season1_42,24.0,61
2759,5292,Season 24,2007-09-18,2007,wolle_season1_42,24.0,57
2758,5293,Season 24,2007-09-19,2007,wolle_season1_42,24.0,60
2757,5294,Season 24,2007-09-20,2007,wolle_season1_42,24.0,56
2756,5295,Season 24,2007-09-21,2007,wolle_season1_42,24.0,56
2755,5296,Season 24,2007-09-24,2007,wolle_season1_42,24.0,53
2754,5297,Season 24,2007-09-25,2007,wolle_season1_42,24.0,55
2753,5298,Season 24,2007-09-26,2007,wolle_season1_42,24.0,60
2752,5299,Season 24,2007-09-27,2007,wolle_season1_42,24.0,59
2751,5300,Season 24,2007-09-28,2007,wolle_season1_42,24.0,60
2750,5301,Season 24,2007-10-01,2007,wolle_season1_42,24.0,60
2749,5302,Season 24,2007-10-02,2007,wolle_season1_42,24.0,59
2748,5303,Season 24,2007-10-03,2007,wolle_season1_42,24.0,58
2747,5304,Season 24,2007-10-04,2007,wolle_season1_42,24.0,60
2746,5305,Season 24,2007-10-05,2007,wolle_season1_42,24.0,53
2745,5306,Season 24,2007-10-08,2007,wolle_season1_42,24.0,54
2744,5307,Season 24,2007-10-09,2007,wolle_season1_42,24.0,54
2743,5308,Season 24,2007-10-10,2007,wolle_season1_42,24.0,54
2742,5309,Season 24,2007-10-11,2007,wolle_season1_42,24.0,55
2741,5310,Season 24,2007-10-12,2007,wolle_season1_42,24.0,59
2740,5311,Season 24,2007-10-15,2007,wolle_season1_42,24.0,55
2739,5312,Season 24,2007-10-16,2007,wolle_season1_42,24.0,60
2738,5313,Season 24,2007-10-17,2007,wolle_season1_42,24.0,60
2737,5314,Season 24,2007-10-18,2007,wolle_season1_42,24.0,54
2736,5315,Season 24,2007-10-19,2007,wolle_season1_42,24.0,61
2735,5316,Season 24,2007-10-22,2007,wolle_season1_42,24.0,60
2734,5317,Season 24,2007-10-23,2007,wolle_season1_42,24.0,60
2733,5318,Season 24,2007-10-24,2007,wolle_season1_42,24.0,59
2732,5319,Season 24,2007-10-25,2007,wolle_season1_42,24.0,60
2731,5320,Season 24,2007-10-26,2007,wolle_season1_42,24.0,61
2730,5321,Season 24,2007-10-29,2007,wolle_season1_42,24.0,59
2729,5322,Season 24,2007-10-30,2007,wolle_season1_42,24.0,57
2728,5323,Season 24,2007-10-31,2007,wolle_season1_42,24.0,57
2727,5324,Season 24,2007-11-01,2007,wolle_season1_42,24.0,59
2726,5325,Season 24,2007-11-02,2007,wolle_season1_42,24.0,56
2725,5326,Season 24,2007-11-05,2007,wolle_season1_42,24.0,61
2724,5327,Season 24,2007-11-06,2007,wolle_season1_42,24.0,60
2723,5328,Season 24,2007-11-07,2007,wolle_season1_42,24.0,60
2722,5329,Season 24,2007-11-08,2007,wolle_season1_42,24.0,61
2721,5330,Season 24,2007-11-09,2007,wolle_season1_42,24.0,59
2720,5331,Season 24,2007-11-12,2007,wolle_season1_42,24.0,54
2719,5332,Season 24,2007-11-13,2007,wolle_season1_42,24.0,59
2718,5333,Season 24,2007-11-14,2007,wolle_season1_42,24.0,59
2717,5334,Season 24,2007-11-15,2007,wolle_season1_42,24.0,55
2716,5335,Season 24,2007-11-16,2007,wolle_season1_42,24.0,59
2715,5336,Season 24,2007-11-19,2007,wolle_season1_42,24.0,61
2714,5337,Season 24,2007-11-20,2007,wolle_season1_42,24.0,56
2713,5338,Season 24,2007-11-21,2007,wolle_season1_42,24.0,61
2712,5339,Season 24,2007-11-22,2007,wolle_season1_42,24.0,61
2711,5340,Season 24,2007-11-23,2007,wolle_season1_42,24.0,61
2710,5341,Season 24,2007-11-26,2007,wolle_season1_42,24.0,61
2709,5342,Season 24,2007-11-27,2007,wolle_season1_42,24.0,58
2708,5343,Season 24,2007-11-28,2007,wolle_season1_42,24.0,56
2707,5344,Season 24,2007-11-29,2007,wolle_season1_42,24.0,57
2706,5345,Season 24,2007-11-30,2007,wolle_season1_42,24.0,56
2705,5346,Season 24,2007-12-03,2007,wolle_season1_42,24.0,59
2704,5347,Season 24,2007-12-04,2007,wolle_season1_42,24.0,61
2703,5348,Season 24,2007-12-05,2007,wolle_season1_42,24.0,59
2702,5349,Season 24,2007-12-06,2007,wolle_season1_42,24.0,61
2701,5350,Season 24,2007-12-07,2007,wolle_season1_42,24.0,60
2700,5351,Season 24,2007-12-10,2007,wolle_season1_42,24.0,59
2699,5352,Season 24,2007-12-11,2007,wolle_season1_42,24.0,59
2698,5353,Season 24,2007-12-12,2007,wolle_season1_42,24.0,59
2697,5354,Season 24,2007-12-13,2007,wolle_season1_42,24.0,60
2696,5355,Season 24,2007-12-14,2007,wolle_season1_42,24.0,60
2695,5356,Season 24,2007-12-17,2007,wolle_season1_42,24.0,58
2694,5357,Season 24,2007-12-18,2007,wolle_season1_42,24.0,56
2693,5358,Season 24,2007-12-19,2007,wolle_season1_42,24.0,59
2692,5359,Season 24,2007-12-20,2007,wolle_season1_42,24.0,60
2691,5360,Season 24,2007-12-21,2007,wolle_season1_42,24.0,56
2690,5361,Season 24,2007-12-24,2007,wolle_season1_42,24.0,60
2689,5362,Season 24,2007-12-25,2007,wolle_season1_42,24.0,60
2688,5363,Season 24,2007-12-26,2007,wolle_season1_42,24.0,59
2687,5364,Season 24,2007-12-27,2007,wolle_season1_42,24.0,56
2686,5365,Season 24,2007-12-28,2007,wolle_season1_42,24.0,60
2685,5366,Season 24,2007-12-31,2007,wolle_season1_42,24.0,60
2684,5367,Season 24,2008-01-01,2008,wolle_season1_42,24.0,56
2683,5368,Season 24,2008-01-02,2008,wolle_season1_42,24.0,59
2682,5369,Season 24,2008-01-03,2008,wolle_season1_42,24.0,60
2681,5370,Season 24,2008-01-04,2008,wolle_season1_42,24.0,61
2680,5371,Season 24,2008-01-07,2008,wolle_season1_42,24.0,61
2679,5372,Season 24,2008-01-08,2008,wolle_season1_42,24.0,61
2678,5373,Season 24,2008-01-09,2008,wolle_season1_42,24.0,58
2677,5374,Season 24,2008-01-10,2008,wolle_season1_42,24.0,55
2676,5375,Season 24,2008-01-11,2008,wolle_season1_42,24.0,60
2675,5376,Season 24,2008-01-14,2008,wolle_season1_42,24.0,59
2674,5377,Season 24,2008-01-15,2008,wolle_season1_42,24.0,58
2673,5378,Season 24,2008-01-16,2008,wolle_season1_42,24.0,59
2672,5379,Season 24,2008-01-17,2008,wolle_season1_42,24.0,59
2671,5380,Season 24,2008-01-18,2008,wolle_season1_42,24.0,61
2670,5381,Season 24,2008-01-21,2008,wolle_season1_42,24.0,51
2669,5382,Season 24,2008-01-22,2008,wolle_season1_42,24.0,59
2668,5383,Season 24,2008-01-23,2008,wolle_season1_42,24.0,61
2667,5384,Season 24,2008-01-24,2008,wolle_season1_42,24.0,61
2666,5385,Season 24,2008-01-25,2008,wolle_season1_42,24.0,60
2665,5386,Season 24,2008-01-28,2008,wolle_season1_42,24.0,58
2664,5387,Season 24,2008-01-29,2008,wolle_season1_42,24.0,59
2663,5388,Season 24,2008-01-30,2008,wolle_season1_42,24.0,61
2662,5389,Season 24,2008-01-31,2008,wolle_season1_42,24.0,60
2661,5390,Season 24,2008-02-01,2008,wolle_season1_42,24.0,61
2660,5391,Season 24,2008-02-04,2008,wolle_season1_42,24.0,60
2659,5392,Season 24,2008-02-05,2008,wolle_season1_42,24.0,60
2658,5393,Season 24,2008-02-06,2008,wolle_season1_42,24.0,60
2657,5394,Season 24,2008-02-07,2008,wolle_season1_42,24.0,59
2656,5395,Season 24,2008-02-08,2008,wolle_season1_42,24.0,60
2655,5396,Season 24,2008-02-11,2008,wolle_season1_42,24.0,61
2654,5397,Season 24,2008-02-12,2008,wolle_season1_42,24.0,60
2653,5398,Season 24,2008-02-13,2008,wolle_season1_42,24.0,60
2652,5399,Season 24,2008-02-14,2008,wolle_season1_42,24.0,60
2651,5400,Season 24,2008-02-15,2008,wolle_season1_42,24.0,58
2650,5401,Season 24,2008-02-18,2008,wolle_season1_42,24.0,61
2649,5402,Season 24,2008-02-19,2008,wolle_season1_42,24.0,60
2648,5403,Season 24,2008-02-20,2008,wolle_season1_42,24.0,57
2647,5404,Season 24,2008-02-21,2008,wolle_season1_42,24.0,58
2646,5405,Season 24,2008-02-22,2008,wolle_season1_42,24.0,61
2645,5406,Season 24,2008-02-25,2008,wolle_season1_42,24.0,61
2644,5407,Season 24,2008-02-26,2008,wolle_season1_42,24.0,61
2643,5408,Season 24,2008-02-27,2008,wolle_season1_42,24.0,58
2642,5409,Season 24,2008-02-28,2008,wolle_season1_42,24.0,60
2641,5410,Season 24,2008-02-29,2008,wolle_season1_42,24.0,61
2640,5411,Season 24,2008-03-03,2008,wolle_season1_42,24.0,60
2639,5412,Season 24,2008-03-04,2008,wolle_season1_42,24.0,53
2638,5413,Season 24,2008-03-05,2008,wolle_season1_42,24.0,60
2637,5414,Season 24,2008-03-06,2008,wolle_season1_42,24.0,58
2636,5415,Season 24,2008-03-07,2008,wolle_season1_42,24.0,60
2635,5416,Season 24,2008-03-10,2008,wolle_season1_42,24.0,61
2634,5417,Season 24,2008-03-11,2008,wolle_season1_42,24.0,61
2633,5418,Season 24,2008-03-12,2008,wolle_season1_42,24.0,61
2632,5419,Season 24,2008-03-13,2008,wolle_season1_42,24.0,56
2631,5420,Season 24,2008-03-14,2008,wolle_season1_42,24.0,59
2630,5421,Season 24,2008-03-17,2008,wolle_season1_42,24.0,61
2629,5422,Season 24,2008-03-18,2008,wolle_season1_42,24.0,61
2628,5423,Season 24,2008-03-19,2008,wolle_season1_42,24.0,58
2627,5424,Season 24,2008-03-20,2008,wolle_season1_42,24.0,58
2626,5425,Season 24,2008-03-21,2008,wolle_season1_42,24.0,61
2625,5426,Season 24,2008-03-24,2008,wolle_season1_42,24.0,59
2624,5427,Season 24,2008-03-25,2008,wolle_season1_42,24.0,61
2623,5428,Season 24,2008-03-26,2008,wolle_season1_42,24.0,57
2622,5429,Season 24,2008-03-27,2008,wolle_season1_42,24.0,60
2621,5430,Season 24,2008-03-28,2008,wolle_season1_42,24.0,59
2620,5431,Season 24,2008-03-31,2008,wolle_season1_42,24.0,61
2619,5432,Season 24,2008-04-01,2008,wolle_season1_42,24.0,60
2618,5433,Season 24,2008-04-02,2008,wolle_season1_42,24.0,60
2617,5434,Season 24,2008-04-03,2008,wolle_season1_42,24.0,61
2616,5435,Season 24,2008-04-04,2008,wolle_season1_42,24.0,60
2615,5436,Season 24,2008-04-07,2008,wolle_season1_42,24.0,54
2614,5437,Season 24,2008-04-08,2008,wolle_season1_42,24.0,56
2613,5438,Season 24,2008-04-09,2008,wolle_season1_42,24.0,60
2612,5439,Season 24,2008-04-10,2008,wolle_season1_42,24.0,60
2611,5440,Season 24,2008-04-11,2008,wolle_season1_42,24.0,61
2610,5441,Season 24,2008-04-14,2008,wolle_season1_42,24.0,60
2609,5442,Season 24,2008-04-15,2008,wolle_season1_42,24.0,57
2608,5443,Season 24,2008-04-16,2008,wolle_season1_42,24.0,59
2607,5444,Season 24,2008-04-17,2008,wolle_season1_42,24.0,61
2606,5445,Season 24,2008-04-18,2008,wolle_season1_42,24.0,61
2605,5446,Season 24,2008-04-21,2008,wolle_season1_42,24.0,60
2604,5447,Season 24,2008-04-22,2008,wolle_season1_42,24.0,55
2603,5448,Season 24,2008-04-23,2008,wolle_season1_42,24.0,59
2602,5449,Season 24,2008-04-24,2008,wolle_season1_42,24.0,61
2601,5450,Season 24,2008-04-25,2008,wolle_season1_42,24.0,61
2600,5451,Season 24,2008-04-28,2008,wolle_season1_42,24.0,60
2599,5452,Season 24,2008-04-29,2008,wolle_season1_42,24.0,61
2598,5453,Season 24,2008-04-30,2008,wolle_season1_42,24.0,61
2597,5454,Season 24,2008-05-01,2008,wolle_season1_42,24.0,61
2596,5455,Season 24,2008-05-02,2008,wolle_season1_42,24.0,60
2595,5456,Season 24,2008-05-05,2008,wolle_season1_42,24.0,59
2594,5457,Season 24,2008-05-06,2008,wolle_season1_42,24.0,61
2593,5458,Season 24,2008-05-07,2008,wolle_season1_42,24.0,57
2592,5459,Season 24,2008-05-08,2008,wolle_season1_42,24.0,60
2591,5460,Season 24,2008-05-09,2008,wolle_season1_42,24.0,58
2590,5461,Season 24,2008-05-12,2008,wolle_season1_42,24.0,57
2589,5462,Season 24,2008-05-13,2008,wolle_season1_42,24.0,59
2588,5463,Season 24,2008-05-14,2008,wolle_season1_42,24.0,60
2587,5464,Season 24,2008-05-15,2008,wolle_season1_42,24.0,60
2586,5465,Season 24,2008-05-16,2008,wolle_season1_42,24.0,61
2585,5466,Season 24,2008-05-19,2008,wolle_season1_42,24.0,59
2584,5467,Season 24,2008-05-20,2008,wolle_season1_42,24.0,60
2583,5468,Season 24,2008-05-21,2008,wolle_season1_42,24.0,61
2582,5469,Season 24,2008-05-22,2008,wolle_season1_42,24.0,61
2581,5470,Season 24,2008-05-23,2008,wolle_season1_42,24.0,61
2580,5471,Season 24,2008-05-26,2008,wolle_season1_42,24.0,59
2579,5472,Season 24,2008-05-27,2008,wolle_season1_42,24.0,60
2578,5473,Season 24,2008-05-28,2008,wolle_season1_42,24.0,61
2577,5474,Season 24,2008-05-29,2008,wolle_season1_42,24.0,59
2576,5475,Season 24,2008-05-30,2008,wolle_season1_42,24.0,61
2575,5476,Season 24,2008-06-02,2008,wolle_season1_42,24.0,60
2574,5477,Season 24,2008-06-03,2008,wolle_season1_42,24.0,60
2573,5478,Season 24,2008-06-04,2008,wolle_season1_42,24.0,61
2572,5479,Season 24,2008-06-05,2008,wolle_season1_42,24.0,59
2571,5480,Season 24,2008-06-06,2008,wolle_season1_42,24.0,60
2570,5481,Season 24,2008-06-09,2008,wolle_season1_42,24.0,59
2569,5482,Season 24,2008-06-10,2008,wolle_season1_42,24.0,61
2568,5483,Season 24,2008-06-11,2008,wolle_season1_42,24.0,60
2567,5484,Season 24,2008-06-12,2008,wolle_season1_42,24.0,61
2566,5485,Season 24,2008-06-13,2008,wolle_season1_42,24.0,61
2565,5486,Season 24,2008-06-16,2008,wolle_season1_42,24.0,60
2564,5487,Season 24,2008-06-17,2008,wolle_season1_42,24.0,60
2563,5488,Season 24,2008-06-18,2008,wolle_season1_42,24.0,61
2562,5489,Season 24,2008-06-19,2008,wolle_season1_42,24.0,60
2561,5490,Season 24,2008-06-20,2008,wolle_season1_42,24.0,59
2560,5491,Season 24,2008-06-23,2008,wolle_season1_42,24.0,60
2559,5492,Season 24,2008-06-24,2008,wolle_season1_42,24.0,59
2558,5493,Season 24,2008-06-25,2008,wolle_season1_42,24.0,61
2557,5494,Season 24,2008-06-26,2008,wolle_season1_42,24.0,55
2556,5495,Season 24,2008-06-27,2008,wolle_season1_42,24.0,61
2555,5496,Season 24,2008-06-30,2008,wolle_season1_42,24.0,58
2554,5497,Season 24,2008-07-01,2008,wolle_season1_42,24.0,58
2553,5498,Season 24,2008-07-02,2008,wolle_season1_42,24.0,60
2552,5499,Season 24,2008-07-03,2008,wolle_season1_42,24.0,61
2551,5500,Season 24,2008-07-04,2008,wolle_season1_42,24.0,61
2550,5501,Season 24,2008-07-07,2008,wolle_season1_42,24.0,59
2549,5502,Season 24,2008-07-08,2008,wolle_season1_42,24.0,61
2548,5503,Season 24,2008-07-09,2008,wolle_season1_42,24.0,60
2547,5504,Season 24,2008-07-10,2008,wolle_season1_42,24.0,60
2546,5505,Season 24,2008-07-11,2008,wolle_season1_42,24.0,60
2545,5506,Season 24,2008-07-14,2008,wolle_season1_42,24.0,59
2544,5507,Season 24,2008-07-15,2008,wolle_season1_42,24.0,60
2543,5508,Season 24,2008-07-16,2008,wolle_season1_42,24.0,58
2542,5509,Season 24,2008-07-17,2008,wolle_season1_42,24.0,60
2541,5510,Season 24,2008-07-18,2008,wolle_season1_42,24.0,61
2540,5511,Season 24,2008-07-21,2008,wolle_season1_42,24.0,60
2539,5512,Season 24,2008-07-22,2008,wolle_season1_42,24.0,61
2538,5513,Season 24,2008-07-23,2008,wolle_season1_42,24.0,58
2537,5514,Season 24,2008-07-24,2008,wolle_season1_42,24.0,61
2536,5515,Season 24,2008-07-25,2008,wolle_season1_42,24.0,60
2535,5516,Season 25,2008-09-08,2008,wolle_season1_42,25.0,60
2534,5517,Season 25,2008-09-09,2008,wolle_season1_42,25.0,61
2533,5518,Season 25,2008-09-10,2008,wolle_season1_42,25.0,60
2532,5519,Season 25,2008-09-11,2008,wolle_season1_42,25.0,60
2531,5520,Season 25,2008-09-12,2008,wolle_season1_42,25.0,61
2530,5521,Season 25,2008-09-15,2008,wolle_season1_42,25.0,61
2529,5522,Season 25,2008-09-16,2008,wolle_season1_42,25.0,56
2528,5523,Season 25,2008-09-17,2008,wolle_season1_42,25.0,58
2527,5524,Season 25,2008-09-18,2008,wolle_season1_42,25.0,53
2526,5525,Season 25,2008-09-19,2008,wolle_season1_42,25.0,55
2525,5526,Season 25,2008-09-22,2008,wolle_season1_42,25.0,61
2524,5527,Season 25,2008-09-23,2008,wolle_season1_42,25.0,58
2523,5528,Season 25,2008-09-24,2008,wolle_season1_42,25.0,61
2522,5529,Season 25,2008-09-25,2008,wolle_season1_42,25.0,59
2521,5530,Season 25,2008-09-26,2008,wolle_season1_42,25.0,60
2520,5531,Season 25,2008-09-29,2008,wolle_season1_42,25.0,55
2519,5532,Season 25,2008-09-30,2008,wolle_season1_42,25.0,60
2518,5533,Season 25,2008-10-01,2008,wolle_season1_42,25.0,59
2517,5534,Season 25,2008-10-02,2008,wolle_season1_42,25.0,60
2516,5535,Season 25,2008-10-03,2008,wolle_season1_42,25.0,60
2515,5536,Season 25,2008-10-06,2008,wolle_season1_42,25.0,61
2514,5537,Season 25,2008-10-07,2008,wolle_season1_42,25.0,58
2513,5538,Season 25,2008-10-08,2008,wolle_season1_42,25.0,59
2512,5539,Season 25,2008-10-09,2008,wolle_season1_42,25.0,61
2511,5540,Season 25,2008-10-10,2008,wolle_season1_42,25.0,61
2510,5541,Season 25,2008-10-13,2008,wolle_season1_42,25.0,61
2509,5542,Season 25,2008-10-14,2008,wolle_season1_42,25.0,61
2508,5543,Season 25,2008-10-15,2008,wolle_season1_42,25.0,61
2507,5544,Season 25,2008-10-16,2008,wolle_season1_42,25.0,57
2506,5545,Season 25,2008-10-17,2008,wolle_season1_42,25.0,49
2505,5546,Season 25,2008-10-20,2008,wolle_season1_42,25.0,61
2504,5547,Season 25,2008-10-21,2008,wolle_season1_42,25.0,61
2503,5548,Season 25,2008-10-22,2008,wolle_season1_42,25.0,61
2502,5549,Season 25,2008-10-23,2008,wolle_season1_42,25.0,60
2501,5550,Season 25,2008-10-24,2008,wolle_season1_42,25.0,60
2500,5551,Season 25,2008-10-27,2008,wolle_season1_42,25.0,60
2499,5552,Season 25,2008-10-28,2008,wolle_season1_42,25.0,60
2498,5553,Season 25,2008-10-29,2008,wolle_season1_42,25.0,59
2497,5554,Season 25,2008-10-30,2008,wolle_season1_42,25.0,61
2496,5555,Season 25,2008-10-31,2008,wolle_season1_42,25.0,59
2495,5556,Season 25,2008-11-03,2008,wolle_season1_42,25.0,60
2494,5557,Season 25,2008-11-04,2008,wolle_season1_42,25.0,57
2493,5558,Season 25,2008-11-05,2008,wolle_season1_42,25.0,55
2492,5559,Season 25,2008-11-06,2008,wolle_season1_42,25.0,61
2491,5560,Season 25,2008-11-07,2008,wolle_season1_42,25.0,61
2490,5561,Season 25,2008-11-10,2008,wolle_season1_42,25.0,59
2489,5562,Season 25,2008-11-11,2008,wolle_season1_42,25.0,61
2488,5563,Season 25,2008-11-12,2008,wolle_season1_42,25.0,61
2487,5564,Season 25,2008-11-13,2008,wolle_season1_42,25.0,59
2486,5565,Season 25,2008-11-14,2008,wolle_season1_42,25.0,60
2485,5566,Season 25,2008-11-17,2008,wolle_season1_42,25.0,60
2484,5567,Season 25,2008-11-18,2008,wolle_season1_42,25.0,59
2483,5568,Season 25,2008-11-19,2008,wolle_season1_42,25.0,59
2482,5569,Season 25,2008-11-20,2008,wolle_season1_42,25.0,59
2481,5570,Season 25,2008-11-21,2008,wolle_season1_42,25.0,60
2480,5571,Season 25,2008-11-24,2008,wolle_season1_42,25.0,61
2479,5572,Season 25,2008-11-25,2008,wolle_season1_42,25.0,58
2478,5573,Season 25,2008-11-26,2008,wolle_season1_42,25.0,57
2477,5574,Season 25,2008-11-27,2008,wolle_season1_42,25.0,61
2476,5575,Season 25,2008-11-28,2008,wolle_season1_42,25.0,57
2475,5576,Season 25,2008-12-01,2008,wolle_season1_42,25.0,61
2474,5577,Season 25,2008-12-02,2008,wolle_season1_42,25.0,57
2473,5578,Season 25,2008-12-03,2008,wolle_season1_42,25.0,59
2472,5579,Season 25,2008-12-04,2008,wolle_season1_42,25.0,60
2471,5580,Season 25,2008-12-05,2008,wolle_season1_42,25.0,59
2470,5581,Season 25,2008-12-08,2008,wolle_season1_42,25.0,61
2469,5582,Season 25,2008-12-09,2008,wolle_season1_42,25.0,59
2468,5583,Season 25,2008-12-10,2008,wolle_season1_42,25.0,58
2467,5584,Season 25,2008-12-11,2008,wolle_season1_42,25.0,58
2466,5585,Season 25,2008-12-12,2008,wolle_season1_42,25.0,61
2465,5586,Season 25,2008-12-15,2008,wolle_season1_42,25.0,60
2464,5587,Season 25,2008-12-16,2008,wolle_season1_42,25.0,58
2463,5588,Season 25,2008-12-17,2008,wolle_season1_42,25.0,60
2462,5589,Season 25,2008-12-18,2008,wolle_season1_42,25.0,57
2461,5590,Season 25,2008-12-19,2008,wolle_season1_42,25.0,60
2460,5591,Season 25,2008-12-22,2008,wolle_season1_42,25.0,58
2459,5592,Season 25,2008-12-23,2008,wolle_season1_42,25.0,61
2458,5593,Season 25,2008-12-24,2008,wolle_season1_42,25.0,60
2457,5594,Season 25,2008-12-25,2008,wolle_season1_42,25.0,61
2456,5595,Season 25,2008-12-26,2008,wolle_season1_42,25.0,56
2455,5596,Season 25,2008-12-29,2008,wolle_season1_42,25.0,59
2454,5597,Season 25,2008-12-30,2008,wolle_season1_42,25.0,60
2453,5598,Season 25,2008-12-31,2008,wolle_season1_42,25.0,60
2452,5599,Season 25,2009-01-01,2009,wolle_season1_42,25.0,60
2451,5600,Season 25,2009-01-02,2009,wolle_season1_42,25.0,59
2450,5601,Season 25,2009-01-05,2009,wolle_season1_42,25.0,58
2449,5602,Season 25,2009-01-06,2009,wolle_season1_42,25.0,61
2448,5603,Season 25,2009-01-07,2009,wolle_season1_42,25.0,61
2447,5604,Season 25,2009-01-08,2009,wolle_season1_42,25.0,60
2446,5605,Season 25,2009-01-09,2009,wolle_season1_42,25.0,60
2445,5606,Season 25,2009-01-12,2009,wolle_season1_42,25.0,57
2444,5607,Season 25,2009-01-13,2009,wolle_season1_42,25.0,60
2443,5608,Season 25,2009-01-14,2009,wolle_season1_42,25.0,61
2442,5609,Season 25,2009-01-15,2009,wolle_season1_42,25.0,60
2441,5610,Season 25,2009-01-16,2009,wolle_season1_42,25.0,61
2440,5611,Season 25,2009-01-19,2009,wolle_season1_42,25.0,60
2439,5612,Season 25,2009-01-20,2009,wolle_season1_42,25.0,57
2438,5613,Season 25,2009-01-21,2009,wolle_season1_42,25.0,60
2437,5614,Season 25,2009-01-22,2009,wolle_season1_42,25.0,60
2436,5615,Season 25,2009-01-23,2009,wolle_season1_42,25.0,59
2435,5616,Season 25,2009-01-26,2009,wolle_season1_42,25.0,61
2434,5617,Season 25,2009-01-27,2009,wolle_season1_42,25.0,61
2433,5618,Season 25,2009-01-28,2009,wolle_season1_42,25.0,61
2432,5619,Season 25,2009-01-29,2009,wolle_season1_42,25.0,58
2431,5620,Season 25,2009-01-30,2009,wolle_season1_42,25.0,60
2430,5621,Season 25,2009-02-02,2009,wolle_season1_42,25.0,58
2429,5622,Season 25,2009-02-03,2009,wolle_season1_42,25.0,59
2428,5623,Season 25,2009-02-04,2009,wolle_season1_42,25.0,61
2427,5624,Season 25,2009-02-05,2009,wolle_season1_42,25.0,58
2426,5625,Season 25,2009-02-06,2009,wolle_season1_42,25.0,61
2425,5626,Season 25,2009-02-09,2009,wolle_season1_42,25.0,57
2424,5627,Season 25,2009-02-10,2009,wolle_season1_42,25.0,60
2423,5628,Season 25,2009-02-11,2009,wolle_season1_42,25.0,58
2422,5629,Season 25,2009-02-12,2009,wolle_season1_42,25.0,58
2421,5630,Season 25,2009-02-13,2009,wolle_season1_42,25.0,61
2420,5631,Season 25,2009-02-16,2009,wolle_season1_42,25.0,61
2419,5632,Season 25,2009-02-17,2009,wolle_season1_42,25.0,57
2418,5633,Season 25,2009-02-18,2009,wolle_season1_42,25.0,58
2417,5634,Season 25,2009-02-19,2009,wolle_season1_42,25.0,59
2416,5635,Season 25,2009-02-20,2009,wolle_season1_42,25.0,61
2415,5636,Season 25,2009-02-23,2009,wolle_season1_42,25.0,61
2414,5637,Season 25,2009-02-24,2009,wolle_season1_42,25.0,60
2413,5638,Season 25,2009-02-25,2009,wolle_season1_42,25.0,57
2412,5639,Season 25,2009-02-26,2009,wolle_season1_42,25.0,60
2411,5640,Season 25,2009-02-27,2009,wolle_season1_42,25.0,60
2410,5641,Season 25,2009-03-02,2009,wolle_season1_42,25.0,61
2409,5642,Season 25,2009-03-03,2009,wolle_season1_42,25.0,59
2408,5643,Season 25,2009-03-04,2009,wolle_season1_42,25.0,61
2407,5644,Season 25,2009-03-05,2009,wolle_season1_42,25.0,53
2406,5645,Season 25,2009-03-06,2009,wolle_season1_42,25.0,55
2405,5646,Season 25,2009-03-09,2009,wolle_season1_42,25.0,54
2404,5647,Season 25,2009-03-10,2009,wolle_season1_42,25.0,53
2403,5648,Season 25,2009-03-11,2009,wolle_season1_42,25.0,59
2402,5649,Season 25,2009-03-12,2009,wolle_season1_42,25.0,58
2401,5650,Season 25,2009-03-13,2009,wolle_season1_42,25.0,61
2400,5651,Season 25,2009-03-16,2009,wolle_season1_42,25.0,61
2399,5652,Season 25,2009-03-17,2009,wolle_season1_42,25.0,59
2398,5653,Season 25,2009-03-18,2009,wolle_season1_42,25.0,61
2397,5654,Season 25,2009-03-19,2009,wolle_season1_42,25.0,60
2396,5655,Season 25,2009-03-20,2009,wolle_season1_42,25.0,58
2395,5656,Season 25,2009-03-23,2009,wolle_season1_42,25.0,61
2394,5657,Season 25,2009-03-24,2009,wolle_season1_42,25.0,60
2393,5658,Season 25,2009-03-25,2009,wolle_season1_42,25.0,59
2392,5659,Season 25,2009-03-26,2009,wolle_season1_42,25.0,60
2391,5660,Season 25,2009-03-27,2009,wolle_season1_42,25.0,58
2390,5661,Season 25,2009-03-30,2009,wolle_season1_42,25.0,59
2389,5662,Season 25,2009-03-31,2009,wolle_season1_42,25.0,54
2388,5663,Season 25,2009-04-01,2009,wolle_season1_42,25.0,58
2387,5664,Season 25,2009-04-02,2009,wolle_season1_42,25.0,59
2386,5665,Season 25,2009-04-03,2009,wolle_season1_42,25.0,57
2385,5666,Season 25,2009-04-06,2009,wolle_season1_42,25.0,58
2384,5667,Season 25,2009-04-07,2009,wolle_season1_42,25.0,59
2383,5668,Season 25,2009-04-08,2009,wolle_season1_42,25.0,60
2382,5669,Season 25,2009-04-09,2009,wolle_season1_42,25.0,61
2381,5670,Season 25,2009-04-10,2009,wolle_season1_42,25.0,61
2380,5671,Season 25,2009-04-13,2009,wolle_season1_42,25.0,58
2379,5672,Season 25,2009-04-14,2009,wolle_season1_42,25.0,60
2378,5673,Season 25,2009-04-15,2009,wolle_season1_42,25.0,57
2377,5674,Season 25,2009-04-16,2009,wolle_season1_42,25.0,61
2376,5675,Season 25,2009-04-17,2009,wolle_season1_42,25.0,59
2375,5676,Season 25,2009-04-20,2009,wolle_season1_42,25.0,61
2374,5677,Season 25,2009-04-21,2009,wolle_season1_42,25.0,58
2373,5678,Season 25,2009-04-22,2009,wolle_season1_42,25.0,58
2372,5679,Season 25,2009-04-23,2009,wolle_season1_42,25.0,58
2371,5680,Season 25,2009-04-24,2009,wolle_season1_42,25.0,60
2370,5681,Season 25,2009-04-27,2009,wolle_season1_42,25.0,56
2369,5682,Season 25,2009-04-28,2009,wolle_season1_42,25.0,61
2368,5683,Season 25,2009-04-29,2009,wolle_season1_42,25.0,60
2367,5684,Season 25,2009-04-30,2009,wolle_season1_42,25.0,58
2366,5685,Season 25,2009-05-01,2009,wolle_season1_42,25.0,57
2365,5686,Season 25,2009-05-04,2009,wolle_season1_42,25.0,60
2364,5687,Season 25,2009-05-05,2009,wolle_season1_42,25.0,60
2363,5688,Season 25,2009-05-06,2009,wolle_season1_42,25.0,61
2362,5689,Season 25,2009-05-07,2009,wolle_season1_42,25.0,61
2361,5690,Season 25,2009-05-08,2009,wolle_season1_42,25.0,60
2360,5691,Season 25,2009-05-11,2009,wolle_season1_42,25.0,61
2359,5692,Season 25,2009-05-12,2009,wolle_season1_42,25.0,61
2358,5693,Season 25,2009-05-13,2009,wolle_season1_42,25.0,60
2357,5694,Season 25,2009-05-14,2009,wolle_season1_42,25.0,59
2356,5695,Season 25,2009-05-15,2009,wolle_season1_42,25.0,60
2355,5696,Season 25,2009-05-18,2009,wolle_season1_42,25.0,58
2354,5697,Season 25,2009-05-19,2009,wolle_season1_42,25.0,61
2353,5698,Season 25,2009-05-20,2009,wolle_season1_42,25.0,61
2352,5699,Season 25,2009-05-21,2009,wolle_season1_42,25.0,58
2351,5700,Season 25,2009-05-22,2009,wolle_season1_42,25.0,59
2350,5701,Season 25,2009-05-25,2009,wolle_season1_42,25.0,59
2349,5702,Season 25,2009-05-26,2009,wolle_season1_42,25.0,60
2348,5703,Season 25,2009-05-27,2009,wolle_season1_42,25.0,61
2347,5704,Season 25,2009-05-28,2009,wolle_season1_42,25.0,58
2346,5705,Season 25,2009-05-29,2009,wolle_season1_42,25.0,61
2345,5706,Season 25,2009-06-01,2009,wolle_season1_42,25.0,60
2344,5707,Season 25,2009-06-02,2009,wolle_season1_42,25.0,52
2343,5708,Season 25,2009-06-03,2009,wolle_season1_42,25.0,60
2342,5709,Season 25,2009-06-04,2009,wolle_season1_42,25.0,59
2341,5710,Season 25,2009-06-05,2009,wolle_season1_42,25.0,57
2340,5711,Season 25,2009-06-08,2009,wolle_season1_42,25.0,57
2339,5712,Season 25,2009-06-09,2009,wolle_season1_42,25.0,60
2338,5713,Season 25,2009-06-10,2009,wolle_season1_42,25.0,57
2337,5714,Season 25,2009-06-11,2009,wolle_season1_42,25.0,60
2336,5715,Season 25,2009-06-12,2009,wolle_season1_42,25.0,60
2335,5716,Season 25,2009-06-15,2009,wolle_season1_42,25.0,59
2334,5717,Season 25,2009-06-16,2009,wolle_season1_42,25.0,58
2333,5718,Season 25,2009-06-17,2009,wolle_season1_42,25.0,60
2332,5719,Season 25,2009-06-18,2009,wolle_season1_42,25.0,61
2331,5720,Season 25,2009-06-19,2009,wolle_season1_42,25.0,60
2330,5721,Season 25,2009-06-22,2009,wolle_season1_42,25.0,60
2329,5722,Season 25,2009-06-23,2009,wolle_season1_42,25.0,60
2328,5723,Season 25,2009-06-24,2009,wolle_season1_42,25.0,60
2327,5724,Season 25,2009-06-25,2009,wolle_season1_42,25.0,61
2326,5725,Season 25,2009-06-26,2009,wolle_season1_42,25.0,60
2325,5726,Season 25,2009-06-29,2009,wolle_season1_42,25.0,61
2324,5727,Season 25,2009-06-30,2009,wolle_season1_42,25.0,57
2323,5728,Season 25,2009-07-01,2009,wolle_season1_42,25.0,60
2322,5729,Season 25,2009-07-02,2009,wolle_season1_42,25.0,58
2321,5730,Season 25,2009-07-03,2009,wolle_season1_42,25.0,61
2320,5731,Season 25,2009-07-06,2009,wolle_season1_42,25.0,60
2319,5732,Season 25,2009-07-07,2009,wolle_season1_42,25.0,59
2318,5733,Season 25,2009-07-08,2009,wolle_season1_42,25.0,60
2317,5734,Season 25,2009-07-09,2009,wolle_season1_42,25.0,59
2316,5735,Season 25,2009-07-10,2009,wolle_season1_42,25.0,61
2315,5736,Season 25,2009-07-13,2009,wolle_season1_42,25.0,59
2314,5737,Season 25,2009-07-14,2009,wolle_season1_42,25.0,59
2313,5738,Season 25,2009-07-15,2009,wolle_season1_42,25.0,60
2312,5739,Season 25,2009-07-16,2009,wolle_season1_42,25.0,58
2311,5740,Season 25,2009-07-17,2009,wolle_season1_42,25.0,60
2310,5741,Season 25,2009-07-20,2009,wolle_season1_42,25.0,61
2309,5742,Season 25,2009-07-21,2009,wolle_season1_42,25.0,57
2308,5743,Season 25,2009-07-22,2009,wolle_season1_42,25.0,58
2307,5744,Season 25,2009-07-23,2009,wolle_season1_42,25.0,57
2306,5745,Season 25,2009-07-24,2009,wolle_season1_42,25.0,61
2305,5746,Season 26,2009-09-14,2009,wolle_season1_42,26.0,61
2304,5747,Season 26,2009-09-15,2009,wolle_season1_42,26.0,59
2303,5748,Season 26,2009-09-16,2009,wolle_season1_42,26.0,56
2302,5749,Season 26,2009-09-17,2009,wolle_season1_42,26.0,54
2301,5750,Season 26,2009-09-18,2009,wolle_season1_42,26.0,54
2300,5751,Season 26,2009-09-21,2009,wolle_season1_42,26.0,57
2299,5752,Season 26,2009-09-22,2009,wolle_season1_42,26.0,59
2298,5753,Season 26,2009-09-23,2009,wolle_season1_42,26.0,60
2297,5754,Season 26,2009-09-24,2009,wolle_season1_42,26.0,57
2296,5755,Season 26,2009-09-25,2009,wolle_season1_42,26.0,56
2295,5756,Season 26,2009-09-28,2009,wolle_season1_42,26.0,57
2294,5757,Season 26,2009-09-29,2009,wolle_season1_42,26.0,59
2293,5758,Season 26,2009-09-30,2009,wolle_season1_42,26.0,60
2292,5759,Season 26,2009-10-01,2009,wolle_season1_42,26.0,59
2291,5760,Season 26,2009-10-02,2009,wolle_season1_42,26.0,58
2290,5761,Season 26,2009-10-05,2009,wolle_season1_42,26.0,61
2289,5762,Season 26,2009-10-06,2009,wolle_season1_42,26.0,60
2288,5763,Season 26,2009-10-07,2009,wolle_season1_42,26.0,58
2287,5764,Season 26,2009-10-08,2009,wolle_season1_42,26.0,61
2286,5765,Season 26,2009-10-09,2009,wolle_season1_42,26.0,51
2285,5766,Season 26,2009-10-12,2009,wolle_season1_42,26.0,60
2284,5767,Season 26,2009-10-13,2009,wolle_season1_42,26.0,60
2283,5768,Season 26,2009-10-14,2009,wolle_season1_42,26.0,56
2282,5769,Season 26,2009-10-15,2009,wolle_season1_42,26.0,51
2281,5770,Season 26,2009-10-16,2009,wolle_season1_42,26.0,60
2280,5771,Season 26,2009-10-19,2009,wolle_season1_42,26.0,56
2279,5772,Season 26,2009-10-20,2009,wolle_season1_42,26.0,57
2278,5773,Season 26,2009-10-21,2009,wolle_season1_42,26.0,57
2277,5774,Season 26,2009-10-22,2009,wolle_season1_42,26.0,59
2276,5775,Season 26,2009-10-23,2009,wolle_season1_42,26.0,60
2275,5776,Season 26,2009-10-26,2009,wolle_season1_42,26.0,51
2274,5777,Season 26,2009-10-27,2009,wolle_season1_42,26.0,56
2273,5778,Season 26,2009-10-28,2009,wolle_season1_42,26.0,59
2272,5779,Season 26,2009-10-29,2009,wolle_season1_42,26.0,56
2271,5780,Season 26,2009-10-30,2009,wolle_season1_42,26.0,58
2270,5781,Season 26,2009-11-02,2009,wolle_season1_42,26.0,58
2269,5782,Season 26,2009-11-03,2009,wolle_season1_42,26.0,60
2268,5783,Season 26,2009-11-04,2009,wolle_season1_42,26.0,61
2267,5784,Season 26,2009-11-05,2009,wolle_season1_42,26.0,60
2266,5785,Season 26,2009-11-06,2009,wolle_season1_42,26.0,60
2265,5786,Season 26,2009-11-09,2009,wolle_season1_42,26.0,55
2264,5787,Season 26,2009-11-10,2009,wolle_season1_42,26.0,58
2263,5788,Season 26,2009-11-11,2009,wolle_season1_42,26.0,61
2262,5789,Season 26,2009-11-12,2009,wolle_season1_42,26.0,59
2261,5790,Season 26,2009-11-13,2009,wolle_season1_42,26.0,61
2260,5791,Season 26,2009-11-16,2009,wolle_season1_42,26.0,61
2259,5792,Season 26,2009-11-17,2009,wolle_season1_42,26.0,57
2258,5793,Season 26,2009-11-18,2009,wolle_season1_42,26.0,57
2257,5794,Season 26,2009-11-19,2009,wolle_season1_42,26.0,54
2256,5795,Season 26,2009-11-20,2009,wolle_season1_42,26.0,59
2255,5796,Season 26,2009-11-23,2009,wolle_season1_42,26.0,61
2254,5797,Season 26,2009-11-24,2009,wolle_season1_42,26.0,61
2253,5798,Season 26,2009-11-25,2009,wolle_season1_42,26.0,57
2252,5799,Season 26,2009-11-26,2009,wolle_season1_42,26.0,60
2251,5800,Season 26,2009-11-27,2009,wolle_season1_42,26.0,60
2250,5801,Season 26,2009-11-30,2009,wolle_season1_42,26.0,57
2249,5802,Season 26,2009-12-01,2009,wolle_season1_42,26.0,58
2248,5803,Season 26,2009-12-02,2009,wolle_season1_42,26.0,58
2247,5804,Season 26,2009-12-03,2009,wolle_season1_42,26.0,61
2246,5805,Season 26,2009-12-04,2009,wolle_season1_42,26.0,57
2245,5806,Season 26,2009-12-07,2009,wolle_season1_42,26.0,60
2244,5807,Season 26,2009-12-08,2009,wolle_season1_42,26.0,55
2243,5808,Season 26,2009-12-09,2009,wolle_season1_42,26.0,61
2242,5809,Season 26,2009-12-10,2009,wolle_season1_42,26.0,61
2241,5810,Season 26,2009-12-11,2009,wolle_season1_42,26.0,54
2240,5811,Season 26,2009-12-14,2009,wolle_season1_42,26.0,52
2239,5812,Season 26,2009-12-15,2009,wolle_season1_42,26.0,60
2238,5813,Season 26,2009-12-16,2009,wolle_season1_42,26.0,58
2237,5814,Season 26,2009-12-17,2009,wolle_season1_42,26.0,53
2236,5815,Season 26,2009-12-18,2009,wolle_season1_42,26.0,59
2235,5816,Season 26,2009-12-21,2009,wolle_season1_42,26.0,58
2234,5817,Season 26,2009-12-22,2009,wolle_season1_42,26.0,59
2233,5818,Season 26,2009-12-23,2009,wolle_season1_42,26.0,60
2232,5819,Season 26,2009-12-24,2009,wolle_season1_42,26.0,59
2231,5820,Season 26,2009-12-25,2009,wolle_season1_42,26.0,61
2230,5821,Season 26,2009-12-28,2009,wolle_season1_42,26.0,60
2229,5822,Season 26,2009-12-29,2009,wolle_season1_42,26.0,57
2228,5823,Season 26,2009-12-30,2009,wolle_season1_42,26.0,53
2227,5824,Season 26,2009-12-31,2009,wolle_season1_42,26.0,53
2226,5825,Season 26,2010-01-01,2010,wolle_season1_42,26.0,61
2225,5826,Season 26,2010-01-04,2010,wolle_season1_42,26.0,58
2224,5827,Season 26,2010-01-05,2010,wolle_season1_42,26.0,58
2223,5828,Season 26,2010-01-06,2010,wolle_season1_42,26.0,60
2222,5829,Season 26,2010-01-07,2010,wolle_season1_42,26.0,59
2221,5830,Season 26,2010-01-08,2010,wolle_season1_42,26.0,56
2220,5831,Season 26,2010-01-11,2010,wolle_season1_42,26.0,54
2219,5832,Season 26,2010-01-12,2010,wolle_season1_42,26.0,59
2218,5833,Season 26,2010-01-13,2010,wolle_season1_42,26.0,57
2217,5834,Season 26,2010-01-14,2010,wolle_season1_42,26.0,58
2216,5835,Season 26,2010-01-15,2010,wolle_season1_42,26.0,57
2215,5836,Season 26,2010-01-18,2010,wolle_season1_42,26.0,59
2214,5837,Season 26,2010-01-19,2010,wolle_season1_42,26.0,58
2213,5838,Season 26,2010-01-20,2010,wolle_season1_42,26.0,61
2212,5839,Season 26,2010-01-21,2010,wolle_season1_42,26.0,56
2211,5840,Season 26,2010-01-22,2010,wolle_season1_42,26.0,58
2210,5841,Season 26,2010-01-25,2010,wolle_season1_42,26.0,58
2209,5842,Season 26,2010-01-26,2010,wolle_season1_42,26.0,60
2208,5843,Season 26,2010-01-27,2010,wolle_season1_42,26.0,60
2207,5844,Season 26,2010-01-28,2010,wolle_season1_42,26.0,60
2206,5845,Season 26,2010-01-29,2010,wolle_season1_42,26.0,53
2205,5846,Season 26,2010-02-01,2010,wolle_season1_42,26.0,61
2204,5847,Season 26,2010-02-02,2010,wolle_season1_42,26.0,61
2203,5848,Season 26,2010-02-03,2010,wolle_season1_42,26.0,59
2202,5849,Season 26,2010-02-04,2010,wolle_season1_42,26.0,61
2201,5850,Season 26,2010-02-05,2010,wolle_season1_42,26.0,61
2200,5851,Season 26,2010-02-08,2010,wolle_season1_42,26.0,61
2199,5852,Season 26,2010-02-09,2010,wolle_season1_42,26.0,54
2198,5853,Season 26,2010-02-10,2010,wolle_season1_42,26.0,60
2197,5854,Season 26,2010-02-11,2010,wolle_season1_42,26.0,61
2196,5855,Season 26,2010-02-12,2010,wolle_season1_42,26.0,61
2195,5856,Season 26,2010-02-15,2010,wolle_season1_42,26.0,57
2194,5857,Season 26,2010-02-16,2010,wolle_season1_42,26.0,60
2193,5858,Season 26,2010-02-17,2010,wolle_season1_42,26.0,56
2192,5859,Season 26,2010-02-18,2010,wolle_season1_42,26.0,56
2191,5860,Season 26,2010-02-19,2010,wolle_season1_42,26.0,59
2190,5861,Season 26,2010-02-22,2010,wolle_season1_42,26.0,58
2189,5862,Season 26,2010-02-23,2010,wolle_season1_42,26.0,55
2188,5863,Season 26,2010-02-24,2010,wolle_season1_42,26.0,53
2187,5864,Season 26,2010-02-25,2010,wolle_season1_42,26.0,55
2186,5865,Season 26,2010-02-26,2010,wolle_season1_42,26.0,57
2185,5866,Season 26,2010-03-01,2010,wolle_season1_42,26.0,57
2184,5867,Season 26,2010-03-02,2010,wolle_season1_42,26.0,59
2183,5868,Season 26,2010-03-03,2010,wolle_season1_42,26.0,61
2182,5869,Season 26,2010-03-04,2010,wolle_season1_42,26.0,59
2181,5870,Season 26,2010-03-05,2010,wolle_season1_42,26.0,60
2180,5871,Season 26,2010-03-08,2010,wolle_season1_42,26.0,60
2179,5872,Season 26,2010-03-09,2010,wolle_season1_42,26.0,61
2178,5873,Season 26,2010-03-10,2010,wolle_season1_42,26.0,58
2177,5874,Season 26,2010-03-11,2010,wolle_season1_42,26.0,61
2176,5875,Season 26,2010-03-12,2010,wolle_season1_42,26.0,59
2175,5876,Season 26,2010-03-15,2010,wolle_season1_42,26.0,51
2174,5877,Season 26,2010-03-16,2010,wolle_season1_42,26.0,61
2173,5878,Season 26,2010-03-17,2010,wolle_season1_42,26.0,60
2172,5879,Season 26,2010-03-18,2010,wolle_season1_42,26.0,58
2171,5880,Season 26,2010-03-19,2010,wolle_season1_42,26.0,59
2170,5881,Season 26,2010-03-22,2010,wolle_season1_42,26.0,59
2169,5882,Season 26,2010-03-23,2010,wolle_season1_42,26.0,57
2168,5883,Season 26,2010-03-24,2010,wolle_season1_42,26.0,57
2167,5884,Season 26,2010-03-25,2010,wolle_season1_42,26.0,57
2166,5885,Season 26,2010-03-26,2010,wolle_season1_42,26.0,58
2165,5886,Season 26,2010-03-29,2010,wolle_season1_42,26.0,55
2164,5887,Season 26,2010-03-30,2010,wolle_season1_42,26.0,60
2163,5888,Season 26,2010-03-31,2010,wolle_season1_42,26.0,56
2162,5889,Season 26,2010-04-01,2010,wolle_season1_42,26.0,60
2161,5890,Season 26,2010-04-02,2010,wolle_season1_42,26.0,58
2160,5891,Season 26,2010-04-05,2010,wolle_season1_42,26.0,58
2159,5892,Season 26,2010-04-06,2010,wolle_season1_42,26.0,57
2158,5893,Season 26,2010-04-07,2010,wolle_season1_42,26.0,60
2157,5894,Season 26,2010-04-08,2010,wolle_season1_42,26.0,60
2156,5895,Season 26,2010-04-09,2010,wolle_season1_42,26.0,60
2155,5896,Season 26,2010-04-12,2010,wolle_season1_42,26.0,59
2154,5897,Season 26,2010-04-13,2010,wolle_season1_42,26.0,61
2153,5898,Season 26,2010-04-14,2010,wolle_season1_42,26.0,55
2152,5899,Season 26,2010-04-15,2010,wolle_season1_42,26.0,54
2151,5900,Season 26,2010-04-16,2010,wolle_season1_42,26.0,54
2150,5901,Season 26,2010-04-19,2010,wolle_season1_42,26.0,54
2149,5902,Season 26,2010-04-20,2010,wolle_season1_42,26.0,57
2148,5903,Season 26,2010-04-21,2010,wolle_season1_42,26.0,59
2147,5904,Season 26,2010-04-22,2010,wolle_season1_42,26.0,54
2146,5905,Season 26,2010-04-23,2010,wolle_season1_42,26.0,59
2145,5906,Season 26,2010-04-26,2010,wolle_season1_42,26.0,56
2144,5907,Season 26,2010-04-27,2010,wolle_season1_42,26.0,56
2143,5908,Season 26,2010-04-28,2010,wolle_season1_42,26.0,59
2142,5909,Season 26,2010-04-29,2010,wolle_season1_42,26.0,56
2141,5910,Season 26,2010-04-30,2010,wolle_season1_42,26.0,57
2140,5911,Season 26,2010-05-03,2010,wolle_season1_42,26.0,61
2139,5912,Season 26,2010-05-04,2010,wolle_season1_42,26.0,60
2138,5913,Season 26,2010-05-05,2010,wolle_season1_42,26.0,57
2137,5914,Season 26,2010-05-06,2010,wolle_season1_42,26.0,59
2136,5915,Season 26,2010-05-07,2010,wolle_season1_42,26.0,58
2135,5916,Season 26,2010-05-10,2010,wolle_season1_42,26.0,61
2134,5917,Season 26,2010-05-11,2010,wolle_season1_42,26.0,60
2133,5918,Season 26,2010-05-12,2010,wolle_season1_42,26.0,61
2132,5919,Season 26,2010-05-13,2010,wolle_season1_42,26.0,58
2131,5920,Season 26,2010-05-14,2010,wolle_season1_42,26.0,61
2130,5921,Season 26,2010-05-17,2010,wolle_season1_42,26.0,60
2129,5922,Season 26,2010-05-18,2010,wolle_season1_42,26.0,58
2128,5923,Season 26,2010-05-19,2010,wolle_season1_42,26.0,61
2127,5924,Season 26,2010-05-20,2010,wolle_season1_42,26.0,61
2126,5925,Season 26,2010-05-21,2010,wolle_season1_42,26.0,61
2125,5926,Season 26,2010-05-24,2010,wolle_season1_42,26.0,54
2124,5927,Season 26,2010-05-25,2010,wolle_season1_42,26.0,60
2123,5928,Season 26,2010-05-26,2010,wolle_season1_42,26.0,57
2122,5929,Season 26,2010-05-27,2010,wolle_season1_42,26.0,61
2121,5930,Season 26,2010-05-28,2010,wolle_season1_42,26.0,57
2120,5931,Season 26,2010-05-31,2010,wolle_season1_42,26.0,56
2119,5932,Season 26,2010-06-01,2010,wolle_season1_42,26.0,58
2118,5933,Season 26,2010-06-02,2010,wolle_season1_42,26.0,60
2117,5934,Season 26,2010-06-03,2010,wolle_season1_42,26.0,54
2116,5935,Season 26,2010-06-04,2010,wolle_season1_42,26.0,61
2115,5936,Season 26,2010-06-07,2010,wolle_season1_42,26.0,61
2114,5937,Season 26,2010-06-08,2010,wolle_season1_42,26.0,60
2113,5938,Season 26,2010-06-09,2010,wolle_season1_42,26.0,60
2112,5939,Season 26,2010-06-10,2010,wolle_season1_42,26.0,59
2111,5940,Season 26,2010-06-11,2010,wolle_season1_42,26.0,57
2110,5941,Season 26,2010-06-14,2010,wolle_season1_42,26.0,61
2109,5942,Season 26,2010-06-15,2010,wolle_season1_42,26.0,59
2108,5943,Season 26,2010-06-16,2010,wolle_season1_42,26.0,56
2107,5944,Season 26,2010-06-17,2010,wolle_season1_42,26.0,58
2106,5945,Season 26,2010-06-18,2010,wolle_season1_42,26.0,59
2105,5946,Season 26,2010-06-21,2010,wolle_season1_42,26.0,60
2104,5947,Season 26,2010-06-22,2010,wolle_season1_42,26.0,61
2103,5948,Season 26,2010-06-23,2010,wolle_season1_42,26.0,60
2102,5949,Season 26,2010-06-24,2010,wolle_season1_42,26.0,60
2101,5950,Season 26,2010-06-25,2010,wolle_season1_42,26.0,61
2100,5951,Season 26,2010-06-28,2010,wolle_season1_42,26.0,59
2099,5952,Season 26,2010-06-29,2010,wolle_season1_42,26.0,59
2098,5953,Season 26,2010-06-30,2010,wolle_season1_42,26.0,61
2097,5954,Season 26,2010-07-01,2010,wolle_season1_42,26.0,59
2096,5955,Season 26,2010-07-02,2010,wolle_season1_42,26.0,60
2095,5956,Season 26,2010-07-05,2010,wolle_season1_42,26.0,56
2094,5957,Season 26,2010-07-06,2010,wolle_season1_42,26.0,60
2093,5958,Season 26,2010-07-07,2010,wolle_season1_42,26.0,55
2092,5959,Season 26,2010-07-08,2010,wolle_season1_42,26.0,57
2091,5960,Season 26,2010-07-09,2010,wolle_season1_42,26.0,60
2090,5961,Season 26,2010-07-12,2010,wolle_season1_42,26.0,57
2089,5962,Season 26,2010-07-13,2010,wolle_season1_42,26.0,61
2088,5963,Season 26,2010-07-14,2010,wolle_season1_42,26.0,59
2087,5964,Season 26,2010-07-15,2010,wolle_season1_42,26.0,59
2086,5965,Season 26,2010-07-16,2010,wolle_season1_42,26.0,54
2085,5966,Season 26,2010-07-19,2010,wolle_season1_42,26.0,61
2084,5967,Season 26,2010-07-20,2010,wolle_season1_42,26.0,57
2083,5968,Season 26,2010-07-21,2010,wolle_season1_42,26.0,61
2082,5969,Season 26,2010-07-22,2010,wolle_season1_42,26.0,61
2081,5970,Season 26,2010-07-23,2010,wolle_season1_42,26.0,59
2080,5971,Season 26,2010-07-26,2010,wolle_season1_42,26.0,59
2079,5972,Season 26,2010-07-27,2010,wolle_season1_42,26.0,61
2078,5973,Season 26,2010-07-28,2010,wolle_season1_42,26.0,58
2077,5974,Season 26,2010-07-29,2010,wolle_season1_42,26.0,58
2076,5975,Season 26,2010-07-30,2010,wolle_season1_42,26.0,55
2075,5976,Season 27,2010-09-13,2010,wolle_season1_42,27.0,56
2074,5977,Season 27,2010-09-14,2010,wolle_season1_42,27.0,55
2073,5978,Season 27,2010-09-15,2010,wolle_season1_42,27.0,61
2072,5979,Season 27,2010-09-16,2010,wolle_season1_42,27.0,59
2071,5980,Season 27,2010-09-17,2010,wolle_season1_42,27.0,51
2070,5981,Season 27,2010-09-20,2010,wolle_season1_42,27.0,56
2069,5982,Season 27,2010-09-21,2010,wolle_season1_42,27.0,58
2068,5983,Season 27,2010-09-22,2010,wolle_season1_42,27.0,60
2067,5984,Season 27,2010-09-23,2010,wolle_season1_42,27.0,55
2066,5985,Season 27,2010-09-24,2010,wolle_season1_42,27.0,58
2065,5986,Season 27,2010-09-27,2010,wolle_season1_42,27.0,56
2064,5987,Season 27,2010-09-28,2010,wolle_season1_42,27.0,57
2063,5988,Season 27,2010-09-29,2010,wolle_season1_42,27.0,53
2062,5989,Season 27,2010-09-30,2010,wolle_season1_42,27.0,59
2061,5990,Season 27,2010-10-01,2010,wolle_season1_42,27.0,56
2060,5991,Season 27,2010-10-04,2010,wolle_season1_42,27.0,59
2059,5992,Season 27,2010-10-05,2010,wolle_season1_42,27.0,57
2058,5993,Season 27,2010-10-06,2010,wolle_season1_42,27.0,60
2057,5994,Season 27,2010-10-07,2010,wolle_season1_42,27.0,58
2056,5995,Season 27,2010-10-08,2010,wolle_season1_42,27.0,57
2055,5996,Season 27,2010-10-11,2010,wolle_season1_42,27.0,59
2054,5997,Season 27,2010-10-12,2010,wolle_season1_42,27.0,57
2053,5998,Season 27,2010-10-13,2010,wolle_season1_42,27.0,58
2052,5999,Season 27,2010-10-14,2010,wolle_season1_42,27.0,60
2051,6000,Season 27,2010-10-15,2010,wolle_season1_42,27.0,60
2050,6001,Season 27,2010-10-18,2010,wolle_season1_42,27.0,61
2049,6002,Season 27,2010-10-19,2010,wolle_season1_42,27.0,56
2048,6003,Season 27,2010-10-20,2010,wolle_season1_42,27.0,60
2047,6004,Season 27,2010-10-21,2010,wolle_season1_42,27.0,56
2046,6005,Season 27,2010-10-22,2010,wolle_season1_42,27.0,58
2045,6006,Season 27,2010-10-25,2010,wolle_season1_42,27.0,61
2044,6007,Season 27,2010-10-26,2010,wolle_season1_42,27.0,54
2043,6008,Season 27,2010-10-27,2010,wolle_season1_42,27.0,59
2042,6009,Season 27,2010-10-28,2010,wolle_season1_42,27.0,56
2041,6010,Season 27,2010-10-29,2010,wolle_season1_42,27.0,53
2040,6011,Season 27,2010-11-01,2010,wolle_season1_42,27.0,57
2039,6012,Season 27,2010-11-02,2010,wolle_season1_42,27.0,61
2038,6013,Season 27,2010-11-03,2010,wolle_season1_42,27.0,60
2037,6014,Season 27,2010-11-04,2010,wolle_season1_42,27.0,61
2036,6015,Season 27,2010-11-05,2010,wolle_season1_42,27.0,60
2035,6016,Season 27,2010-11-08,2010,wolle_season1_42,27.0,60
2034,6017,Season 27,2010-11-09,2010,wolle_season1_42,27.0,61
2033,6018,Season 27,2010-11-10,2010,wolle_season1_42,27.0,61
2032,6019,Season 27,2010-11-11,2010,wolle_season1_42,27.0,61
2031,6020,Season 27,2010-11-12,2010,wolle_season1_42,27.0,61
2030,6021,Season 27,2010-11-15,2010,wolle_season1_42,27.0,61
2029,6022,Season 27,2010-11-16,2010,wolle_season1_42,27.0,58
2028,6023,Season 27,2010-11-17,2010,wolle_season1_42,27.0,59
2027,6024,Season 27,2010-11-18,2010,wolle_season1_42,27.0,57
2026,6025,Season 27,2010-11-19,2010,wolle_season1_42,27.0,60
2025,6026,Season 27,2010-11-22,2010,wolle_season1_42,27.0,61
2024,6027,Season 27,2010-11-23,2010,wolle_season1_42,27.0,61
2023,6028,Season 27,2010-11-24,2010,wolle_season1_42,27.0,61
2022,6029,Season 27,2010-11-25,2010,wolle_season1_42,27.0,61
2021,6030,Season 27,2010-11-26,2010,wolle_season1_42,27.0,58
2020,6031,Season 27,2010-11-29,2010,wolle_season1_42,27.0,56
2019,6032,Season 27,2010-11-30,2010,wolle_season1_42,27.0,61
2018,6033,Season 27,2010-12-01,2010,wolle_season1_42,27.0,57
2017,6034,Season 27,2010-12-02,2010,wolle_season1_42,27.0,57
2016,6035,Season 27,2010-12-03,2010,wolle_season1_42,27.0,59
2015,6036,Season 27,2010-12-06,2010,wolle_season1_42,27.0,60
2014,6037,Season 27,2010-12-07,2010,wolle_season1_42,27.0,56
2013,6038,Season 27,2010-12-08,2010,wolle_season1_42,27.0,57
2012,6039,Season 27,2010-12-09,2010,wolle_season1_42,27.0,58
2011,6040,Season 27,2010-12-10,2010,wolle_season1_42,27.0,56
2010,6041,Season 27,2010-12-13,2010,wolle_season1_42,27.0,60
2009,6042,Season 27,2010-12-14,2010,wolle_season1_42,27.0,60
2008,6043,Season 27,2010-12-15,2010,wolle_season1_42,27.0,58
2007,6044,Season 27,2010-12-16,2010,wolle_season1_42,27.0,59
2006,6045,Season 27,2010-12-17,2010,wolle_season1_42,27.0,57
2005,6046,Season 27,2010-12-20,2010,wolle_season1_42,27.0,61
2004,6047,Season 27,2010-12-21,2010,wolle_season1_42,27.0,58
2003,6048,Season 27,2010-12-22,2010,wolle_season1_42,27.0,59
2002,6049,Season 27,2010-12-23,2010,wolle_season1_42,27.0,60
2001,6050,Season 27,2010-12-24,2010,wolle_season1_42,27.0,61
2000,6051,Season 27,2010-12-27,2010,wolle_season1_42,27.0,57
1999,6052,Season 27,2010-12-28,2010,wolle_season1_42,27.0,59
1998,6053,Season 27,2010-12-29,2010,wolle_season1_42,27.0,56
1997,6054,Season 27,2010-12-30,2010,wolle_season1_42,27.0,56
1996,6055,Season 27,2010-12-31,2010,wolle_season1_42,27.0,57
1995,6056,Season 27,2011-01-03,2011,wolle_season1_42,27.0,59
1994,6057,Season 27,2011-01-04,2011,wolle_season1_42,27.0,57
1993,6058,Season 27,2011-01-05,2011,wolle_season1_42,27.0,59
1992,6059,Season 27,2011-01-06,2011,wolle_season1_42,27.0,57
1991,6060,Season 27,2011-01-07,2011,wolle_season1_42,27.0,61
1990,6061,Season 27,2011-01-10,2011,wolle_season1_42,27.0,59
1989,6062,Season 27,2011-01-11,2011,wolle_season1_42,27.0,60
1988,6063,Season 27,2011-01-12,2011,wolle_season1_42,27.0,56
1987,6064,Season 27,2011-01-13,2011,wolle_season1_42,27.0,57
1986,6065,Season 27,2011-01-14,2011,wolle_season1_42,27.0,58
1985,6066,Season 27,2011-01-17,2011,wolle_season1_42,27.0,57
1984,6067,Season 27,2011-01-18,2011,wolle_season1_42,27.0,58
1983,6068,Season 27,2011-01-19,2011,wolle_season1_42,27.0,61
1982,6069,Season 27,2011-01-20,2011,wolle_season1_42,27.0,57
1981,6070,Season 27,2011-01-21,2011,wolle_season1_42,27.0,57
1980,6071,Season 27,2011-01-24,2011,wolle_season1_42,27.0,58
1979,6072,Season 27,2011-01-25,2011,wolle_season1_42,27.0,61
1978,6073,Season 27,2011-01-26,2011,wolle_season1_42,27.0,61
1977,6074,Season 27,2011-01-27,2011,wolle_season1_42,27.0,55
1976,6075,Season 27,2011-01-28,2011,wolle_season1_42,27.0,56
1975,6076,Season 27,2011-01-31,2011,wolle_season1_42,27.0,56
1974,6077,Season 27,2011-02-01,2011,wolle_season1_42,27.0,58
1973,6078,Season 27,2011-02-02,2011,wolle_season1_42,27.0,57
1972,6079,Season 27,2011-02-03,2011,wolle_season1_42,27.0,59
1971,6080,Season 27,2011-02-04,2011,wolle_season1_42,27.0,59
1970,6081,Season 27,2011-02-07,2011,wolle_season1_42,27.0,59
1969,6082,Season 27,2011-02-08,2011,wolle_season1_42,27.0,55
1968,6083,Season 27,2011-02-09,2011,wolle_season1_42,27.0,61
1967,6084,Season 27,2011-02-10,2011,wolle_season1_42,27.0,60
1966,6085,Season 27,2011-02-11,2011,wolle_season1_42,27.0,60
1965,6087,Season 27,2011-02-15,2011,wolle_season1_42,27.0,31
1964,6088,Season 27,2011-02-16,2011,wolle_season1_42,27.0,61
1963,6089,Season 27,2011-02-17,2011,wolle_season1_42,27.0,59
1962,6090,Season 27,2011-02-18,2011,wolle_season1_42,27.0,61
1961,6091,Season 27,2011-02-21,2011,wolle_season1_42,27.0,56
1960,6092,Season 27,2011-02-22,2011,wolle_season1_42,27.0,61
1959,6093,Season 27,2011-02-23,2011,wolle_season1_42,27.0,58
1958,6094,Season 27,2011-02-24,2011,wolle_season1_42,27.0,61
1957,6095,Season 27,2011-02-25,2011,wolle_season1_42,27.0,61
1956,6096,Season 27,2011-02-28,2011,wolle_season1_42,27.0,60
1955,6097,Season 27,2011-03-01,2011,wolle_season1_42,27.0,61
1954,6098,Season 27,2011-03-02,2011,wolle_season1_42,27.0,59
1953,6099,Season 27,2011-03-03,2011,wolle_season1_42,27.0,60
1952,6100,Season 27,2011-03-04,2011,wolle_season1_42,27.0,58
1951,6101,Season 27,2011-03-07,2011,wolle_season1_42,27.0,58
1950,6102,Season 27,2011-03-08,2011,wolle_season1_42,27.0,61
1949,6103,Season 27,2011-03-09,2011,wolle_season1_42,27.0,59
1948,6104,Season 27,2011-03-10,2011,wolle_season1_42,27.0,60
1947,6105,Season 27,2011-03-11,2011,wolle_season1_42,27.0,56
1946,6106,Season 27,2011-03-14,2011,wolle_season1_42,27.0,59
1945,6107,Season 27,2011-03-15,2011,wolle_season1_42,27.0,58
1944,6108,Season 27,2011-03-16,2011,wolle_season1_42,27.0,57
1943,6109,Season 27,2011-03-17,2011,wolle_season1_42,27.0,56
1942,6110,Season 27,2011-03-18,2011,wolle_season1_42,27.0,55
1941,6111,Season 27,2011-03-21,2011,wolle_season1_42,27.0,58
1940,6112,Season 27,2011-03-22,2011,wolle_season1_42,27.0,61
1939,6113,Season 27,2011-03-23,2011,wolle_season1_42,27.0,60
1938,6114,Season 27,2011-03-24,2011,wolle_season1_42,27.0,61
1937,6115,Season 27,2011-03-25,2011,wolle_season1_42,27.0,59
1936,6116,Season 27,2011-03-28,2011,wolle_season1_42,27.0,55
1935,6117,Season 27,2011-03-29,2011,wolle_season1_42,27.0,61
1934,6118,Season 27,2011-03-30,2011,wolle_season1_42,27.0,60
1933,6119,Season 27,2011-03-31,2011,wolle_season1_42,27.0,54
1932,6120,Season 27,2011-04-01,2011,wolle_season1_42,27.0,60
1931,6121,Season 27,2011-04-04,2011,wolle_season1_42,27.0,57
1930,6122,Season 27,2011-04-05,2011,wolle_season1_42,27.0,58
1929,6123,Season 27,2011-04-06,2011,wolle_season1_42,27.0,56
1928,6124,Season 27,2011-04-07,2011,wolle_season1_42,27.0,60
1927,6125,Season 27,2011-04-08,2011,wolle_season1_42,27.0,61
1926,6126,Season 27,2011-04-11,2011,wolle_season1_42,27.0,60
1925,6127,Season 27,2011-04-12,2011,wolle_season1_42,27.0,59
1924,6128,Season 27,2011-04-13,2011,wolle_season1_42,27.0,59
1923,6129,Season 27,2011-04-14,2011,wolle_season1_42,27.0,59
1922,6130,Season 27,2011-04-15,2011,wolle_season1_42,27.0,61
1921,6131,Season 27,2011-04-18,2011,wolle_season1_42,27.0,57
1920,6132,Season 27,2011-04-19,2011,wolle_season1_42,27.0,61
1919,6133,Season 27,2011-04-20,2011,wolle_season1_42,27.0,59
1918,6134,Season 27,2011-04-21,2011,wolle_season1_42,27.0,60
1917,6135,Season 27,2011-04-22,2011,wolle_season1_42,27.0,58
1916,6136,Season 27,2011-04-25,2011,wolle_season1_42,27.0,61
1915,6137,Season 27,2011-04-26,2011,wolle_season1_42,27.0,59
1914,6138,Season 27,2011-04-27,2011,wolle_season1_42,27.0,55
1913,6139,Season 27,2011-04-28,2011,wolle_season1_42,27.0,61
1912,6140,Season 27,2011-04-29,2011,wolle_season1_42,27.0,61
1911,6141,Season 27,2011-05-02,2011,wolle_season1_42,27.0,60
1910,6142,Season 27,2011-05-03,2011,wolle_season1_42,27.0,61
1909,6143,Season 27,2011-05-04,2011,wolle_season1_42,27.0,59
1908,6144,Season 27,2011-05-05,2011,wolle_season1_42,27.0,58
1907,6145,Season 27,2011-05-06,2011,wolle_season1_42,27.0,59
1906,6146,Season 27,2011-05-09,2011,wolle_season1_42,27.0,57
1905,6147,Season 27,2011-05-10,2011,wolle_season1_42,27.0,61
1904,6148,Season 27,2011-05-11,2011,wolle_season1_42,27.0,58
1903,6149,Season 27,2011-05-12,2011,wolle_season1_42,27.0,58
1902,6150,Season 27,2011-05-13,2011,wolle_season1_42,27.0,57
1901,6151,Season 27,2011-05-16,2011,wolle_season1_42,27.0,61
1900,6152,Season 27,2011-05-17,2011,wolle_season1_42,27.0,59
1899,6153,Season 27,2011-05-18,2011,wolle_season1_42,27.0,61
1898,6154,Season 27,2011-05-19,2011,wolle_season1_42,27.0,60
1897,6155,Season 27,2011-05-20,2011,wolle_season1_42,27.0,61
1896,6156,Season 27,2011-05-23,2011,wolle_season1_42,27.0,60
1895,6157,Season 27,2011-05-24,2011,wolle_season1_42,27.0,61
1894,6158,Season 27,2011-05-25,2011,wolle_season1_42,27.0,60
1893,6159,Season 27,2011-05-26,2011,wolle_season1_42,27.0,60
1892,6160,Season 27,2011-05-27,2011,wolle_season1_42,27.0,60
1891,6161,Season 27,2011-05-30,2011,wolle_season1_42,27.0,60
1890,6162,Season 27,2011-05-31,2011,wolle_season1_42,27.0,59
1889,6163,Season 27,2011-06-01,2011,wolle_season1_42,27.0,61
1888,6164,Season 27,2011-06-02,2011,wolle_season1_42,27.0,59
1887,6165,Season 27,2011-06-03,2011,wolle_season1_42,27.0,57
1886,6166,Season 27,2011-06-06,2011,wolle_season1_42,27.0,61
1885,6167,Season 27,2011-06-07,2011,wolle_season1_42,27.0,60
1884,6168,Season 27,2011-06-08,2011,wolle_season1_42,27.0,60
1883,6169,Season 27,2011-06-09,2011,wolle_season1_42,27.0,58
1882,6170,Season 27,2011-06-10,2011,wolle_season1_42,27.0,58
1881,6171,Season 27,2011-06-13,2011,wolle_season1_42,27.0,59
1880,6172,Season 27,2011-06-14,2011,wolle_season1_42,27.0,60
1879,6173,Season 27,2011-06-15,2011,wolle_season1_42,27.0,61
1878,6174,Season 27,2011-06-16,2011,wolle_season1_42,27.0,61
1877,6175,Season 27,2011-06-17,2011,wolle_season1_42,27.0,59
1876,6176,Season 27,2011-06-20,2011,wolle_season1_42,27.0,56
1875,6177,Season 27,2011-06-21,2011,wolle_season1_42,27.0,56
1873,6178,Season 27,2011-06-22,2011,wolle_season1_42,27.0,58
1872,6179,Season 27,2011-06-23,2011,wolle_season1_42,27.0,56
1871,6180,Season 27,2011-06-24,2011,wolle_season1_42,27.0,60
1870,6181,Season 27,2011-06-27,2011,wolle_season1_42,27.0,58
1869,6182,Season 27,2011-06-28,2011,wolle_season1_42,27.0,58
1868,6183,Season 27,2011-06-29,2011,wolle_season1_42,27.0,55
1867,6184,Season 27,2011-06-30,2011,wolle_season1_42,27.0,61
1866,6185,Season 27,2011-07-01,2011,wolle_season1_42,27.0,60
1865,6186,Season 27,2011-07-04,2011,wolle_season1_42,27.0,56
1864,6187,Season 27,2011-07-05,2011,wolle_season1_42,27.0,60
1863,6188,Season 27,2011-07-06,2011,wolle_season1_42,27.0,54
1862,6189,Season 27,2011-07-07,2011,wolle_season1_42,27.0,57
1861,6190,Season 27,2011-07-08,2011,wolle_season1_42,27.0,60
1860,6191,Season 27,2011-07-11,2011,wolle_season1_42,27.0,61
1859,6192,Season 27,2011-07-12,2011,wolle_season1_42,27.0,61
1858,6193,Season 27,2011-07-13,2011,wolle_season1_42,27.0,60
1857,6194,Season 27,2011-07-14,2011,wolle_season1_42,27.0,60
1856,6195,Season 27,2011-07-15,2011,wolle_season1_42,27.0,60
1855,6196,Season 27,2011-07-18,2011,wolle_season1_42,27.0,61
1854,6197,Season 27,2011-07-19,2011,wolle_season1_42,27.0,56
1853,6198,Season 27,2011-07-20,2011,wolle_season1_42,27.0,61
1852,6199,Season 27,2011-07-21,2011,wolle_season1_42,27.0,61
1851,6200,Season 27,2011-07-22,2011,wolle_season1_42,27.0,61
1850,6201,Season 27,2011-07-25,2011,wolle_season1_42,27.0,60
1849,6202,Season 27,2011-07-26,2011,wolle_season1_42,27.0,60
1848,6203,Season 27,2011-07-27,2011,wolle_season1_42,27.0,61
1847,6204,Season 27,2011-07-28,2011,wolle_season1_42,27.0,60
1846,6205,Season 27,2011-07-29,2011,wolle_season1_42,27.0,55
1845,6206,Season 28,2011-09-19,2011,wolle_season1_42,28.0,60
1844,6207,Season 28,2011-09-20,2011,wolle_season1_42,28.0,61
1843,6208,Season 28,2011-09-21,2011,wolle_season1_42,28.0,60
1842,6209,Season 28,2011-09-22,2011,wolle_season1_42,28.0,59
1841,6210,Season 28,2011-09-23,2011,wolle_season1_42,28.0,60
1840,6211,Season 28,2011-09-26,2011,wolle_season1_42,28.0,58
1839,6212,Season 28,2011-09-27,2011,wolle_season1_42,28.0,58
1838,6213,Season 28,2011-09-28,2011,wolle_season1_42,28.0,60
1837,6214,Season 28,2011-09-29,2011,wolle_season1_42,28.0,59
1836,6215,Season 28,2011-09-30,2011,wolle_season1_42,28.0,57
1835,6216,Season 28,2011-10-03,2011,wolle_season1_42,28.0,60
1834,6217,Season 28,2011-10-04,2011,wolle_season1_42,28.0,56
1833,6218,Season 28,2011-10-05,2011,wolle_season1_42,28.0,60
1832,6219,Season 28,2011-10-06,2011,wolle_season1_42,28.0,61
1831,6220,Season 28,2011-10-07,2011,wolle_season1_42,28.0,58
1830,6221,Season 28,2011-10-10,2011,wolle_season1_42,28.0,58
1829,6222,Season 28,2011-10-11,2011,wolle_season1_42,28.0,60
1828,6223,Season 28,2011-10-12,2011,wolle_season1_42,28.0,61
1827,6224,Season 28,2011-10-13,2011,wolle_season1_42,28.0,60
1826,6225,Season 28,2011-10-14,2011,wolle_season1_42,28.0,59
1825,6226,Season 28,2011-10-17,2011,wolle_season1_42,28.0,61
1824,6227,Season 28,2011-10-18,2011,wolle_season1_42,28.0,60
1823,6228,Season 28,2011-10-19,2011,wolle_season1_42,28.0,61
1822,6229,Season 28,2011-10-20,2011,wolle_season1_42,28.0,58
1821,6230,Season 28,2011-10-21,2011,wolle_season1_42,28.0,60
1820,6231,Season 28,2011-10-24,2011,wolle_season1_42,28.0,58
1819,6232,Season 28,2011-10-25,2011,wolle_season1_42,28.0,54
1818,6233,Season 28,2011-10-26,2011,wolle_season1_42,28.0,60
1817,6234,Season 28,2011-10-27,2011,wolle_season1_42,28.0,58
1816,6235,Season 28,2011-10-28,2011,wolle_season1_42,28.0,54
1815,6236,Season 28,2011-10-31,2011,wolle_season1_42,28.0,60
1814,6237,Season 28,2011-11-01,2011,wolle_season1_42,28.0,60
1813,6238,Season 28,2011-11-02,2011,wolle_season1_42,28.0,61
1812,6239,Season 28,2011-11-03,2011,wolle_season1_42,28.0,61
1811,6240,Season 28,2011-11-04,2011,wolle_season1_42,28.0,61
1810,6241,Season 28,2011-11-07,2011,wolle_season1_42,28.0,58
1809,6242,Season 28,2011-11-08,2011,wolle_season1_42,28.0,61
1808,6243,Season 28,2011-11-09,2011,wolle_season1_42,28.0,60
1807,6244,Season 28,2011-11-10,2011,wolle_season1_42,28.0,61
1806,6245,Season 28,2011-11-11,2011,wolle_season1_42,28.0,61
1805,6246,Season 28,2011-11-14,2011,wolle_season1_42,28.0,60
1804,6247,Season 28,2011-11-15,2011,wolle_season1_42,28.0,59
1803,6248,Season 28,2011-11-16,2011,wolle_season1_42,28.0,59
1802,6249,Season 28,2011-11-17,2011,wolle_season1_42,28.0,57
1801,6250,Season 28,2011-11-18,2011,wolle_season1_42,28.0,60
1800,6251,Season 28,2011-11-21,2011,wolle_season1_42,28.0,61
1799,6252,Season 28,2011-11-22,2011,wolle_season1_42,28.0,60
1798,6253,Season 28,2011-11-23,2011,wolle_season1_42,28.0,60
1797,6254,Season 28,2011-11-24,2011,wolle_season1_42,28.0,52
1796,6255,Season 28,2011-11-25,2011,wolle_season1_42,28.0,61
1795,6256,Season 28,2011-11-28,2011,wolle_season1_42,28.0,60
1794,6257,Season 28,2011-11-29,2011,wolle_season1_42,28.0,61
1793,6258,Season 28,2011-11-30,2011,wolle_season1_42,28.0,59
1792,6259,Season 28,2011-12-01,2011,wolle_season1_42,28.0,59
1791,6260,Season 28,2011-12-02,2011,wolle_season1_42,28.0,57
1790,6261,Season 28,2011-12-05,2011,wolle_season1_42,28.0,58
1789,6262,Season 28,2011-12-06,2011,wolle_season1_42,28.0,61
1788,6263,Season 28,2011-12-07,2011,wolle_season1_42,28.0,57
1787,6264,Season 28,2011-12-08,2011,wolle_season1_42,28.0,59
1786,6265,Season 28,2011-12-09,2011,wolle_season1_42,28.0,61
1785,6266,Season 28,2011-12-12,2011,wolle_season1_42,28.0,59
1784,6267,Season 28,2011-12-13,2011,wolle_season1_42,28.0,55
1783,6268,Season 28,2011-12-14,2011,wolle_season1_42,28.0,56
1782,6269,Season 28,2011-12-15,2011,wolle_season1_42,28.0,60
1781,6270,Season 28,2011-12-16,2011,wolle_season1_42,28.0,56
1780,6271,Season 28,2011-12-19,2011,wolle_season1_42,28.0,59
1779,6272,Season 28,2011-12-20,2011,wolle_season1_42,28.0,60
1778,6273,Season 28,2011-12-21,2011,wolle_season1_42,28.0,60
1777,6274,Season 28,2011-12-22,2011,wolle_season1_42,28.0,58
1776,6275,Season 28,2011-12-23,2011,wolle_season1_42,28.0,53
1775,6276,Season 28,2011-12-26,2011,wolle_season1_42,28.0,55
1774,6277,Season 28,2011-12-27,2011,wolle_season1_42,28.0,56
1773,6278,Season 28,2011-12-28,2011,wolle_season1_42,28.0,58
1772,6279,Season 28,2011-12-29,2011,wolle_season1_42,28.0,57
1771,6280,Season 28,2011-12-30,2011,wolle_season1_42,28.0,55
1770,6281,Season 28,2012-01-02,2012,wolle_season1_42,28.0,60
1769,6282,Season 28,2012-01-03,2012,wolle_season1_42,28.0,60
1768,6283,Season 28,2012-01-04,2012,wolle_season1_42,28.0,58
1767,6284,Season 28,2012-01-05,2012,wolle_season1_42,28.0,61
1766,6285,Season 28,2012-01-06,2012,wolle_season1_42,28.0,59
1765,6286,Season 28,2012-01-09,2012,wolle_season1_42,28.0,54
1764,6287,Season 28,2012-01-10,2012,wolle_season1_42,28.0,54
1763,6288,Season 28,2012-01-11,2012,wolle_season1_42,28.0,61
1762,6289,Season 28,2012-01-12,2012,wolle_season1_42,28.0,56
1761,6290,Season 28,2012-01-13,2012,wolle_season1_42,28.0,60
1760,6291,Season 28,2012-01-16,2012,wolle_season1_42,28.0,54
1759,6292,Season 28,2012-01-17,2012,wolle_season1_42,28.0,56
1758,6293,Season 28,2012-01-18,2012,wolle_season1_42,28.0,60
1757,6294,Season 28,2012-01-19,2012,wolle_season1_42,28.0,60
1756,6295,Season 28,2012-01-20,2012,wolle_season1_42,28.0,56
1755,6296,Season 28,2012-01-23,2012,wolle_season1_42,28.0,58
1754,6297,Season 28,2012-01-24,2012,wolle_season1_42,28.0,55
1753,6298,Season 28,2012-01-25,2012,wolle_season1_42,28.0,61
1752,6299,Season 28,2012-01-26,2012,wolle_season1_42,28.0,58
1751,6300,Season 28,2012-01-27,2012,wolle_season1_42,28.0,60
1750,6301,Season 28,2012-01-30,2012,wolle_season1_42,28.0,60
1749,6302,Season 28,2012-01-31,2012,wolle_season1_42,28.0,59
1748,6303,Season 28,2012-02-01,2012,wolle_season1_42,28.0,61
1747,6304,Season 28,2012-02-02,2012,wolle_season1_42,28.0,60
1746,6305,Season 28,2012-02-03,2012,wolle_season1_42,28.0,59
1745,6306,Season 28,2012-02-06,2012,wolle_season1_42,28.0,60
1744,6307,Season 28,2012-02-07,2012,wolle_season1_42,28.0,60
1743,6308,Season 28,2012-02-08,2012,wolle_season1_42,28.0,60
1742,6309,Season 28,2012-02-09,2012,wolle_season1_42,28.0,58
1741,6310,Season 28,2012-02-10,2012,wolle_season1_42,28.0,60
1740,6311,Season 28,2012-02-13,2012,wolle_season1_42,28.0,60
1739,6312,Season 28,2012-02-14,2012,wolle_season1_42,28.0,61
1738,6313,Season 28,2012-02-15,2012,wolle_season1_42,28.0,60
1737,6314,Season 28,2012-02-16,2012,wolle_season1_42,28.0,60
1736,6315,Season 28,2012-02-17,2012,wolle_season1_42,28.0,61
1735,6316,Season 28,2012-02-20,2012,wolle_season1_42,28.0,61
1734,6317,Season 28,2012-02-21,2012,wolle_season1_42,28.0,59
1733,6318,Season 28,2012-02-22,2012,wolle_season1_42,28.0,59
1732,6319,Season 28,2012-02-23,2012,wolle_season1_42,28.0,61
1731,6320,Season 28,2012-02-24,2012,wolle_season1_42,28.0,56
1730,6321,Season 28,2012-02-27,2012,wolle_season1_42,28.0,61
1729,6322,Season 28,2012-02-28,2012,wolle_season1_42,28.0,61
1728,6323,Season 28,2012-02-29,2012,wolle_season1_42,28.0,57
1727,6324,Season 28,2012-03-01,2012,wolle_season1_42,28.0,59
1726,6325,Season 28,2012-03-02,2012,wolle_season1_42,28.0,61
1725,6326,Season 28,2012-03-05,2012,wolle_season1_42,28.0,57
1724,6327,Season 28,2012-03-06,2012,wolle_season1_42,28.0,60
1723,6328,Season 28,2012-03-07,2012,wolle_season1_42,28.0,60
1722,6329,Season 28,2012-03-08,2012,wolle_season1_42,28.0,55
1721,6330,Season 28,2012-03-09,2012,wolle_season1_42,28.0,55
1720,6331,Season 28,2012-03-12,2012,wolle_season1_42,28.0,56
1719,6332,Season 28,2012-03-13,2012,wolle_season1_42,28.0,56
1718,6333,Season 28,2012-03-14,2012,wolle_season1_42,28.0,53
1717,6334,Season 28,2012-03-15,2012,wolle_season1_42,28.0,57
1716,6335,Season 28,2012-03-16,2012,wolle_season1_42,28.0,60
1715,6336,Season 28,2012-03-19,2012,wolle_season1_42,28.0,61
1714,6337,Season 28,2012-03-20,2012,wolle_season1_42,28.0,57
1713,6338,Season 28,2012-03-21,2012,wolle_season1_42,28.0,60
1712,6339,Season 28,2012-03-22,2012,wolle_season1_42,28.0,54
1711,6340,Season 28,2012-03-23,2012,wolle_season1_42,28.0,60
1710,6341,Season 28,2012-03-26,2012,wolle_season1_42,28.0,59
1709,6342,Season 28,2012-03-27,2012,wolle_season1_42,28.0,59
1708,6343,Season 28,2012-03-28,2012,wolle_season1_42,28.0,57
1707,6344,Season 28,2012-03-29,2012,wolle_season1_42,28.0,61
1706,6345,Season 28,2012-03-30,2012,wolle_season1_42,28.0,56
1705,6346,Season 28,2012-04-02,2012,wolle_season1_42,28.0,56
1704,6347,Season 28,2012-04-03,2012,wolle_season1_42,28.0,52
1703,6348,Season 28,2012-04-04,2012,wolle_season1_42,28.0,54
1702,6349,Season 28,2012-04-05,2012,wolle_season1_42,28.0,59
1701,6350,Season 28,2012-04-06,2012,wolle_season1_42,28.0,58
1700,6351,Season 28,2012-04-09,2012,wolle_season1_42,28.0,60
1699,6352,Season 28,2012-04-10,2012,wolle_season1_42,28.0,57
1698,6353,Season 28,2012-04-11,2012,wolle_season1_42,28.0,55
1697,6354,Season 28,2012-04-12,2012,wolle_season1_42,28.0,57
1696,6355,Season 28,2012-04-13,2012,wolle_season1_42,28.0,59
1695,6356,Season 28,2012-04-16,2012,wolle_season1_42,28.0,57
1694,6357,Season 28,2012-04-17,2012,wolle_season1_42,28.0,51
1693,6358,Season 28,2012-04-18,2012,wolle_season1_42,28.0,55
1692,6359,Season 28,2012-04-19,2012,wolle_season1_42,28.0,57
1691,6360,Season 28,2012-04-20,2012,wolle_season1_42,28.0,61
1690,6361,Season 28,2012-04-23,2012,wolle_season1_42,28.0,57
1689,6362,Season 28,2012-04-24,2012,wolle_season1_42,28.0,59
1688,6363,Season 28,2012-04-25,2012,wolle_season1_42,28.0,61
1687,6364,Season 28,2012-04-26,2012,wolle_season1_42,28.0,58
1686,6365,Season 28,2012-04-27,2012,wolle_season1_42,28.0,56
1685,6366,Season 28,2012-04-30,2012,wolle_season1_42,28.0,60
1684,6367,Season 28,2012-05-01,2012,wolle_season1_42,28.0,61
1683,6368,Season 28,2012-05-02,2012,wolle_season1_42,28.0,57
1682,6369,Season 28,2012-05-03,2012,wolle_season1_42,28.0,54
1681,6370,Season 28,2012-05-04,2012,wolle_season1_42,28.0,61
1680,6371,Season 28,2012-05-07,2012,wolle_season1_42,28.0,59
1679,6372,Season 28,2012-05-08,2012,wolle_season1_42,28.0,61
1678,6373,Season 28,2012-05-09,2012,wolle_season1_42,28.0,56
1677,6374,Season 28,2012-05-10,2012,wolle_season1_42,28.0,58
1676,6375,Season 28,2012-05-11,2012,wolle_season1_42,28.0,60
1675,6376,Season 28,2012-05-14,2012,wolle_season1_42,28.0,49
1674,6377,Season 28,2012-05-15,2012,wolle_season1_42,28.0,49
1673,6378,Season 28,2012-05-16,2012,wolle_season1_42,28.0,47
1672,6379,Season 28,2012-05-17,2012,wolle_season1_42,28.0,50
1671,6380,Season 28,2012-05-18,2012,wolle_season1_42,28.0,51
1670,6381,Season 28,2012-05-21,2012,wolle_season1_42,28.0,60
1669,6382,Season 28,2012-05-22,2012,wolle_season1_42,28.0,58
1668,6383,Season 28,2012-05-23,2012,wolle_season1_42,28.0,60
1667,6384,Season 28,2012-05-24,2012,wolle_season1_42,28.0,56
1666,6385,Season 28,2012-05-25,2012,wolle_season1_42,28.0,61
1665,6386,Season 28,2012-05-28,2012,wolle_season1_42,28.0,61
1664,6387,Season 28,2012-05-29,2012,wolle_season1_42,28.0,54
1663,6388,Season 28,2012-05-30,2012,wolle_season1_42,28.0,56
1662,6389,Season 28,2012-05-31,2012,wolle_season1_42,28.0,52
1661,6390,Season 28,2012-06-01,2012,wolle_season1_42,28.0,60
1660,6391,Season 28,2012-06-04,2012,wolle_season1_42,28.0,57
1659,6392,Season 28,2012-06-05,2012,wolle_season1_42,28.0,59
1658,6393,Season 28,2012-06-06,2012,wolle_season1_42,28.0,58
1657,6394,Season 28,2012-06-07,2012,wolle_season1_42,28.0,59
1656,6395,Season 28,2012-06-08,2012,wolle_season1_42,28.0,61
1655,6396,Season 28,2012-06-11,2012,wolle_season1_42,28.0,58
1654,6397,Season 28,2012-06-12,2012,wolle_season1_42,28.0,58
1653,6398,Season 28,2012-06-13,2012,wolle_season1_42,28.0,57
1652,6399,Season 28,2012-06-14,2012,wolle_season1_42,28.0,58
1651,6400,Season 28,2012-06-15,2012,wolle_season1_42,28.0,56
1650,6401,Season 28,2012-06-18,2012,wolle_season1_42,28.0,53
1649,6402,Season 28,2012-06-19,2012,wolle_season1_42,28.0,60
1648,6403,Season 28,2012-06-20,2012,wolle_season1_42,28.0,61
1647,6404,Season 28,2012-06-21,2012,wolle_season1_42,28.0,57
1646,6405,Season 28,2012-06-22,2012,wolle_season1_42,28.0,59
1645,6406,Season 28,2012-06-25,2012,wolle_season1_42,28.0,60
1644,6407,Season 28,2012-06-26,2012,wolle_season1_42,28.0,55
1643,6408,Season 28,2012-06-27,2012,wolle_season1_42,28.0,57
1642,6409,Season 28,2012-06-28,2012,wolle_season1_42,28.0,57
1641,6410,Season 28,2012-06-29,2012,wolle_season1_42,28.0,57
1640,6411,Season 28,2012-07-02,2012,wolle_season1_42,28.0,61
1639,6412,Season 28,2012-07-03,2012,wolle_season1_42,28.0,52
1638,6413,Season 28,2012-07-04,2012,wolle_season1_42,28.0,58
1637,6414,Season 28,2012-07-05,2012,wolle_season1_42,28.0,61
1636,6415,Season 28,2012-07-06,2012,wolle_season1_42,28.0,59
1635,6416,Season 28,2012-07-09,2012,wolle_season1_42,28.0,54
1634,6417,Season 28,2012-07-10,2012,wolle_season1_42,28.0,58
1633,6418,Season 28,2012-07-11,2012,wolle_season1_42,28.0,60
1632,6419,Season 28,2012-07-12,2012,wolle_season1_42,28.0,57
1631,6420,Season 28,2012-07-13,2012,wolle_season1_42,28.0,58
1630,6421,Season 28,2012-07-16,2012,wolle_season1_42,28.0,57
1629,6422,Season 28,2012-07-17,2012,wolle_season1_42,28.0,61
1628,6423,Season 28,2012-07-18,2012,wolle_season1_42,28.0,56
1627,6424,Season 28,2012-07-19,2012,wolle_season1_42,28.0,57
1626,6425,Season 28,2012-07-20,2012,wolle_season1_42,28.0,61
1625,6426,Season 28,2012-07-23,2012,wolle_season1_42,28.0,61
1624,6427,Season 28,2012-07-24,2012,wolle_season1_42,28.0,57
1623,6428,Season 28,2012-07-25,2012,wolle_season1_42,28.0,61
1622,6429,Season 28,2012-07-26,2012,wolle_season1_42,28.0,59
1621,6430,Season 28,2012-07-27,2012,wolle_season1_42,28.0,59
1620,6431,Season 28,2012-07-30,2012,wolle_season1_42,28.0,60
1619,6432,Season 28,2012-07-31,2012,wolle_season1_42,28.0,60
1618,6433,Season 28,2012-08-01,2012,wolle_season1_42,28.0,60
1617,6434,Season 28,2012-08-02,2012,wolle_season1_42,28.0,61
1616,6435,Season 28,2012-08-03,2012,wolle_season1_42,28.0,60
1615,6436,Season 29,2012-09-17,2012,wolle_season1_42,29.0,58
1614,6437,Season 29,2012-09-18,2012,wolle_season1_42,29.0,59
1613,6438,Season 29,2012-09-19,2012,wolle_season1_42,29.0,52
1612,6439,Season 29,2012-09-20,2012,wolle_season1_42,29.0,58
1611,6440,Season 29,2012-09-21,2012,wolle_season1_42,29.0,59
1610,6441,Season 29,2012-09-24,2012,wolle_season1_42,29.0,57
1609,6442,Season 29,2012-09-25,2012,wolle_season1_42,29.0,57
1608,6443,Season 29,2012-09-26,2012,wolle_season1_42,29.0,55
1607,6444,Season 29,2012-09-27,2012,wolle_season1_42,29.0,55
1606,6445,Season 29,2012-09-28,2012,wolle_season1_42,29.0,58
1605,6446,Season 29,2012-10-01,2012,wolle_season1_42,29.0,58
1604,6447,Season 29,2012-10-02,2012,wolle_season1_42,29.0,56
1603,6448,Season 29,2012-10-03,2012,wolle_season1_42,29.0,61
1602,6449,Season 29,2012-10-04,2012,wolle_season1_42,29.0,55
1601,6450,Season 29,2012-10-05,2012,wolle_season1_42,29.0,55
1600,6451,Season 29,2012-10-08,2012,wolle_season1_42,29.0,47
1599,6452,Season 29,2012-10-09,2012,wolle_season1_42,29.0,60
1598,6453,Season 29,2012-10-10,2012,wolle_season1_42,29.0,55
1597,6454,Season 29,2012-10-11,2012,wolle_season1_42,29.0,60
1596,6455,Season 29,2012-10-12,2012,wolle_season1_42,29.0,57
1595,6456,Season 29,2012-10-15,2012,wolle_season1_42,29.0,59
1594,6457,Season 29,2012-10-16,2012,wolle_season1_42,29.0,58
1593,6458,Season 29,2012-10-17,2012,wolle_season1_42,29.0,55
1592,6459,Season 29,2012-10-18,2012,wolle_season1_42,29.0,60
1591,6460,Season 29,2012-10-19,2012,wolle_season1_42,29.0,60
1590,6461,Season 29,2012-10-22,2012,wolle_season1_42,29.0,51
1589,6462,Season 29,2012-10-23,2012,wolle_season1_42,29.0,58
1588,6463,Season 29,2012-10-24,2012,wolle_season1_42,29.0,54
1587,6464,Season 29,2012-10-25,2012,wolle_season1_42,29.0,56
1586,6465,Season 29,2012-10-26,2012,wolle_season1_42,29.0,58
1585,6466,Season 29,2012-10-29,2012,wolle_season1_42,29.0,60
1584,6467,Season 29,2012-10-30,2012,wolle_season1_42,29.0,55
1583,6468,Season 29,2012-10-31,2012,wolle_season1_42,29.0,60
1582,6469,Season 29,2012-11-01,2012,wolle_season1_42,29.0,57
1581,6470,Season 29,2012-11-02,2012,wolle_season1_42,29.0,58
1580,6471,Season 29,2012-11-05,2012,wolle_season1_42,29.0,60
1579,6472,Season 29,2012-11-06,2012,wolle_season1_42,29.0,61
1578,6473,Season 29,2012-11-07,2012,wolle_season1_42,29.0,59
1577,6474,Season 29,2012-11-08,2012,wolle_season1_42,29.0,59
1576,6475,Season 29,2012-11-09,2012,wolle_season1_42,29.0,60
1575,6476,Season 29,2012-11-12,2012,wolle_season1_42,29.0,61
1574,6477,Season 29,2012-11-13,2012,wolle_season1_42,29.0,59
1573,6478,Season 29,2012-11-14,2012,wolle_season1_42,29.0,61
1572,6479,Season 29,2012-11-15,2012,wolle_season1_42,29.0,59
1571,6480,Season 29,2012-11-16,2012,wolle_season1_42,29.0,55
1570,6481,Season 29,2012-11-19,2012,wolle_season1_42,29.0,61
1569,6482,Season 29,2012-11-20,2012,wolle_season1_42,29.0,60
1568,6483,Season 29,2012-11-21,2012,wolle_season1_42,29.0,50
1567,6484,Season 29,2012-11-22,2012,wolle_season1_42,29.0,57
1566,6485,Season 29,2012-11-23,2012,wolle_season1_42,29.0,57
1565,6486,Season 29,2012-11-26,2012,wolle_season1_42,29.0,60
1564,6487,Season 29,2012-11-27,2012,wolle_season1_42,29.0,60
1563,6488,Season 29,2012-11-28,2012,wolle_season1_42,29.0,58
1562,6489,Season 29,2012-11-29,2012,wolle_season1_42,29.0,59
1561,6490,Season 29,2012-11-30,2012,wolle_season1_42,29.0,61
1560,6491,Season 29,2012-12-03,2012,wolle_season1_42,29.0,60
1559,6492,Season 29,2012-12-04,2012,wolle_season1_42,29.0,57
1558,6493,Season 29,2012-12-05,2012,wolle_season1_42,29.0,58
1557,6494,Season 29,2012-12-06,2012,wolle_season1_42,29.0,59
1556,6495,Season 29,2012-12-07,2012,wolle_season1_42,29.0,60
1555,6496,Season 29,2012-12-10,2012,wolle_season1_42,29.0,59
1554,6497,Season 29,2012-12-11,2012,wolle_season1_42,29.0,55
1553,6498,Season 29,2012-12-12,2012,wolle_season1_42,29.0,57
1552,6499,Season 29,2012-12-13,2012,wolle_season1_42,29.0,61
1551,6500,Season 29,2012-12-14,2012,wolle_season1_42,29.0,58
1550,6501,Season 29,2012-12-17,2012,wolle_season1_42,29.0,59
1549,6502,Season 29,2012-12-18,2012,wolle_season1_42,29.0,59
1548,6503,Season 29,2012-12-19,2012,wolle_season1_42,29.0,56
1547,6504,Season 29,2012-12-20,2012,wolle_season1_42,29.0,54
1546,6505,Season 29,2012-12-21,2012,wolle_season1_42,29.0,54
1545,6506,Season 29,2012-12-24,2012,wolle_season1_42,29.0,59
1544,6507,Season 29,2012-12-25,2012,wolle_season1_42,29.0,58
1543,6508,Season 29,2012-12-26,2012,wolle_season1_42,29.0,60
1542,6509,Season 29,2012-12-27,2012,wolle_season1_42,29.0,59
1541,6510,Season 29,2012-12-28,2012,wolle_season1_42,29.0,56
1540,6511,Season 29,2012-12-31,2012,wolle_season1_42,29.0,58
1539,6512,Season 29,2013-01-01,2013,wolle_season1_42,29.0,54
1538,6513,Season 29,2013-01-02,2013,wolle_season1_42,29.0,52
1537,6514,Season 29,2013-01-03,2013,wolle_season1_42,29.0,60
1536,6515,Season 29,2013-01-04,2013,wolle_season1_42,29.0,60
1535,6516,Season 29,2013-01-07,2013,wolle_season1_42,29.0,61
1534,6517,Season 29,2013-01-08,2013,wolle_season1_42,29.0,60
1533,6518,Season 29,2013-01-09,2013,wolle_season1_42,29.0,60
1532,6519,Season 29,2013-01-10,2013,wolle_season1_42,29.0,61
1531,6520,Season 29,2013-01-11,2013,wolle_season1_42,29.0,57
1530,6521,Season 29,2013-01-14,2013,wolle_season1_42,29.0,61
1529,6522,Season 29,2013-01-15,2013,wolle_season1_42,29.0,60
1528,6523,Season 29,2013-01-16,2013,wolle_season1_42,29.0,59
1527,6524,Season 29,2013-01-17,2013,wolle_season1_42,29.0,61
1526,6525,Season 29,2013-01-18,2013,wolle_season1_42,29.0,60
1525,6526,Season 29,2013-01-21,2013,wolle_season1_42,29.0,59
1524,6527,Season 29,2013-01-22,2013,wolle_season1_42,29.0,59
1523,6528,Season 29,2013-01-23,2013,wolle_season1_42,29.0,60
1522,6529,Season 29,2013-01-24,2013,wolle_season1_42,29.0,60
1521,6530,Season 29,2013-01-25,2013,wolle_season1_42,29.0,61
1520,6531,Season 29,2013-01-28,2013,wolle_season1_42,29.0,57
1519,6532,Season 29,2013-01-29,2013,wolle_season1_42,29.0,60
1518,6533,Season 29,2013-01-30,2013,wolle_season1_42,29.0,60
1517,6534,Season 29,2013-01-31,2013,wolle_season1_42,29.0,58
1516,6535,Season 29,2013-02-01,2013,wolle_season1_42,29.0,61
1515,6536,Season 29,2013-02-04,2013,wolle_season1_42,29.0,61
1514,6537,Season 29,2013-02-05,2013,wolle_season1_42,29.0,59
1513,6538,Season 29,2013-02-06,2013,wolle_season1_42,29.0,59
1512,6539,Season 29,2013-02-07,2013,wolle_season1_42,29.0,59
1511,6540,Season 29,2013-02-08,2013,wolle_season1_42,29.0,61
1510,6541,Season 29,2013-02-11,2013,wolle_season1_42,29.0,59
1509,6542,Season 29,2013-02-12,2013,wolle_season1_42,29.0,56
1508,6543,Season 29,2013-02-13,2013,wolle_season1_42,29.0,58
1507,6544,Season 29,2013-02-14,2013,wolle_season1_42,29.0,59
1506,6545,Season 29,2013-02-15,2013,wolle_season1_42,29.0,60
1505,6546,Season 29,2013-02-18,2013,wolle_season1_42,29.0,59
1504,6547,Season 29,2013-02-19,2013,wolle_season1_42,29.0,59
1503,6548,Season 29,2013-02-20,2013,wolle_season1_42,29.0,60
1502,6549,Season 29,2013-02-21,2013,wolle_season1_42,29.0,60
1501,6550,Season 29,2013-02-22,2013,wolle_season1_42,29.0,61
1500,6551,Season 29,2013-02-25,2013,wolle_season1_42,29.0,60
1499,6552,Season 29,2013-02-26,2013,wolle_season1_42,29.0,61
1498,6553,Season 29,2013-02-27,2013,wolle_season1_42,29.0,61
1497,6554,Season 29,2013-02-28,2013,wolle_season1_42,29.0,60
1496,6555,Season 29,2013-03-01,2013,wolle_season1_42,29.0,58
1495,6556,Season 29,2013-03-04,2013,wolle_season1_42,29.0,61
1494,6557,Season 29,2013-03-05,2013,wolle_season1_42,29.0,60
1493,6558,Season 29,2013-03-06,2013,wolle_season1_42,29.0,59
1492,6559,Season 29,2013-03-07,2013,wolle_season1_42,29.0,61
1491,6560,Season 29,2013-03-08,2013,wolle_season1_42,29.0,61
1490,6561,Season 29,2013-03-11,2013,wolle_season1_42,29.0,61
1489,6562,Season 29,2013-03-12,2013,wolle_season1_42,29.0,61
1488,6563,Season 29,2013-03-13,2013,wolle_season1_42,29.0,60
1487,6564,Season 29,2013-03-14,2013,wolle_season1_42,29.0,60
1486,6565,Season 29,2013-03-15,2013,wolle_season1_42,29.0,60
1485,6566,Season 29,2013-03-18,2013,wolle_season1_42,29.0,60
1484,6567,Season 29,2013-03-19,2013,wolle_season1_42,29.0,61
1483,6568,Season 29,2013-03-20,2013,wolle_season1_42,29.0,61
1482,6569,Season 29,2013-03-21,2013,wolle_season1_42,29.0,58
1481,6570,Season 29,2013-03-22,2013,wolle_season1_42,29.0,59
1480,6571,Season 29,2013-03-25,2013,wolle_season1_42,29.0,60
1479,6572,Season 29,2013-03-26,2013,wolle_season1_42,29.0,60
1478,6573,Season 29,2013-03-27,2013,wolle_season1_42,29.0,58
1477,6574,Season 29,2013-03-28,2013,wolle_season1_42,29.0,60
1476,6575,Season 29,2013-03-29,2013,wolle_season1_42,29.0,59
1475,6576,Season 29,2013-04-01,2013,wolle_season1_42,29.0,60
1474,6577,Season 29,2013-04-02,2013,wolle_season1_42,29.0,60
1473,6578,Season 29,2013-04-03,2013,wolle_season1_42,29.0,59
1472,6579,Season 29,2013-04-04,2013,wolle_season1_42,29.0,61
1471,6580,Season 29,2013-04-05,2013,wolle_season1_42,29.0,61
1470,6581,Season 29,2013-04-08,2013,wolle_season1_42,29.0,60
1469,6582,Season 29,2013-04-09,2013,wolle_season1_42,29.0,61
1468,6583,Season 29,2013-04-10,2013,wolle_season1_42,29.0,58
1467,6584,Season 29,2013-04-11,2013,wolle_season1_42,29.0,58
1466,6585,Season 29,2013-04-12,2013,wolle_season1_42,29.0,55
1465,6586,Season 29,2013-04-15,2013,wolle_season1_42,29.0,60
1464,6587,Season 29,2013-04-16,2013,wolle_season1_42,29.0,59
1463,6588,Season 29,2013-04-17,2013,wolle_season1_42,29.0,59
1462,6589,Season 29,2013-04-18,2013,wolle_season1_42,29.0,59
1461,6590,Season 29,2013-04-19,2013,wolle_season1_42,29.0,58
1460,6591,Season 29,2013-04-22,2013,wolle_season1_42,29.0,60
1459,6592,Season 29,2013-04-23,2013,wolle_season1_42,29.0,61
1458,6593,Season 29,2013-04-24,2013,wolle_season1_42,29.0,57
1457,6594,Season 29,2013-04-25,2013,wolle_season1_42,29.0,55
1456,6595,Season 29,2013-04-26,2013,wolle_season1_42,29.0,60
1455,6596,Season 29,2013-04-29,2013,wolle_season1_42,29.0,55
1454,6597,Season 29,2013-04-30,2013,wolle_season1_42,29.0,57
1453,6598,Season 29,2013-05-01,2013,wolle_season1_42,29.0,59
1452,6599,Season 29,2013-05-02,2013,wolle_season1_42,29.0,58
1451,6600,Season 29,2013-05-03,2013,wolle_season1_42,29.0,59
1450,6601,Season 29,2013-05-06,2013,wolle_season1_42,29.0,60
1449,6602,Season 29,2013-05-07,2013,wolle_season1_42,29.0,58
1448,6603,Season 29,2013-05-08,2013,wolle_season1_42,29.0,61
1447,6604,Season 29,2013-05-09,2013,wolle_season1_42,29.0,60
1446,6605,Season 29,2013-05-10,2013,wolle_season1_42,29.0,60
1445,6606,Season 29,2013-05-13,2013,wolle_season1_42,29.0,59
1444,6607,Season 29,2013-05-14,2013,wolle_season1_42,29.0,60
1443,6608,Season 29,2013-05-15,2013,wolle_season1_42,29.0,61
1442,6609,Season 29,2013-05-16,2013,wolle_season1_42,29.0,57
1441,6610,Season 29,2013-05-17,2013,wolle_season1_42,29.0,58
1440,6611,Season 29,2013-05-20,2013,wolle_season1_42,29.0,59
1439,6612,Season 29,2013-05-21,2013,wolle_season1_42,29.0,60
1438,6613,Season 29,2013-05-22,2013,wolle_season1_42,29.0,58
1437,6614,Season 29,2013-05-23,2013,wolle_season1_42,29.0,57
1436,6615,Season 29,2013-05-24,2013,wolle_season1_42,29.0,60
1435,6616,Season 29,2013-05-27,2013,wolle_season1_42,29.0,59
1434,6617,Season 29,2013-05-28,2013,wolle_season1_42,29.0,57
1433,6618,Season 29,2013-05-29,2013,wolle_season1_42,29.0,58
1432,6619,Season 29,2013-05-30,2013,wolle_season1_42,29.0,59
1431,6620,Season 29,2013-05-31,2013,wolle_season1_42,29.0,57
1430,6621,Season 29,2013-06-03,2013,wolle_season1_42,29.0,59
1429,6622,Season 29,2013-06-04,2013,wolle_season1_42,29.0,60
1428,6623,Season 29,2013-06-05,2013,wolle_season1_42,29.0,58
1427,6624,Season 29,2013-06-06,2013,wolle_season1_42,29.0,58
1426,6625,Season 29,2013-06-07,2013,wolle_season1_42,29.0,61
1425,6626,Season 29,2013-06-10,2013,wolle_season1_42,29.0,59
1424,6627,Season 29,2013-06-11,2013,wolle_season1_42,29.0,57
1423,6628,Season 29,2013-06-12,2013,wolle_season1_42,29.0,61
1422,6629,Season 29,2013-06-13,2013,wolle_season1_42,29.0,56
1421,6630,Season 29,2013-06-14,2013,wolle_season1_42,29.0,60
1420,6631,Season 29,2013-06-17,2013,wolle_season1_42,29.0,58
1419,6632,Season 29,2013-06-18,2013,wolle_season1_42,29.0,56
1418,6633,Season 29,2013-06-19,2013,wolle_season1_42,29.0,60
1417,6634,Season 29,2013-06-20,2013,wolle_season1_42,29.0,59
1416,6635,Season 29,2013-06-21,2013,wolle_season1_42,29.0,61
1415,6636,Season 29,2013-06-24,2013,wolle_season1_42,29.0,61
1414,6637,Season 29,2013-06-25,2013,wolle_season1_42,29.0,61
1413,6638,Season 29,2013-06-26,2013,wolle_season1_42,29.0,56
1412,6639,Season 29,2013-06-27,2013,wolle_season1_42,29.0,60
1411,6640,Season 29,2013-06-28,2013,wolle_season1_42,29.0,61
1410,6641,Season 29,2013-07-01,2013,wolle_season1_42,29.0,58
1409,6642,Season 29,2013-07-02,2013,wolle_season1_42,29.0,56
1408,6643,Season 29,2013-07-03,2013,wolle_season1_42,29.0,60
1407,6644,Season 29,2013-07-04,2013,wolle_season1_42,29.0,56
1406,6645,Season 29,2013-07-05,2013,wolle_season1_42,29.0,60
1405,6646,Season 29,2013-07-08,2013,wolle_season1_42,29.0,57
1404,6647,Season 29,2013-07-09,2013,wolle_season1_42,29.0,59
1403,6648,Season 29,2013-07-10,2013,wolle_season1_42,29.0,59
1402,6649,Season 29,2013-07-11,2013,wolle_season1_42,29.0,59
1401,6650,Season 29,2013-07-12,2013,wolle_season1_42,29.0,60
1400,6651,Season 29,2013-07-15,2013,wolle_season1_42,29.0,61
1399,6652,Season 29,2013-07-16,2013,wolle_season1_42,29.0,58
1398,6653,Season 29,2013-07-17,2013,wolle_season1_42,29.0,56
1397,6654,Season 29,2013-07-18,2013,wolle_season1_42,29.0,60
1396,6655,Season 29,2013-07-19,2013,wolle_season1_42,29.0,57
1395,6656,Season 29,2013-07-22,2013,wolle_season1_42,29.0,54
1394,6657,Season 29,2013-07-23,2013,wolle_season1_42,29.0,58
1393,6658,Season 29,2013-07-24,2013,wolle_season1_42,29.0,60
1392,6659,Season 29,2013-07-25,2013,wolle_season1_42,29.0,57
1391,6660,Season 29,2013-07-26,2013,wolle_season1_42,29.0,61
1390,6661,Season 29,2013-07-29,2013,wolle_season1_42,29.0,54
1389,6662,Season 29,2013-07-30,2013,wolle_season1_42,29.0,53
1388,6663,Season 29,2013-07-31,2013,wolle_season1_42,29.0,61
1387,6664,Season 29,2013-08-01,2013,wolle_season1_42,29.0,55
1386,6665,Season 29,2013-08-02,2013,wolle_season1_42,29.0,59
1385,6666,Season 30,2013-09-16,2013,wolle_season1_42,30.0,60
1384,6667,Season 30,2013-09-17,2013,wolle_season1_42,30.0,59
1383,6668,Season 30,2013-09-18,2013,wolle_season1_42,30.0,59
1382,6669,Season 30,2013-09-19,2013,wolle_season1_42,30.0,56
1381,6670,Season 30,2013-09-20,2013,wolle_season1_42,30.0,53
1380,6671,Season 30,2013-09-23,2013,wolle_season1_42,30.0,56
1379,6672,Season 30,2013-09-24,2013,wolle_season1_42,30.0,58
1378,6673,Season 30,2013-09-25,2013,wolle_season1_42,30.0,60
1377,6674,Season 30,2013-09-26,2013,wolle_season1_42,30.0,61
1376,6675,Season 30,2013-09-27,2013,wolle_season1_42,30.0,61
1375,6676,Season 30,2013-09-30,2013,wolle_season1_42,30.0,55
1374,6677,Season 30,2013-10-01,2013,wolle_season1_42,30.0,58
1373,6678,Season 30,2013-10-02,2013,wolle_season1_42,30.0,56
1372,6679,Season 30,2013-10-03,2013,wolle_season1_42,30.0,58
1371,6680,Season 30,2013-10-04,2013,wolle_season1_42,30.0,60
1370,6681,Season 30,2013-10-07,2013,wolle_season1_42,30.0,56
1369,6682,Season 30,2013-10-08,2013,wolle_season1_42,30.0,57
1368,6683,Season 30,2013-10-09,2013,wolle_season1_42,30.0,56
1367,6684,Season 30,2013-10-10,2013,wolle_season1_42,30.0,51
1366,6685,Season 30,2013-10-11,2013,wolle_season1_42,30.0,57
1365,6686,Season 30,2013-10-14,2013,wolle_season1_42,30.0,56
1364,6687,Season 30,2013-10-15,2013,wolle_season1_42,30.0,51
1363,6688,Season 30,2013-10-16,2013,wolle_season1_42,30.0,56
1362,6689,Season 30,2013-10-17,2013,wolle_season1_42,30.0,57
1361,6690,Season 30,2013-10-18,2013,wolle_season1_42,30.0,55
1360,6691,Season 30,2013-10-21,2013,wolle_season1_42,30.0,53
1359,6692,Season 30,2013-10-22,2013,wolle_season1_42,30.0,53
1358,6693,Season 30,2013-10-23,2013,wolle_season1_42,30.0,58
1357,6694,Season 30,2013-10-24,2013,wolle_season1_42,30.0,54
1356,6695,Season 30,2013-10-25,2013,wolle_season1_42,30.0,60
1355,6696,Season 30,2013-10-28,2013,wolle_season1_42,30.0,57
1354,6697,Season 30,2013-10-29,2013,wolle_season1_42,30.0,58
1353,6698,Season 30,2013-10-30,2013,wolle_season1_42,30.0,60
1352,6699,Season 30,2013-10-31,2013,wolle_season1_42,30.0,61
1351,6700,Season 30,2013-11-01,2013,wolle_season1_42,30.0,58
1350,6701,Season 30,2013-11-04,2013,wolle_season1_42,30.0,56
1349,6702,Season 30,2013-11-05,2013,wolle_season1_42,30.0,55
1348,6703,Season 30,2013-11-06,2013,wolle_season1_42,30.0,57
1347,6704,Season 30,2013-11-07,2013,wolle_season1_42,30.0,55
1346,6705,Season 30,2013-11-08,2013,wolle_season1_42,30.0,58
1345,6706,Season 30,2013-11-11,2013,wolle_season1_42,30.0,61
1344,6707,Season 30,2013-11-12,2013,wolle_season1_42,30.0,61
1343,6708,Season 30,2013-11-13,2013,wolle_season1_42,30.0,60
1342,6709,Season 30,2013-11-14,2013,wolle_season1_42,30.0,59
1341,6710,Season 30,2013-11-15,2013,wolle_season1_42,30.0,61
1340,6711,Season 30,2013-11-18,2013,wolle_season1_42,30.0,60
1339,6712,Season 30,2013-11-19,2013,wolle_season1_42,30.0,60
1338,6713,Season 30,2013-11-20,2013,wolle_season1_42,30.0,57
1337,6714,Season 30,2013-11-21,2013,wolle_season1_42,30.0,61
1336,6715,Season 30,2013-11-22,2013,wolle_season1_42,30.0,61
1335,6716,Season 30,2013-11-25,2013,wolle_season1_42,30.0,53
1334,6717,Season 30,2013-11-26,2013,wolle_season1_42,30.0,57
1333,6718,Season 30,2013-11-27,2013,wolle_season1_42,30.0,56
1332,6719,Season 30,2013-11-28,2013,wolle_season1_42,30.0,57
1331,6720,Season 30,2013-11-29,2013,wolle_season1_42,30.0,58
1330,6721,Season 30,2013-12-02,2013,wolle_season1_42,30.0,59
1329,6722,Season 30,2013-12-03,2013,wolle_season1_42,30.0,61
1328,6723,Season 30,2013-12-04,2013,wolle_season1_42,30.0,58
1327,6724,Season 30,2013-12-05,2013,wolle_season1_42,30.0,54
1326,6725,Season 30,2013-12-06,2013,wolle_season1_42,30.0,57
1325,6726,Season 30,2013-12-09,2013,wolle_season1_42,30.0,60
1324,6727,Season 30,2013-12-10,2013,wolle_season1_42,30.0,60
1323,6728,Season 30,2013-12-11,2013,wolle_season1_42,30.0,59
1322,6729,Season 30,2013-12-12,2013,wolle_season1_42,30.0,57
1321,6730,Season 30,2013-12-13,2013,wolle_season1_42,30.0,59
1320,6731,Season 30,2013-12-16,2013,wolle_season1_42,30.0,60
1319,6732,Season 30,2013-12-17,2013,wolle_season1_42,30.0,56
1318,6733,Season 30,2013-12-18,2013,wolle_season1_42,30.0,56
1317,6734,Season 30,2013-12-19,2013,wolle_season1_42,30.0,55
1316,6735,Season 30,2013-12-20,2013,wolle_season1_42,30.0,56
1315,6736,Season 30,2013-12-23,2013,wolle_season1_42,30.0,57
1314,6737,Season 30,2013-12-24,2013,wolle_season1_42,30.0,59
1313,6738,Season 30,2013-12-25,2013,wolle_season1_42,30.0,61
1312,6739,Season 30,2013-12-26,2013,wolle_season1_42,30.0,59
1311,6740,Season 30,2013-12-27,2013,wolle_season1_42,30.0,60
1310,6741,Season 30,2013-12-30,2013,wolle_season1_42,30.0,60
1309,6742,Season 30,2013-12-31,2013,wolle_season1_42,30.0,54
1308,6743,Season 30,2014-01-01,2014,wolle_season1_42,30.0,59
1307,6744,Season 30,2014-01-02,2014,wolle_season1_42,30.0,59
1306,6745,Season 30,2014-01-03,2014,wolle_season1_42,30.0,59
1305,6746,Season 30,2014-01-06,2014,wolle_season1_42,30.0,58
1304,6747,Season 30,2014-01-07,2014,wolle_season1_42,30.0,59
1303,6748,Season 30,2014-01-08,2014,wolle_season1_42,30.0,58
1302,6749,Season 30,2014-01-09,2014,wolle_season1_42,30.0,57
1301,6750,Season 30,2014-01-10,2014,wolle_season1_42,30.0,57
1300,6751,Season 30,2014-01-13,2014,wolle_season1_42,30.0,57
1299,6752,Season 30,2014-01-14,2014,wolle_season1_42,30.0,55
1298,6753,Season 30,2014-01-15,2014,wolle_season1_42,30.0,60
1297,6754,Season 30,2014-01-16,2014,wolle_season1_42,30.0,54
1296,6755,Season 30,2014-01-17,2014,wolle_season1_42,30.0,61
1295,6756,Season 30,2014-01-20,2014,wolle_season1_42,30.0,61
1294,6757,Season 30,2014-01-21,2014,wolle_season1_42,30.0,59
1293,6758,Season 30,2014-01-22,2014,wolle_season1_42,30.0,59
1292,6759,Season 30,2014-01-23,2014,wolle_season1_42,30.0,58
1291,6760,Season 30,2014-01-24,2014,wolle_season1_42,30.0,57
1290,6761,Season 30,2014-01-27,2014,wolle_season1_42,30.0,59
1289,6762,Season 30,2014-01-28,2014,wolle_season1_42,30.0,57
1288,6763,Season 30,2014-01-29,2014,wolle_season1_42,30.0,57
1287,6764,Season 30,2014-01-30,2014,wolle_season1_42,30.0,61
1286,6765,Season 30,2014-01-31,2014,wolle_season1_42,30.0,61
1285,6766,Season 30,2014-02-03,2014,wolle_season1_42,30.0,61
1284,6767,Season 30,2014-02-04,2014,wolle_season1_42,30.0,59
1283,6768,Season 30,2014-02-05,2014,wolle_season1_42,30.0,61
1282,6769,Season 30,2014-02-06,2014,wolle_season1_42,30.0,60
1281,6770,Season 30,2014-02-07,2014,wolle_season1_42,30.0,60
1280,6771,Season 30,2014-02-10,2014,wolle_season1_42,30.0,59
1279,6772,Season 30,2014-02-11,2014,wolle_season1_42,30.0,58
1278,6773,Season 30,2014-02-12,2014,wolle_season1_42,30.0,60
1277,6774,Season 30,2014-02-13,2014,wolle_season1_42,30.0,59
1276,6775,Season 30,2014-02-14,2014,wolle_season1_42,30.0,60
1275,6776,Season 30,2014-02-17,2014,wolle_season1_42,30.0,61
1274,6777,Season 30,2014-02-18,2014,wolle_season1_42,30.0,60
1273,6778,Season 30,2014-02-19,2014,wolle_season1_42,30.0,60
1272,6779,Season 30,2014-02-20,2014,wolle_season1_42,30.0,58
1271,6780,Season 30,2014-02-21,2014,wolle_season1_42,30.0,60
1270,6781,Season 30,2014-02-24,2014,wolle_season1_42,30.0,61
1269,6782,Season 30,2014-02-25,2014,wolle_season1_42,30.0,58
1268,6783,Season 30,2014-02-26,2014,wolle_season1_42,30.0,59
1267,6784,Season 30,2014-02-27,2014,wolle_season1_42,30.0,58
1266,6785,Season 30,2014-02-28,2014,wolle_season1_42,30.0,60
1265,6786,Season 30,2014-03-03,2014,wolle_season1_42,30.0,61
1264,6787,Season 30,2014-03-04,2014,wolle_season1_42,30.0,61
1263,6788,Season 30,2014-03-05,2014,wolle_season1_42,30.0,58
1262,6789,Season 30,2014-03-06,2014,wolle_season1_42,30.0,61
1261,6790,Season 30,2014-03-07,2014,wolle_season1_42,30.0,60
1260,6791,Season 30,2014-03-10,2014,wolle_season1_42,30.0,60
1259,6792,Season 30,2014-03-11,2014,wolle_season1_42,30.0,55
1258,6793,Season 30,2014-03-12,2014,wolle_season1_42,30.0,57
1257,6794,Season 30,2014-03-13,2014,wolle_season1_42,30.0,57
1256,6795,Season 30,2014-03-14,2014,wolle_season1_42,30.0,60
1255,6796,Season 30,2014-03-17,2014,wolle_season1_42,30.0,61
1254,6797,Season 30,2014-03-18,2014,wolle_season1_42,30.0,59
1253,6798,Season 30,2014-03-19,2014,wolle_season1_42,30.0,60
1252,6799,Season 30,2014-03-20,2014,wolle_season1_42,30.0,58
1251,6800,Season 30,2014-03-21,2014,wolle_season1_42,30.0,58
1250,6801,Season 30,2014-03-24,2014,wolle_season1_42,30.0,60
1249,6802,Season 30,2014-03-25,2014,wolle_season1_42,30.0,51
1248,6803,Season 30,2014-03-26,2014,wolle_season1_42,30.0,59
1247,6804,Season 30,2014-03-27,2014,wolle_season1_42,30.0,60
1246,6805,Season 30,2014-03-28,2014,wolle_season1_42,30.0,59
1245,6806,Season 30,2014-03-31,2014,wolle_season1_42,30.0,59
1244,6807,Season 30,2014-04-01,2014,wolle_season1_42,30.0,61
1243,6808,Season 30,2014-04-02,2014,wolle_season1_42,30.0,57
1242,6809,Season 30,2014-04-03,2014,wolle_season1_42,30.0,60
1241,6810,Season 30,2014-04-04,2014,wolle_season1_42,30.0,61
1240,6811,Season 30,2014-04-07,2014,wolle_season1_42,30.0,57
1239,6812,Season 30,2014-04-08,2014,wolle_season1_42,30.0,59
1238,6813,Season 30,2014-04-09,2014,wolle_season1_42,30.0,61
1237,6814,Season 30,2014-04-10,2014,wolle_season1_42,30.0,59
1236,6815,Season 30,2014-04-11,2014,wolle_season1_42,30.0,60
1235,6816,Season 30,2014-04-14,2014,wolle_season1_42,30.0,57
1234,6817,Season 30,2014-04-15,2014,wolle_season1_42,30.0,59
1233,6818,Season 30,2014-04-16,2014,wolle_season1_42,30.0,61
1232,6819,Season 30,2014-04-17,2014,wolle_season1_42,30.0,58
1231,6820,Season 30,2014-04-18,2014,wolle_season1_42,30.0,57
1230,6821,Season 30,2014-04-21,2014,wolle_season1_42,30.0,51
1229,6822,Season 30,2014-04-22,2014,wolle_season1_42,30.0,57
1228,6823,Season 30,2014-04-23,2014,wolle_season1_42,30.0,60
1227,6824,Season 30,2014-04-24,2014,wolle_season1_42,30.0,60
1226,6825,Season 30,2014-04-25,2014,wolle_season1_42,30.0,59
1225,6826,Season 30,2014-04-28,2014,wolle_season1_42,30.0,60
1224,6827,Season 30,2014-04-29,2014,wolle_season1_42,30.0,58
1223,6828,Season 30,2014-04-30,2014,wolle_season1_42,30.0,58
1222,6829,Season 30,2014-05-01,2014,wolle_season1_42,30.0,56
1221,6830,Season 30,2014-05-02,2014,wolle_season1_42,30.0,58
1220,6831,Season 30,2014-05-05,2014,wolle_season1_42,30.0,60
1219,6832,Season 30,2014-05-06,2014,wolle_season1_42,30.0,61
1218,6833,Season 30,2014-05-07,2014,wolle_season1_42,30.0,60
1217,6834,Season 30,2014-05-08,2014,wolle_season1_42,30.0,59
1216,6835,Season 30,2014-05-09,2014,wolle_season1_42,30.0,60
1215,6836,Season 30,2014-05-12,2014,wolle_season1_42,30.0,56
1214,6837,Season 30,2014-05-13,2014,wolle_season1_42,30.0,61
1213,6838,Season 30,2014-05-14,2014,wolle_season1_42,30.0,59
1212,6839,Season 30,2014-05-15,2014,wolle_season1_42,30.0,60
1211,6840,Season 30,2014-05-16,2014,wolle_season1_42,30.0,60
1210,6841,Season 30,2014-05-19,2014,wolle_season1_42,30.0,61
1209,6842,Season 30,2014-05-20,2014,wolle_season1_42,30.0,60
1208,6843,Season 30,2014-05-21,2014,wolle_season1_42,30.0,57
1207,6844,Season 30,2014-05-22,2014,wolle_season1_42,30.0,59
1206,6845,Season 30,2014-05-23,2014,wolle_season1_42,30.0,60
1205,6846,Season 30,2014-05-26,2014,wolle_season1_42,30.0,60
1204,6847,Season 30,2014-05-27,2014,wolle_season1_42,30.0,59
1203,6848,Season 30,2014-05-28,2014,wolle_season1_42,30.0,59
1202,6849,Season 30,2014-05-29,2014,wolle_season1_42,30.0,61
1201,6850,Season 30,2014-05-30,2014,wolle_season1_42,30.0,57
1200,6851,Season 30,2014-06-02,2014,wolle_season1_42,30.0,57
1199,6852,Season 30,2014-06-03,2014,wolle_season1_42,30.0,57
1198,6853,Season 30,2014-06-04,2014,wolle_season1_42,30.0,60
1197,6854,Season 30,2014-06-05,2014,wolle_season1_42,30.0,60
1196,6855,Season 30,2014-06-06,2014,wolle_season1_42,30.0,59
1195,6856,Season 30,2014-06-09,2014,wolle_season1_42,30.0,60
1194,6857,Season 30,2014-06-10,2014,wolle_season1_42,30.0,61
1193,6858,Season 30,2014-06-11,2014,wolle_season1_42,30.0,61
1192,6859,Season 30,2014-06-12,2014,wolle_season1_42,30.0,58
1191,6860,Season 30,2014-06-13,2014,wolle_season1_42,30.0,60
1190,6861,Season 30,2014-06-16,2014,wolle_season1_42,30.0,61
1189,6862,Season 30,2014-06-17,2014,wolle_season1_42,30.0,60
1188,6863,Season 30,2014-06-18,2014,wolle_season1_42,30.0,58
1187,6864,Season 30,2014-06-19,2014,wolle_season1_42,30.0,57
1186,6865,Season 30,2014-06-20,2014,wolle_season1_42,30.0,60
1185,6866,Season 30,2014-06-23,2014,wolle_season1_42,30.0,59
1184,6867,Season 30,2014-06-24,2014,wolle_season1_42,30.0,61
1183,6868,Season 30,2014-06-25,2014,wolle_season1_42,30.0,60
1182,6869,Season 30,2014-06-26,2014,wolle_season1_42,30.0,61
1181,6870,Season 30,2014-06-27,2014,wolle_season1_42,30.0,61
1180,6871,Season 30,2014-06-30,2014,wolle_season1_42,30.0,59
1179,6872,Season 30,2014-07-01,2014,wolle_season1_42,30.0,61
1178,6873,Season 30,2014-07-02,2014,wolle_season1_42,30.0,59
1177,6874,Season 30,2014-07-03,2014,wolle_season1_42,30.0,60
1176,6875,Season 30,2014-07-04,2014,wolle_season1_42,30.0,61
1175,6876,Season 30,2014-07-07,2014,wolle_season1_42,30.0,61
1174,6877,Season 30,2014-07-08,2014,wolle_season1_42,30.0,61
1173,6878,Season 30,2014-07-09,2014,wolle_season1_42,30.0,59
1172,6879,Season 30,2014-07-10,2014,wolle_season1_42,30.0,61
1171,6880,Season 30,2014-07-11,2014,wolle_season1_42,30.0,59
1170,6881,Season 30,2014-07-14,2014,wolle_season1_42,30.0,60
1169,6882,Season 30,2014-07-15,2014,wolle_season1_42,30.0,61
1168,6883,Season 30,2014-07-16,2014,wolle_season1_42,30.0,55
1167,6884,Season 30,2014-07-17,2014,wolle_season1_42,30.0,59
1166,6885,Season 30,2014-07-18,2014,wolle_season1_42,30.0,60
1165,6886,Season 30,2014-07-21,2014,wolle_season1_42,30.0,61
1164,6887,Season 30,2014-07-22,2014,wolle_season1_42,30.0,57
1163,6888,Season 30,2014-07-23,2014,wolle_season1_42,30.0,56
1162,6889,Season 30,2014-07-24,2014,wolle_season1_42,30.0,60
1161,6890,Season 30,2014-07-25,2014,wolle_season1_42,30.0,60
1160,6891,Season 30,2014-07-28,2014,wolle_season1_42,30.0,58
1159,6892,Season 30,2014-07-29,2014,wolle_season1_42,30.0,60
1158,6893,Season 30,2014-07-30,2014,wolle_season1_42,30.0,59
1157,6894,Season 30,2014-07-31,2014,wolle_season1_42,30.0,59
1156,6895,Season 30,2014-08-01,2014,wolle_season1_42,30.0,60
1155,6896,Season 31,2014-09-15,2014,wolle_season1_42,31.0,59
1154,6897,Season 31,2014-09-16,2014,wolle_season1_42,31.0,60
1153,6898,Season 31,2014-09-17,2014,wolle_season1_42,31.0,58
1152,6899,Season 31,2014-09-18,2014,wolle_season1_42,31.0,55
1151,6900,Season 31,2014-09-19,2014,wolle_season1_42,31.0,56
1150,6901,Season 31,2014-09-22,2014,wolle_season1_42,31.0,55
1149,6902,Season 31,2014-09-23,2014,wolle_season1_42,31.0,57
1148,6903,Season 31,2014-09-24,2014,wolle_season1_42,31.0,61
1147,6904,Season 31,2014-09-25,2014,wolle_season1_42,31.0,60
1146,6905,Season 31,2014-09-26,2014,wolle_season1_42,31.0,61
1145,6906,Season 31,2014-09-29,2014,wolle_season1_42,31.0,58
1144,6907,Season 31,2014-09-30,2014,wolle_season1_42,31.0,56
1143,6908,Season 31,2014-10-01,2014,wolle_season1_42,31.0,54
1142,6909,Season 31,2014-10-02,2014,wolle_season1_42,31.0,56
1141,6910,Season 31,2014-10-03,2014,wolle_season1_42,31.0,57
1140,6911,Season 31,2014-10-06,2014,wolle_season1_42,31.0,60
1139,6912,Season 31,2014-10-07,2014,wolle_season1_42,31.0,58
1138,6913,Season 31,2014-10-08,2014,wolle_season1_42,31.0,57
1137,6914,Season 31,2014-10-09,2014,wolle_season1_42,31.0,57
1136,6915,Season 31,2014-10-10,2014,wolle_season1_42,31.0,57
1135,6916,Season 31,2014-10-13,2014,wolle_season1_42,31.0,52
1134,6917,Season 31,2014-10-14,2014,wolle_season1_42,31.0,59
1133,6918,Season 31,2014-10-15,2014,wolle_season1_42,31.0,61
1132,6919,Season 31,2014-10-16,2014,wolle_season1_42,31.0,55
1131,6920,Season 31,2014-10-17,2014,wolle_season1_42,31.0,56
1130,6921,Season 31,2014-10-20,2014,wolle_season1_42,31.0,56
1129,6922,Season 31,2014-10-21,2014,wolle_season1_42,31.0,58
1128,6923,Season 31,2014-10-22,2014,wolle_season1_42,31.0,61
1127,6924,Season 31,2014-10-23,2014,wolle_season1_42,31.0,55
1126,6925,Season 31,2014-10-24,2014,wolle_season1_42,31.0,60
1125,6926,Season 31,2014-10-27,2014,wolle_season1_42,31.0,57
1124,6927,Season 31,2014-10-28,2014,wolle_season1_42,31.0,56
1123,6928,Season 31,2014-10-29,2014,wolle_season1_42,31.0,55
1122,6929,Season 31,2014-10-30,2014,wolle_season1_42,31.0,54
1121,6930,Season 31,2014-10-31,2014,wolle_season1_42,31.0,59
1120,6931,Season 31,2014-11-03,2014,wolle_season1_42,31.0,55
1119,6932,Season 31,2014-11-04,2014,wolle_season1_42,31.0,58
1118,6933,Season 31,2014-11-05,2014,wolle_season1_42,31.0,56
1117,6934,Season 31,2014-11-06,2014,wolle_season1_42,31.0,61
1116,6935,Season 31,2014-11-07,2014,wolle_season1_42,31.0,56
1115,6936,Season 31,2014-11-10,2014,wolle_season1_42,31.0,59
1114,6937,Season 31,2014-11-11,2014,wolle_season1_42,31.0,61
1113,6938,Season 31,2014-11-12,2014,wolle_season1_42,31.0,60
1112,6939,Season 31,2014-11-13,2014,wolle_season1_42,31.0,61
1111,6940,Season 31,2014-11-14,2014,wolle_season1_42,31.0,58
1110,6941,Season 31,2014-11-17,2014,wolle_season1_42,31.0,61
1109,6942,Season 31,2014-11-18,2014,wolle_season1_42,31.0,60
1108,6943,Season 31,2014-11-19,2014,wolle_season1_42,31.0,60
1107,6944,Season 31,2014-11-20,2014,wolle_season1_42,31.0,60
1106,6945,Season 31,2014-11-21,2014,wolle_season1_42,31.0,60
1105,6946,Season 31,2014-11-24,2014,wolle_season1_42,31.0,60
1104,6947,Season 31,2014-11-25,2014,wolle_season1_42,31.0,60
1103,6948,Season 31,2014-11-26,2014,wolle_season1_42,31.0,56
1102,6949,Season 31,2014-11-27,2014,wolle_season1_42,31.0,59
1101,6950,Season 31,2014-11-28,2014,wolle_season1_42,31.0,60
1100,6951,Season 31,2014-12-01,2014,wolle_season1_42,31.0,52
1099,6952,Season 31,2014-12-02,2014,wolle_season1_42,31.0,53
1098,6953,Season 31,2014-12-03,2014,wolle_season1_42,31.0,59
1097,6954,Season 31,2014-12-04,2014,wolle_season1_42,31.0,57
1096,6955,Season 31,2014-12-05,2014,wolle_season1_42,31.0,57
1095,6956,Season 31,2014-12-08,2014,wolle_season1_42,31.0,55
1094,6957,Season 31,2014-12-09,2014,wolle_season1_42,31.0,60
1093,6958,Season 31,2014-12-10,2014,wolle_season1_42,31.0,58
1092,6959,Season 31,2014-12-11,2014,wolle_season1_42,31.0,58
1091,6960,Season 31,2014-12-12,2014,wolle_season1_42,31.0,59
1090,6961,Season 31,2014-12-15,2014,wolle_season1_42,31.0,59
1089,6962,Season 31,2014-12-16,2014,wolle_season1_42,31.0,58
1088,6963,Season 31,2014-12-17,2014,wolle_season1_42,31.0,60
1087,6964,Season 31,2014-12-18,2014,wolle_season1_42,31.0,61
1086,6965,Season 31,2014-12-19,2014,wolle_season1_42,31.0,59
1085,6966,Season 31,2014-12-22,2014,wolle_season1_42,31.0,57
1084,6967,Season 31,2014-12-23,2014,wolle_season1_42,31.0,60
1083,6968,Season 31,2014-12-24,2014,wolle_season1_42,31.0,56
1082,6969,Season 31,2014-12-25,2014,wolle_season1_42,31.0,56
1081,6970,Season 31,2014-12-26,2014,wolle_season1_42,31.0,59
1080,6971,Season 31,2014-12-29,2014,wolle_season1_42,31.0,57
1079,6972,Season 31,2014-12-30,2014,wolle_season1_42,31.0,58
1078,6973,Season 31,2014-12-31,2014,wolle_season1_42,31.0,55
1077,6974,Season 31,2015-01-01,2015,wolle_season1_42,31.0,59
1076,6975,Season 31,2015-01-02,2015,wolle_season1_42,31.0,60
1075,6976,Season 31,2015-01-05,2015,wolle_season1_42,31.0,55
1074,6977,Season 31,2015-01-06,2015,wolle_season1_42,31.0,53
1073,6978,Season 31,2015-01-07,2015,wolle_season1_42,31.0,56
1072,6979,Season 31,2015-01-08,2015,wolle_season1_42,31.0,58
1071,6980,Season 31,2015-01-09,2015,wolle_season1_42,31.0,56
1070,6981,Season 31,2015-01-12,2015,wolle_season1_42,31.0,61
1069,6982,Season 31,2015-01-13,2015,wolle_season1_42,31.0,53
1068,6983,Season 31,2015-01-14,2015,wolle_season1_42,31.0,59
1067,6984,Season 31,2015-01-15,2015,wolle_season1_42,31.0,60
1066,6985,Season 31,2015-01-16,2015,wolle_season1_42,31.0,53
1065,6986,Season 31,2015-01-19,2015,wolle_season1_42,31.0,59
1064,6987,Season 31,2015-01-20,2015,wolle_season1_42,31.0,53
1063,6988,Season 31,2015-01-21,2015,wolle_season1_42,31.0,58
1062,6989,Season 31,2015-01-22,2015,wolle_season1_42,31.0,55
1061,6990,Season 31,2015-01-23,2015,wolle_season1_42,31.0,58
1060,6991,Season 31,2015-01-26,2015,wolle_season1_42,31.0,59
1059,6992,Season 31,2015-01-27,2015,wolle_season1_42,31.0,57
1058,6993,Season 31,2015-01-28,2015,wolle_season1_42,31.0,58
1057,6994,Season 31,2015-01-29,2015,wolle_season1_42,31.0,61
1056,6995,Season 31,2015-01-30,2015,wolle_season1_42,31.0,59
1055,6996,Season 31,2015-02-02,2015,wolle_season1_42,31.0,59
1054,6997,Season 31,2015-02-03,2015,wolle_season1_42,31.0,59
1053,6998,Season 31,2015-02-04,2015,wolle_season1_42,31.0,61
1052,6999,Season 31,2015-02-05,2015,wolle_season1_42,31.0,59
1051,7000,Season 31,2015-02-06,2015,wolle_season1_42,31.0,60
1050,7001,Season 31,2015-02-09,2015,wolle_season1_42,31.0,60
1049,7002,Season 31,2015-02-10,2015,wolle_season1_42,31.0,60
1048,7003,Season 31,2015-02-11,2015,wolle_season1_42,31.0,59
1047,7004,Season 31,2015-02-12,2015,wolle_season1_42,31.0,60
1046,7005,Season 31,2015-02-13,2015,wolle_season1_42,31.0,60
1045,7006,Season 31,2015-02-16,2015,wolle_season1_42,31.0,59
1044,7007,Season 31,2015-02-17,2015,wolle_season1_42,31.0,59
1043,7008,Season 31,2015-02-18,2015,wolle_season1_42,31.0,60
1042,7009,Season 31,2015-02-19,2015,wolle_season1_42,31.0,57
1041,7010,Season 31,2015-02-20,2015,wolle_season1_42,31.0,57
1040,7011,Season 31,2015-02-23,2015,wolle_season1_42,31.0,53
1039,7012,Season 31,2015-02-24,2015,wolle_season1_42,31.0,58
1038,7013,Season 31,2015-02-25,2015,wolle_season1_42,31.0,57
1037,7014,Season 31,2015-02-26,2015,wolle_season1_42,31.0,61
1036,7015,Season 31,2015-02-27,2015,wolle_season1_42,31.0,57
1035,7016,Season 31,2015-03-02,2015,wolle_season1_42,31.0,61
1034,7017,Season 31,2015-03-03,2015,wolle_season1_42,31.0,59
1033,7018,Season 31,2015-03-04,2015,wolle_season1_42,31.0,60
1032,7019,Season 31,2015-03-05,2015,wolle_season1_42,31.0,61
1031,7020,Season 31,2015-03-06,2015,wolle_season1_42,31.0,60
1030,7021,Season 31,2015-03-09,2015,wolle_season1_42,31.0,56
1029,7022,Season 31,2015-03-10,2015,wolle_season1_42,31.0,55
1028,7023,Season 31,2015-03-11,2015,wolle_season1_42,31.0,61
1027,7024,Season 31,2015-03-12,2015,wolle_season1_42,31.0,54
1026,7025,Season 31,2015-03-13,2015,wolle_season1_42,31.0,61
1025,7026,Season 31,2015-03-16,2015,wolle_season1_42,31.0,60
1024,7027,Season 31,2015-03-17,2015,wolle_season1_42,31.0,59
1023,7028,Season 31,2015-03-18,2015,wolle_season1_42,31.0,54
1022,7029,Season 31,2015-03-19,2015,wolle_season1_42,31.0,58
1021,7030,Season 31,2015-03-20,2015,wolle_season1_42,31.0,58
1020,7031,Season 31,2015-03-23,2015,wolle_season1_42,31.0,59
1019,7032,Season 31,2015-03-24,2015,wolle_season1_42,31.0,56
1018,7033,Season 31,2015-03-25,2015,wolle_season1_42,31.0,61
1017,7034,Season 31,2015-03-26,2015,wolle_season1_42,31.0,59
1016,7035,Season 31,2015-03-27,2015,wolle_season1_42,31.0,61
1015,7036,Season 31,2015-03-30,2015,wolle_season1_42,31.0,59
1014,7037,Season 31,2015-03-31,2015,wolle_season1_42,31.0,56
1013,7038,Season 31,2015-04-01,2015,wolle_season1_42,31.0,60
1012,7039,Season 31,2015-04-02,2015,wolle_season1_42,31.0,59
1011,7040,Season 31,2015-04-03,2015,wolle_season1_42,31.0,55
1010,7041,Season 31,2015-04-06,2015,wolle_season1_42,31.0,61
1009,7042,Season 31,2015-04-07,2015,wolle_season1_42,31.0,61
1008,7043,Season 31,2015-04-08,2015,wolle_season1_42,31.0,59
1007,7044,Season 31,2015-04-09,2015,wolle_season1_42,31.0,60
1006,7045,Season 31,2015-04-10,2015,wolle_season1_42,31.0,57
1005,7046,Season 31,2015-04-13,2015,wolle_season1_42,31.0,60
1004,7047,Season 31,2015-04-14,2015,wolle_season1_42,31.0,59
1003,7048,Season 31,2015-04-15,2015,wolle_season1_42,31.0,55
1002,7049,Season 31,2015-04-16,2015,wolle_season1_42,31.0,55
1001,7050,Season 31,2015-04-17,2015,wolle_season1_42,31.0,59
1000,7051,Season 31,2015-04-20,2015,wolle_season1_42,31.0,58
999,7052,Season 31,2015-04-21,2015,wolle_season1_42,31.0,55
998,7053,Season 31,2015-04-22,2015,wolle_season1_42,31.0,60
997,7054,Season 31,2015-04-23,2015,wolle_season1_42,31.0,60
996,7055,Season 31,2015-04-24,2015,wolle_season1_42,31.0,57
995,7056,Season 31,2015-04-27,2015,wolle_season1_42,31.0,60
994,7057,Season 31,2015-04-28,2015,wolle_season1_42,31.0,59
993,7058,Season 31,2015-04-29,2015,wolle_season1_42,31.0,60
992,7059,Season 31,2015-04-30,2015,wolle_season1_42,31.0,60
991,7060,Season 31,2015-05-01,2015,wolle_season1_42,31.0,51
990,7061,Season 31,2015-05-04,2015,wolle_season1_42,31.0,57
989,7062,Season 31,2015-05-05,2015,wolle_season1_42,31.0,61
988,7063,Season 31,2015-05-06,2015,wolle_season1_42,31.0,57
987,7064,Season 31,2015-05-07,2015,wolle_season1_42,31.0,56
986,7065,Season 31,2015-05-08,2015,wolle_season1_42,31.0,60
985,7066,Season 31,2015-05-11,2015,wolle_season1_42,31.0,53
984,7067,Season 31,2015-05-12,2015,wolle_season1_42,31.0,51
983,7068,Season 31,2015-05-13,2015,wolle_season1_42,31.0,54
982,7069,Season 31,2015-05-14,2015,wolle_season1_42,31.0,54
981,7070,Season 31,2015-05-15,2015,wolle_season1_42,31.0,52
980,7071,Season 31,2015-05-18,2015,wolle_season1_42,31.0,54
979,7072,Season 31,2015-05-19,2015,wolle_season1_42,31.0,56
978,7073,Season 31,2015-05-20,2015,wolle_season1_42,31.0,55
977,7074,Season 31,2015-05-21,2015,wolle_season1_42,31.0,55
976,7075,Season 31,2015-05-22,2015,wolle_season1_42,31.0,60
975,7076,Season 31,2015-05-25,2015,wolle_season1_42,31.0,58
974,7077,Season 31,2015-05-26,2015,wolle_season1_42,31.0,58
973,7078,Season 31,2015-05-27,2015,wolle_season1_42,31.0,57
972,7079,Season 31,2015-05-28,2015,wolle_season1_42,31.0,61
971,7080,Season 31,2015-05-29,2015,wolle_season1_42,31.0,56
970,7081,Season 31,2015-06-01,2015,wolle_season1_42,31.0,60
969,7082,Season 31,2015-06-02,2015,wolle_season1_42,31.0,60
968,7083,Season 31,2015-06-03,2015,wolle_season1_42,31.0,58
967,7084,Season 31,2015-06-04,2015,wolle_season1_42,31.0,58
966,7085,Season 31,2015-06-05,2015,wolle_season1_42,31.0,58
965,7086,Season 31,2015-06-08,2015,wolle_season1_42,31.0,59
964,7087,Season 31,2015-06-09,2015,wolle_season1_42,31.0,58
963,7088,Season 31,2015-06-10,2015,wolle_season1_42,31.0,60
962,7089,Season 31,2015-06-11,2015,wolle_season1_42,31.0,56
961,7090,Season 31,2015-06-12,2015,wolle_season1_42,31.0,60
960,7091,Season 31,2015-06-15,2015,wolle_season1_42,31.0,61
959,7092,Season 31,2015-06-16,2015,wolle_season1_42,31.0,59
958,7093,Season 31,2015-06-17,2015,wolle_season1_42,31.0,59
957,7094,Season 31,2015-06-18,2015,wolle_season1_42,31.0,60
956,7095,Season 31,2015-06-19,2015,wolle_season1_42,31.0,59
955,7096,Season 31,2015-06-22,2015,wolle_season1_42,31.0,55
954,7097,Season 31,2015-06-23,2015,wolle_season1_42,31.0,59
953,7098,Season 31,2015-06-24,2015,wolle_season1_42,31.0,59
952,7099,Season 31,2015-06-25,2015,wolle_season1_42,31.0,53
951,7100,Season 31,2015-06-26,2015,wolle_season1_42,31.0,57
950,7101,Season 31,2015-06-29,2015,wolle_season1_42,31.0,59
949,7102,Season 31,2015-06-30,2015,wolle_season1_42,31.0,61
948,7103,Season 31,2015-07-01,2015,wolle_season1_42,31.0,60
947,7104,Season 31,2015-07-02,2015,wolle_season1_42,31.0,58
946,7105,Season 31,2015-07-03,2015,wolle_season1_42,31.0,60
945,7106,Season 31,2015-07-06,2015,wolle_season1_42,31.0,58
944,7107,Season 31,2015-07-07,2015,wolle_season1_42,31.0,58
943,7108,Season 31,2015-07-08,2015,wolle_season1_42,31.0,55
942,7109,Season 31,2015-07-09,2015,wolle_season1_42,31.0,55
941,7110,Season 31,2015-07-10,2015,wolle_season1_42,31.0,56
940,7111,Season 31,2015-07-13,2015,wolle_season1_42,31.0,59
939,7112,Season 31,2015-07-14,2015,wolle_season1_42,31.0,60
938,7113,Season 31,2015-07-15,2015,wolle_season1_42,31.0,57
937,7114,Season 31,2015-07-16,2015,wolle_season1_42,31.0,53
936,7115,Season 31,2015-07-17,2015,wolle_season1_42,31.0,57
935,7116,Season 31,2015-07-20,2015,wolle_season1_42,31.0,57
934,7117,Season 31,2015-07-21,2015,wolle_season1_42,31.0,60
933,7118,Season 31,2015-07-22,2015,wolle_season1_42,31.0,56
932,7119,Season 31,2015-07-23,2015,wolle_season1_42,31.0,61
931,7120,Season 31,2015-07-24,2015,wolle_season1_42,31.0,59
930,7121,Season 31,2015-07-27,2015,wolle_season1_42,31.0,59
929,7122,Season 31,2015-07-28,2015,wolle_season1_42,31.0,56
928,7123,Season 31,2015-07-29,2015,wolle_season1_42,31.0,57
927,7124,Season 31,2015-07-30,2015,wolle_season1_42,31.0,61
926,7125,Season 31,2015-07-31,2015,wolle_season1_42,31.0,61
925,7126,Season 32,2015-09-14,2015,wolle_season1_42,32.0,61
924,7127,Season 32,2015-09-15,2015,wolle_season1_42,32.0,55
923,7128,Season 32,2015-09-16,2015,wolle_season1_42,32.0,52
922,7129,Season 32,2015-09-17,2015,wolle_season1_42,32.0,53
921,7130,Season 32,2015-09-18,2015,wolle_season1_42,32.0,57
920,7131,Season 32,2015-09-21,2015,wolle_season1_42,32.0,56
919,7132,Season 32,2015-09-22,2015,wolle_season1_42,32.0,58
918,7133,Season 32,2015-09-23,2015,wolle_season1_42,32.0,55
917,7134,Season 32,2015-09-24,2015,wolle_season1_42,32.0,55
916,7135,Season 32,2015-09-25,2015,wolle_season1_42,32.0,60
915,7136,Season 32,2015-09-28,2015,wolle_season1_42,32.0,60
914,7137,Season 32,2015-09-29,2015,wolle_season1_42,32.0,61
913,7138,Season 32,2015-09-30,2015,wolle_season1_42,32.0,60
912,7139,Season 32,2015-10-01,2015,wolle_season1_42,32.0,60
911,7140,Season 32,2015-10-02,2015,wolle_season1_42,32.0,56
910,7141,Season 32,2015-10-05,2015,wolle_season1_42,32.0,60
909,7142,Season 32,2015-10-06,2015,wolle_season1_42,32.0,61
908,7143,Season 32,2015-10-07,2015,wolle_season1_42,32.0,53
907,7144,Season 32,2015-10-08,2015,wolle_season1_42,32.0,59
906,7145,Season 32,2015-10-09,2015,wolle_season1_42,32.0,55
905,7146,Season 32,2015-10-12,2015,wolle_season1_42,32.0,58
904,7147,Season 32,2015-10-13,2015,wolle_season1_42,32.0,60
903,7148,Season 32,2015-10-14,2015,wolle_season1_42,32.0,55
902,7149,Season 32,2015-10-15,2015,wolle_season1_42,32.0,55
901,7150,Season 32,2015-10-16,2015,wolle_season1_42,32.0,57
900,7151,Season 32,2015-10-19,2015,wolle_season1_42,32.0,52
899,7152,Season 32,2015-10-20,2015,wolle_season1_42,32.0,58
898,7153,Season 32,2015-10-21,2015,wolle_season1_42,32.0,59
897,7154,Season 32,2015-10-22,2015,wolle_season1_42,32.0,59
896,7155,Season 32,2015-10-23,2015,wolle_season1_42,32.0,56
895,7156,Season 32,2015-10-26,2015,wolle_season1_42,32.0,57
894,7157,Season 32,2015-10-27,2015,wolle_season1_42,32.0,59
893,7158,Season 32,2015-10-28,2015,wolle_season1_42,32.0,61
892,7159,Season 32,2015-10-29,2015,wolle_season1_42,32.0,52
891,7160,Season 32,2015-10-30,2015,wolle_season1_42,32.0,58
890,7161,Season 32,2015-11-02,2015,wolle_season1_42,32.0,59
889,7162,Season 32,2015-11-03,2015,wolle_season1_42,32.0,56
888,7163,Season 32,2015-11-04,2015,wolle_season1_42,32.0,57
887,7164,Season 32,2015-11-05,2015,wolle_season1_42,32.0,58
886,7165,Season 32,2015-11-06,2015,wolle_season1_42,32.0,57
885,7166,Season 32,2015-11-09,2015,wolle_season1_42,32.0,58
884,7167,Season 32,2015-11-10,2015,wolle_season1_42,32.0,60
883,7168,Season 32,2015-11-11,2015,wolle_season1_42,32.0,60
882,7169,Season 32,2015-11-12,2015,wolle_season1_42,32.0,60
881,7170,Season 32,2015-11-13,2015,wolle_season1_42,32.0,61
880,7171,Season 32,2015-11-16,2015,wolle_season1_42,32.0,61
879,7172,Season 32,2015-11-17,2015,wolle_season1_42,32.0,60
878,7173,Season 32,2015-11-18,2015,wolle_season1_42,32.0,61
877,7174,Season 32,2015-11-19,2015,wolle_season1_42,32.0,60
876,7175,Season 32,2015-11-20,2015,wolle_season1_42,32.0,61
875,7176,Season 32,2015-11-23,2015,wolle_season1_42,32.0,52
874,7177,Season 32,2015-11-24,2015,wolle_season1_42,32.0,58
873,7178,Season 32,2015-11-25,2015,wolle_season1_42,32.0,55
872,7179,Season 32,2015-11-26,2015,wolle_season1_42,32.0,52
871,7180,Season 32,2015-11-27,2015,wolle_season1_42,32.0,59
870,7181,Season 32,2015-11-30,2015,wolle_season1_42,32.0,50
869,7182,Season 32,2015-12-01,2015,wolle_season1_42,32.0,55
868,7183,Season 32,2015-12-02,2015,wolle_season1_42,32.0,55
867,7184,Season 32,2015-12-03,2015,wolle_season1_42,32.0,53
866,7185,Season 32,2015-12-04,2015,wolle_season1_42,32.0,59
865,7186,Season 32,2015-12-07,2015,wolle_season1_42,32.0,58
864,7187,Season 32,2015-12-08,2015,wolle_season1_42,32.0,58
863,7188,Season 32,2015-12-09,2015,wolle_season1_42,32.0,60
862,7189,Season 32,2015-12-10,2015,wolle_season1_42,32.0,61
861,7190,Season 32,2015-12-11,2015,wolle_season1_42,32.0,54
860,7191,Season 32,2015-12-14,2015,wolle_season1_42,32.0,54
859,7192,Season 32,2015-12-15,2015,wolle_season1_42,32.0,55
858,7193,Season 32,2015-12-16,2015,wolle_season1_42,32.0,59
857,7194,Season 32,2015-12-17,2015,wolle_season1_42,32.0,57
856,7195,Season 32,2015-12-18,2015,wolle_season1_42,32.0,61
855,7196,Season 32,2015-12-21,2015,wolle_season1_42,32.0,57
854,7197,Season 32,2015-12-22,2015,wolle_season1_42,32.0,54
853,7198,Season 32,2015-12-23,2015,wolle_season1_42,32.0,59
852,7199,Season 32,2015-12-24,2015,wolle_season1_42,32.0,55
851,7200,Season 32,2015-12-25,2015,wolle_season1_42,32.0,60
850,7201,Season 32,2015-12-28,2015,wolle_season1_42,32.0,55
849,7202,Season 32,2015-12-29,2015,wolle_season1_42,32.0,53
848,7203,Season 32,2015-12-30,2015,wolle_season1_42,32.0,54
847,7204,Season 32,2015-12-31,2015,wolle_season1_42,32.0,53
846,7205,Season 32,2016-01-01,2016,wolle_season1_42,32.0,60
845,7206,Season 32,2016-01-04,2016,wolle_season1_42,32.0,55
844,7207,Season 32,2016-01-05,2016,wolle_season1_42,32.0,58
843,7208,Season 32,2016-01-06,2016,wolle_season1_42,32.0,59
842,7209,Season 32,2016-01-07,2016,wolle_season1_42,32.0,55
841,7210,Season 32,2016-01-08,2016,wolle_season1_42,32.0,58
840,7211,Season 32,2016-01-11,2016,wolle_season1_42,32.0,56
839,7212,Season 32,2016-01-12,2016,wolle_season1_42,32.0,59
838,7213,Season 32,2016-01-13,2016,wolle_season1_42,32.0,56
837,7214,Season 32,2016-01-14,2016,wolle_season1_42,32.0,54
836,7215,Season 32,2016-01-15,2016,wolle_season1_42,32.0,56
835,7216,Season 32,2016-01-18,2016,wolle_season1_42,32.0,56
834,7217,Season 32,2016-01-19,2016,wolle_season1_42,32.0,54
833,7218,Season 32,2016-01-20,2016,wolle_season1_42,32.0,61
832,7219,Season 32,2016-01-21,2016,wolle_season1_42,32.0,55
831,7220,Season 32,2016-01-22,2016,wolle_season1_42,32.0,58
830,7221,Season 32,2016-01-25,2016,wolle_season1_42,32.0,59
829,7222,Season 32,2016-01-26,2016,wolle_season1_42,32.0,61
828,7223,Season 32,2016-01-27,2016,wolle_season1_42,32.0,59
827,7224,Season 32,2016-01-28,2016,wolle_season1_42,32.0,60
826,7225,Season 32,2016-01-29,2016,wolle_season1_42,32.0,61
825,7226,Season 32,2016-02-01,2016,wolle_season1_42,32.0,60
824,7227,Season 32,2016-02-02,2016,wolle_season1_42,32.0,59
823,7228,Season 32,2016-02-03,2016,wolle_season1_42,32.0,59
822,7229,Season 32,2016-02-04,2016,wolle_season1_42,32.0,60
821,7230,Season 32,2016-02-05,2016,wolle_season1_42,32.0,61
820,7231,Season 32,2016-02-08,2016,wolle_season1_42,32.0,55
819,7232,Season 32,2016-02-09,2016,wolle_season1_42,32.0,57
818,7233,Season 32,2016-02-10,2016,wolle_season1_42,32.0,59
817,7234,Season 32,2016-02-11,2016,wolle_season1_42,32.0,56
816,7235,Season 32,2016-02-12,2016,wolle_season1_42,32.0,56
815,7236,Season 32,2016-02-15,2016,wolle_season1_42,32.0,49
814,7237,Season 32,2016-02-16,2016,wolle_season1_42,32.0,56
813,7238,Season 32,2016-02-17,2016,wolle_season1_42,32.0,61
812,7239,Season 32,2016-02-18,2016,wolle_season1_42,32.0,60
811,7240,Season 32,2016-02-19,2016,wolle_season1_42,32.0,61
810,7241,Season 32,2016-02-22,2016,wolle_season1_42,32.0,57
809,7242,Season 32,2016-02-23,2016,wolle_season1_42,32.0,60
808,7243,Season 32,2016-02-24,2016,wolle_season1_42,32.0,58
807,7244,Season 32,2016-02-25,2016,wolle_season1_42,32.0,61
806,7245,Season 32,2016-02-26,2016,wolle_season1_42,32.0,61
805,7246,Season 32,2016-02-29,2016,wolle_season1_42,32.0,59
804,7247,Season 32,2016-03-01,2016,wolle_season1_42,32.0,57
803,7248,Season 32,2016-03-02,2016,wolle_season1_42,32.0,60
802,7249,Season 32,2016-03-03,2016,wolle_season1_42,32.0,61
801,7250,Season 32,2016-03-04,2016,wolle_season1_42,32.0,61
800,7251,Season 32,2016-03-07,2016,wolle_season1_42,32.0,56
799,7252,Season 32,2016-03-08,2016,wolle_season1_42,32.0,55
798,7253,Season 32,2016-03-09,2016,wolle_season1_42,32.0,60
797,7254,Season 32,2016-03-10,2016,wolle_season1_42,32.0,55
796,7255,Season 32,2016-03-11,2016,wolle_season1_42,32.0,58
795,7256,Season 32,2016-03-14,2016,wolle_season1_42,32.0,54
794,7257,Season 32,2016-03-15,2016,wolle_season1_42,32.0,49
793,7258,Season 32,2016-03-16,2016,wolle_season1_42,32.0,51
792,7259,Season 32,2016-03-17,2016,wolle_season1_42,32.0,52
791,7260,Season 32,2016-03-18,2016,wolle_season1_42,32.0,55
790,7261,Season 32,2016-03-21,2016,wolle_season1_42,32.0,56
789,7262,Season 32,2016-03-22,2016,wolle_season1_42,32.0,56
788,7263,Season 32,2016-03-23,2016,wolle_season1_42,32.0,57
787,7264,Season 32,2016-03-24,2016,wolle_season1_42,32.0,58
786,7265,Season 32,2016-03-25,2016,wolle_season1_42,32.0,61
785,7266,Season 32,2016-03-28,2016,wolle_season1_42,32.0,58
784,7267,Season 32,2016-03-29,2016,wolle_season1_42,32.0,59
783,7268,Season 32,2016-03-30,2016,wolle_season1_42,32.0,58
782,7269,Season 32,2016-03-31,2016,wolle_season1_42,32.0,61
781,7270,Season 32,2016-04-01,2016,wolle_season1_42,32.0,54
780,7271,Season 32,2016-04-04,2016,wolle_season1_42,32.0,56
779,7272,Season 32,2016-04-05,2016,wolle_season1_42,32.0,61
778,7273,Season 32,2016-04-06,2016,wolle_season1_42,32.0,56
777,7274,Season 32,2016-04-07,2016,wolle_season1_42,32.0,60
776,7275,Season 32,2016-04-08,2016,wolle_season1_42,32.0,60
775,7276,Season 32,2016-04-11,2016,wolle_season1_42,32.0,61
774,7277,Season 32,2016-04-12,2016,wolle_season1_42,32.0,58
773,7278,Season 32,2016-04-13,2016,wolle_season1_42,32.0,59
772,7279,Season 32,2016-04-14,2016,wolle_season1_42,32.0,59
771,7280,Season 32,2016-04-15,2016,wolle_season1_42,32.0,56
770,7281,Season 32,2016-04-18,2016,wolle_season1_42,32.0,57
769,7282,Season 32,2016-04-19,2016,wolle_season1_42,32.0,56
768,7283,Season 32,2016-04-20,2016,wolle_season1_42,32.0,58
767,7284,Season 32,2016-04-21,2016,wolle_season1_42,32.0,59
766,7285,Season 32,2016-04-22,2016,wolle_season1_42,32.0,60
765,7286,Season 32,2016-04-25,2016,wolle_season1_42,32.0,59
764,7287,Season 32,2016-04-26,2016,wolle_season1_42,32.0,56
763,7288,Season 32,2016-04-27,2016,wolle_season1_42,32.0,59
762,7289,Season 32,2016-04-28,2016,wolle_season1_42,32.0,59
761,7290,Season 32,2016-04-29,2016,wolle_season1_42,32.0,55
760,7291,Season 32,2016-05-02,2016,wolle_season1_42,32.0,57
759,7292,Season 32,2016-05-03,2016,wolle_season1_42,32.0,59
758,7293,Season 32,2016-05-04,2016,wolle_season1_42,32.0,60
757,7294,Season 32,2016-05-05,2016,wolle_season1_42,32.0,58
756,7295,Season 32,2016-05-06,2016,wolle_season1_42,32.0,57
755,7296,Season 32,2016-05-09,2016,wolle_season1_42,32.0,55
754,7297,Season 32,2016-05-10,2016,wolle_season1_42,32.0,54
753,7298,Season 32,2016-05-11,2016,wolle_season1_42,32.0,60
752,7299,Season 32,2016-05-12,2016,wolle_season1_42,32.0,59
751,7300,Season 32,2016-05-13,2016,wolle_season1_42,32.0,56
750,7301,Season 32,2016-05-16,2016,wolle_season1_42,32.0,56
749,7302,Season 32,2016-05-17,2016,wolle_season1_42,32.0,41
748,7303,Season 32,2016-05-18,2016,wolle_season1_42,32.0,51
747,7304,Season 32,2016-05-19,2016,wolle_season1_42,32.0,43
746,7305,Season 32,2016-05-20,2016,wolle_season1_42,32.0,49
745,7306,Season 32,2016-05-23,2016,wolle_season1_42,32.0,59
744,7307,Season 32,2016-05-24,2016,wolle_season1_42,32.0,50
743,7308,Season 32,2016-05-25,2016,wolle_season1_42,32.0,58
742,7309,Season 32,2016-05-26,2016,wolle_season1_42,32.0,57
741,7310,Season 32,2016-05-27,2016,wolle_season1_42,32.0,59
740,7311,Season 32,2016-05-30,2016,wolle_season1_42,32.0,61
739,7312,Season 32,2016-05-31,2016,wolle_season1_42,32.0,59
738,7313,Season 32,2016-06-01,2016,wolle_season1_42,32.0,57
737,7314,Season 32,2016-06-02,2016,wolle_season1_42,32.0,59
736,7315,Season 32,2016-06-03,2016,wolle_season1_42,32.0,60
735,7316,Season 32,2016-06-06,2016,wolle_season1_42,32.0,55
734,7317,Season 32,2016-06-07,2016,wolle_season1_42,32.0,61
733,7318,Season 32,2016-06-08,2016,wolle_season1_42,32.0,58
732,7319,Season 32,2016-06-09,2016,wolle_season1_42,32.0,57
731,7320,Season 32,2016-06-10,2016,wolle_season1_42,32.0,55
730,7321,Season 32,2016-06-13,2016,wolle_season1_42,32.0,59
729,7322,Season 32,2016-06-14,2016,wolle_season1_42,32.0,59
728,7323,Season 32,2016-06-15,2016,wolle_season1_42,32.0,59
727,7324,Season 32,2016-06-16,2016,wolle_season1_42,32.0,59
726,7325,Season 32,2016-06-17,2016,wolle_season1_42,32.0,60
725,7326,Season 32,2016-06-20,2016,wolle_season1_42,32.0,61
724,7327,Season 32,2016-06-21,2016,wolle_season1_42,32.0,60
723,7328,Season 32,2016-06-22,2016,wolle_season1_42,32.0,61
722,7329,Season 32,2016-06-23,2016,wolle_season1_42,32.0,61
721,7330,Season 32,2016-06-24,2016,wolle_season1_42,32.0,58
720,7331,Season 32,2016-06-27,2016,wolle_season1_42,32.0,59
719,7332,Season 32,2016-06-28,2016,wolle_season1_42,32.0,60
718,7333,Season 32,2016-06-29,2016,wolle_season1_42,32.0,55
717,7334,Season 32,2016-06-30,2016,wolle_season1_42,32.0,54
716,7335,Season 32,2016-07-01,2016,wolle_season1_42,32.0,61
715,7336,Season 32,2016-07-04,2016,wolle_season1_42,32.0,58
714,7337,Season 32,2016-07-05,2016,wolle_season1_42,32.0,59
713,7338,Season 32,2016-07-06,2016,wolle_season1_42,32.0,59
712,7339,Season 32,2016-07-07,2016,wolle_season1_42,32.0,56
711,7340,Season 32,2016-07-08,2016,wolle_season1_42,32.0,60
710,7341,Season 32,2016-07-11,2016,wolle_season1_42,32.0,60
709,7342,Season 32,2016-07-12,2016,wolle_season1_42,32.0,59
708,7343,Season 32,2016-07-13,2016,wolle_season1_42,32.0,60
707,7344,Season 32,2016-07-14,2016,wolle_season1_42,32.0,61
706,7345,Season 32,2016-07-15,2016,wolle_season1_42,32.0,59
705,7346,Season 32,2016-07-18,2016,wolle_season1_42,32.0,61
704,7347,Season 32,2016-07-19,2016,wolle_season1_42,32.0,55
703,7348,Season 32,2016-07-20,2016,wolle_season1_42,32.0,57
702,7349,Season 32,2016-07-21,2016,wolle_season1_42,32.0,58
701,7350,Season 32,2016-07-22,2016,wolle_season1_42,32.0,59
700,7351,Season 32,2016-07-25,2016,wolle_season1_42,32.0,57
699,7352,Season 32,2016-07-26,2016,wolle_season1_42,32.0,55
698,7353,Season 32,2016-07-27,2016,wolle_season1_42,32.0,61
697,7354,Season 32,2016-07-28,2016,wolle_season1_42,32.0,55
696,7355,Season 32,2016-07-29,2016,wolle_season1_42,32.0,59
695,7356,Season 33,2016-09-12,2016,wolle_season1_42,33.0,58
694,7357,Season 33,2016-09-13,2016,wolle_season1_42,33.0,58
693,7358,Season 33,2016-09-14,2016,wolle_season1_42,33.0,57
692,7359,Season 33,2016-09-15,2016,wolle_season1_42,33.0,58
691,7360,Season 33,2016-09-16,2016,wolle_season1_42,33.0,58
690,7361,Season 33,2016-09-19,2016,wolle_season1_42,33.0,59
689,7362,Season 33,2016-09-20,2016,wolle_season1_42,33.0,57
688,7363,Season 33,2016-09-21,2016,wolle_season1_42,33.0,59
687,7364,Season 33,2016-09-22,2016,wolle_season1_42,33.0,58
686,7365,Season 33,2016-09-23,2016,wolle_season1_42,33.0,59
685,7366,Season 33,2016-09-26,2016,wolle_season1_42,33.0,56
684,7367,Season 33,2016-09-27,2016,wolle_season1_42,33.0,58
683,7368,Season 33,2016-09-28,2016,wolle_season1_42,33.0,59
682,7369,Season 33,2016-09-29,2016,wolle_season1_42,33.0,58
681,7370,Season 33,2016-09-30,2016,wolle_season1_42,33.0,58
680,7371,Season 33,2016-10-03,2016,wolle_season1_42,33.0,56
679,7372,Season 33,2016-10-04,2016,wolle_season1_42,33.0,61
678,7373,Season 33,2016-10-05,2016,wolle_season1_42,33.0,55
677,7374,Season 33,2016-10-06,2016,wolle_season1_42,33.0,57
676,7375,Season 33,2016-10-07,2016,wolle_season1_42,33.0,60
675,7376,Season 33,2016-10-10,2016,wolle_season1_42,33.0,55
674,7377,Season 33,2016-10-11,2016,wolle_season1_42,33.0,59
673,7378,Season 33,2016-10-12,2016,wolle_season1_42,33.0,55
672,7379,Season 33,2016-10-13,2016,wolle_season1_42,33.0,57
671,7380,Season 33,2016-10-14,2016,wolle_season1_42,33.0,55
670,7381,Season 33,2016-10-17,2016,wolle_season1_42,33.0,56
669,7382,Season 33,2016-10-18,2016,wolle_season1_42,33.0,58
668,7383,Season 33,2016-10-19,2016,wolle_season1_42,33.0,55
667,7384,Season 33,2016-10-20,2016,wolle_season1_42,33.0,57
666,7385,Season 33,2016-10-21,2016,wolle_season1_42,33.0,55
665,7386,Season 33,2016-10-24,2016,wolle_season1_42,33.0,56
664,7387,Season 33,2016-10-25,2016,wolle_season1_42,33.0,61
663,7388,Season 33,2016-10-26,2016,wolle_season1_42,33.0,60
662,7389,Season 33,2016-10-27,2016,wolle_season1_42,33.0,60
661,7390,Season 33,2016-10-28,2016,wolle_season1_42,33.0,59
660,7391,Season 33,2016-10-31,2016,wolle_season1_42,33.0,57
659,7392,Season 33,2016-11-01,2016,wolle_season1_42,33.0,60
658,7393,Season 33,2016-11-02,2016,wolle_season1_42,33.0,61
657,7394,Season 33,2016-11-03,2016,wolle_season1_42,33.0,56
656,7395,Season 33,2016-11-04,2016,wolle_season1_42,33.0,56
655,7396,Season 33,2016-11-07,2016,wolle_season1_42,33.0,58
654,7397,Season 33,2016-11-08,2016,wolle_season1_42,33.0,54
653,7398,Season 33,2016-11-09,2016,wolle_season1_42,33.0,61
652,7399,Season 33,2016-11-10,2016,wolle_season1_42,33.0,61
651,7400,Season 33,2016-11-11,2016,wolle_season1_42,33.0,59
650,7401,Season 33,2016-11-14,2016,wolle_season1_42,33.0,59
649,7402,Season 33,2016-11-15,2016,wolle_season1_42,33.0,61
648,7403,Season 33,2016-11-16,2016,wolle_season1_42,33.0,59
647,7404,Season 33,2016-11-17,2016,wolle_season1_42,33.0,60
646,7405,Season 33,2016-11-18,2016,wolle_season1_42,33.0,60
645,7406,Season 33,2016-11-21,2016,wolle_season1_42,33.0,60
644,7407,Season 33,2016-11-22,2016,wolle_season1_42,33.0,56
643,7408,Season 33,2016-11-23,2016,wolle_season1_42,33.0,59
642,7409,Season 33,2016-11-24,2016,wolle_season1_42,33.0,57
641,7410,Season 33,2016-11-25,2016,wolle_season1_42,33.0,60
640,7411,Season 33,2016-11-28,2016,wolle_season1_42,33.0,57
639,7412,Season 33,2016-11-29,2016,wolle_season1_42,33.0,57
638,7413,Season 33,2016-11-30,2016,wolle_season1_42,33.0,57
637,7414,Season 33,2016-12-01,2016,wolle_season1_42,33.0,59
636,7415,Season 33,2016-12-02,2016,wolle_season1_42,33.0,59
635,7416,Season 33,2016-12-05,2016,wolle_season1_42,33.0,61
634,7417,Season 33,2016-12-06,2016,wolle_season1_42,33.0,57
633,7418,Season 33,2016-12-07,2016,wolle_season1_42,33.0,56
632,7419,Season 33,2016-12-08,2016,wolle_season1_42,33.0,58
631,7420,Season 33,2016-12-09,2016,wolle_season1_42,33.0,57
630,7421,Season 33,2016-12-12,2016,wolle_season1_42,33.0,56
629,7422,Season 33,2016-12-13,2016,wolle_season1_42,33.0,54
628,7423,Season 33,2016-12-14,2016,wolle_season1_42,33.0,55
627,7424,Season 33,2016-12-15,2016,wolle_season1_42,33.0,57
626,7425,Season 33,2016-12-16,2016,wolle_season1_42,33.0,60
625,7426,Season 33,2016-12-19,2016,wolle_season1_42,33.0,55
624,7427,Season 33,2016-12-20,2016,wolle_season1_42,33.0,57
623,7428,Season 33,2016-12-21,2016,wolle_season1_42,33.0,54
622,7429,Season 33,2016-12-22,2016,wolle_season1_42,33.0,51
621,7430,Season 33,2016-12-23,2016,wolle_season1_42,33.0,61
620,7431,Season 33,2016-12-26,2016,wolle_season1_42,33.0,57
619,7432,Season 33,2016-12-27,2016,wolle_season1_42,33.0,58
618,7433,Season 33,2016-12-28,2016,wolle_season1_42,33.0,60
617,7434,Season 33,2016-12-29,2016,wolle_season1_42,33.0,60
616,7435,Season 33,2016-12-30,2016,wolle_season1_42,33.0,56
615,7436,Season 33,2017-01-02,2017,wolle_season1_42,33.0,55
614,7437,Season 33,2017-01-03,2017,wolle_season1_42,33.0,57
613,7438,Season 33,2017-01-04,2017,wolle_season1_42,33.0,55
612,7439,Season 33,2017-01-05,2017,wolle_season1_42,33.0,58
611,7440,Season 33,2017-01-06,2017,wolle_season1_42,33.0,58
610,7441,Season 33,2017-01-09,2017,wolle_season1_42,33.0,59
609,7442,Season 33,2017-01-10,2017,wolle_season1_42,33.0,61
608,7443,Season 33,2017-01-11,2017,wolle_season1_42,33.0,57
607,7444,Season 33,2017-01-12,2017,wolle_season1_42,33.0,59
606,7445,Season 33,2017-01-13,2017,wolle_season1_42,33.0,58
605,7446,Season 33,2017-01-16,2017,wolle_season1_42,33.0,58
604,7447,Season 33,2017-01-17,2017,wolle_season1_42,33.0,59
603,7448,Season 33,2017-01-18,2017,wolle_season1_42,33.0,59
602,7449,Season 33,2017-01-19,2017,wolle_season1_42,33.0,57
601,7450,Season 33,2017-01-20,2017,wolle_season1_42,33.0,59
600,7451,Season 33,2017-01-23,2017,wolle_season1_42,33.0,56
599,7452,Season 33,2017-01-24,2017,wolle_season1_42,33.0,57
598,7453,Season 33,2017-01-25,2017,wolle_season1_42,33.0,54
597,7454,Season 33,2017-01-26,2017,wolle_season1_42,33.0,57
596,7455,Season 33,2017-01-27,2017,wolle_season1_42,33.0,58
595,7456,Season 33,2017-01-30,2017,wolle_season1_42,33.0,54
594,7457,Season 33,2017-01-31,2017,wolle_season1_42,33.0,60
593,7458,Season 33,2017-02-01,2017,wolle_season1_42,33.0,58
592,7459,Season 33,2017-02-02,2017,wolle_season1_42,33.0,60
591,7460,Season 33,2017-02-03,2017,wolle_season1_42,33.0,58
590,7461,Season 33,2017-02-06,2017,wolle_season1_42,33.0,57
589,7462,Season 33,2017-02-07,2017,wolle_season1_42,33.0,57
588,7463,Season 33,2017-02-08,2017,wolle_season1_42,33.0,58
587,7464,Season 33,2017-02-09,2017,wolle_season1_42,33.0,59
586,7465,Season 33,2017-02-10,2017,wolle_season1_42,33.0,59
585,7466,Season 33,2017-02-13,2017,wolle_season1_42,33.0,58
584,7467,Season 33,2017-02-14,2017,wolle_season1_42,33.0,58
583,7468,Season 33,2017-02-15,2017,wolle_season1_42,33.0,59
582,7469,Season 33,2017-02-16,2017,wolle_season1_42,33.0,58
581,7470,Season 33,2017-02-17,2017,wolle_season1_42,33.0,59
580,7471,Season 33,2017-02-20,2017,wolle_season1_42,33.0,59
579,7472,Season 33,2017-02-21,2017,wolle_season1_42,33.0,60
578,7473,Season 33,2017-02-22,2017,wolle_season1_42,33.0,60
577,7474,Season 33,2017-02-23,2017,wolle_season1_42,33.0,59
576,7475,Season 33,2017-02-24,2017,wolle_season1_42,33.0,58
575,7476,Season 33,2017-02-27,2017,wolle_season1_42,33.0,53
574,7477,Season 33,2017-02-28,2017,wolle_season1_42,33.0,56
573,7478,Season 33,2017-03-01,2017,wolle_season1_42,33.0,55
572,7479,Season 33,2017-03-02,2017,wolle_season1_42,33.0,56
571,7480,Season 33,2017-03-03,2017,wolle_season1_42,33.0,53
570,7481,Season 33,2017-03-06,2017,wolle_season1_42,33.0,55
569,7482,Season 33,2017-03-07,2017,wolle_season1_42,33.0,54
568,7483,Season 33,2017-03-08,2017,wolle_season1_42,33.0,53
567,7484,Season 33,2017-03-09,2017,wolle_season1_42,33.0,58
566,7485,Season 33,2017-03-10,2017,wolle_season1_42,33.0,57
565,7486,Season 33,2017-03-13,2017,wolle_season1_42,33.0,55
564,7487,Season 33,2017-03-14,2017,wolle_season1_42,33.0,58
563,7488,Season 33,2017-03-15,2017,wolle_season1_42,33.0,56
562,7489,Season 33,2017-03-16,2017,wolle_season1_42,33.0,56
561,7490,Season 33,2017-03-17,2017,wolle_season1_42,33.0,56
560,7491,Season 33,2017-03-20,2017,wolle_season1_42,33.0,58
559,7492,Season 33,2017-03-21,2017,wolle_season1_42,33.0,58
558,7493,Season 33,2017-03-22,2017,wolle_season1_42,33.0,57
557,7494,Season 33,2017-03-23,2017,wolle_season1_42,33.0,59
556,7495,Season 33,2017-03-24,2017,wolle_season1_42,33.0,59
555,7496,Season 33,2017-03-27,2017,wolle_season1_42,33.0,58
554,7497,Season 33,2017-03-28,2017,wolle_season1_42,33.0,60
553,7498,Season 33,2017-03-29,2017,wolle_season1_42,33.0,56
552,7499,Season 33,2017-03-30,2017,wolle_season1_42,33.0,57
551,7500,Season 33,2017-03-31,2017,wolle_season1_42,33.0,57
550,7501,Season 33,2017-04-03,2017,wolle_season1_42,33.0,55
549,7502,Season 33,2017-04-04,2017,wolle_season1_42,33.0,59
548,7503,Season 33,2017-04-05,2017,wolle_season1_42,33.0,56
547,7504,Season 33,2017-04-06,2017,wolle_season1_42,33.0,60
546,7505,Season 33,2017-04-07,2017,wolle_season1_42,33.0,58
545,7506,Season 33,2017-04-10,2017,wolle_season1_42,33.0,59
544,7507,Season 33,2017-04-11,2017,wolle_season1_42,33.0,56
543,7508,Season 33,2017-04-12,2017,wolle_season1_42,33.0,58
542,7509,Season 33,2017-04-13,2017,wolle_season1_42,33.0,56
541,7510,Season 33,2017-04-14,2017,wolle_season1_42,33.0,57
540,7511,Season 33,2017-04-17,2017,wolle_season1_42,33.0,59
539,7512,Season 33,2017-04-18,2017,wolle_season1_42,33.0,61
538,7513,Season 33,2017-04-19,2017,wolle_season1_42,33.0,54
537,7514,Season 33,2017-04-20,2017,wolle_season1_42,33.0,57
536,7515,Season 33,2017-04-21,2017,wolle_season1_42,33.0,59
535,7516,Season 33,2017-04-24,2017,wolle_season1_42,33.0,59
534,7517,Season 33,2017-04-25,2017,wolle_season1_42,33.0,59
533,7518,Season 33,2017-04-26,2017,wolle_season1_42,33.0,58
532,7519,Season 33,2017-04-27,2017,wolle_season1_42,33.0,56
531,7520,Season 33,2017-04-28,2017,wolle_season1_42,33.0,61
530,7521,Season 33,2017-05-01,2017,wolle_season1_42,33.0,59
529,7522,Season 33,2017-05-02,2017,wolle_season1_42,33.0,60
528,7523,Season 33,2017-05-03,2017,wolle_season1_42,33.0,61
527,7524,Season 33,2017-05-04,2017,wolle_season1_42,33.0,59
526,7525,Season 33,2017-05-05,2017,wolle_season1_42,33.0,59
525,7526,Season 33,2017-05-08,2017,wolle_season1_42,33.0,60
524,7527,Season 33,2017-05-09,2017,wolle_season1_42,33.0,61
523,7528,Season 33,2017-05-10,2017,wolle_season1_42,33.0,60
522,7529,Season 33,2017-05-11,2017,wolle_season1_42,33.0,59
521,7530,Season 33,2017-05-12,2017,wolle_season1_42,33.0,59
520,7531,Season 33,2017-05-15,2017,wolle_season1_42,33.0,59
519,7532,Season 33,2017-05-16,2017,wolle_season1_42,33.0,60
518,7533,Season 33,2017-05-17,2017,wolle_season1_42,33.0,57
517,7534,Season 33,2017-05-18,2017,wolle_season1_42,33.0,58
516,7535,Season 33,2017-05-19,2017,wolle_season1_42,33.0,59
515,7536,Season 33,2017-05-22,2017,wolle_season1_42,33.0,58
514,7537,Season 33,2017-05-23,2017,wolle_season1_42,33.0,59
513,7538,Season 33,2017-05-24,2017,wolle_season1_42,33.0,57
512,7539,Season 33,2017-05-25,2017,wolle_season1_42,33.0,57
511,7540,Season 33,2017-05-26,2017,wolle_season1_42,33.0,56
510,7541,Season 33,2017-05-29,2017,wolle_season1_42,33.0,61
509,7542,Season 33,2017-05-30,2017,wolle_season1_42,33.0,61
508,7543,Season 33,2017-05-31,2017,wolle_season1_42,33.0,60
507,7544,Season 33,2017-06-01,2017,wolle_season1_42,33.0,59
506,7545,Season 33,2017-06-02,2017,wolle_season1_42,33.0,59
505,7546,Season 33,2017-06-05,2017,wolle_season1_42,33.0,58
504,7547,Season 33,2017-06-06,2017,wolle_season1_42,33.0,60
503,7548,Season 33,2017-06-07,2017,wolle_season1_42,33.0,61
502,7549,Season 33,2017-06-08,2017,wolle_season1_42,33.0,58
501,7550,Season 33,2017-06-09,2017,wolle_season1_42,33.0,57
500,7551,Season 33,2017-06-12,2017,wolle_season1_42,33.0,61
499,7552,Season 33,2017-06-13,2017,wolle_season1_42,33.0,57
498,7553,Season 33,2017-06-14,2017,wolle_season1_42,33.0,60
497,7554,Season 33,2017-06-15,2017,wolle_season1_42,33.0,60
496,7555,Season 33,2017-06-16,2017,wolle_season1_42,33.0,59
495,7556,Season 33,2017-06-19,2017,wolle_season1_42,33.0,56
494,7557,Season 33,2017-06-20,2017,wolle_season1_42,33.0,61
493,7558,Season 33,2017-06-21,2017,wolle_season1_42,33.0,59
492,7559,Season 33,2017-06-22,2017,wolle_season1_42,33.0,58
491,7560,Season 33,2017-06-23,2017,wolle_season1_42,33.0,59
490,7561,Season 33,2017-06-26,2017,wolle_season1_42,33.0,61
489,7562,Season 33,2017-06-27,2017,wolle_season1_42,33.0,61
488,7563,Season 33,2017-06-28,2017,wolle_season1_42,33.0,61
487,7564,Season 33,2017-06-29,2017,wolle_season1_42,33.0,57
486,7565,Season 33,2017-06-30,2017,wolle_season1_42,33.0,57
485,7566,Season 33,2017-07-03,2017,wolle_season1_42,33.0,59
484,7567,Season 33,2017-07-04,2017,wolle_season1_42,33.0,58
483,7568,Season 33,2017-07-05,2017,wolle_season1_42,33.0,57
482,7569,Season 33,2017-07-06,2017,wolle_season1_42,33.0,60
481,7570,Season 33,2017-07-07,2017,wolle_season1_42,33.0,58
480,7571,Season 33,2017-07-10,2017,wolle_season1_42,33.0,54
479,7572,Season 33,2017-07-11,2017,wolle_season1_42,33.0,61
478,7573,Season 33,2017-07-12,2017,wolle_season1_42,33.0,61
477,7574,Season 33,2017-07-13,2017,wolle_season1_42,33.0,61
476,7575,Season 33,2017-07-14,2017,wolle_season1_42,33.0,56
475,7576,Season 33,2017-07-17,2017,wolle_season1_42,33.0,58
474,7577,Season 33,2017-07-18,2017,wolle_season1_42,33.0,61
473,7578,Season 33,2017-07-19,2017,wolle_season1_42,33.0,61
472,7579,Season 33,2017-07-20,2017,wolle_season1_42,33.0,58
471,7580,Season 33,2017-07-21,2017,wolle_season1_42,33.0,59
470,7581,Season 33,2017-07-24,2017,wolle_season1_42,33.0,60
469,7582,Season 33,2017-07-25,2017,wolle_season1_42,33.0,58
468,7583,Season 33,2017-07-26,2017,wolle_season1_42,33.0,61
467,7584,Season 33,2017-07-27,2017,wolle_season1_42,33.0,60
466,7585,Season 33,2017-07-28,2017,wolle_season1_42,33.0,60
465,7586,Season 34,2017-09-11,2017,wolle_season1_42,34.0,56
464,7587,Season 34,2017-09-12,2017,wolle_season1_42,34.0,59
463,7588,Season 34,2017-09-13,2017,wolle_season1_42,34.0,59
462,7589,Season 34,2017-09-14,2017,wolle_season1_42,34.0,61
461,7590,Season 34,2017-09-15,2017,wolle_season1_42,34.0,60
460,7591,Season 34,2017-09-18,2017,wolle_season1_42,34.0,60
459,7592,Season 34,2017-09-19,2017,wolle_season1_42,34.0,60
458,7593,Season 34,2017-09-20,2017,wolle_season1_42,34.0,58
457,7594,Season 34,2017-09-21,2017,wolle_season1_42,34.0,56
456,7595,Season 34,2017-09-22,2017,wolle_season1_42,34.0,60
455,7596,Season 34,2017-09-25,2017,wolle_season1_42,34.0,53
454,7597,Season 34,2017-09-26,2017,wolle_season1_42,34.0,60
453,7598,Season 34,2017-09-27,2017,wolle_season1_42,34.0,55
452,7599,Season 34,2017-09-28,2017,wolle_season1_42,34.0,59
451,7600,Season 34,2017-09-29,2017,wolle_season1_42,34.0,57
450,7601,Season 34,2017-10-02,2017,wolle_season1_42,34.0,57
449,7602,Season 34,2017-10-03,2017,wolle_season1_42,34.0,60
448,7603,Season 34,2017-10-04,2017,wolle_season1_42,34.0,60
447,7604,Season 34,2017-10-05,2017,wolle_season1_42,34.0,58
446,7605,Season 34,2017-10-06,2017,wolle_season1_42,34.0,57
445,7606,Season 34,2017-10-09,2017,wolle_season1_42,34.0,58
444,7607,Season 34,2017-10-10,2017,wolle_season1_42,34.0,59
443,7608,Season 34,2017-10-11,2017,wolle_season1_42,34.0,59
442,7609,Season 34,2017-10-12,2017,wolle_season1_42,34.0,59
441,7610,Season 34,2017-10-13,2017,wolle_season1_42,34.0,59
440,7611,Season 34,2017-10-16,2017,wolle_season1_42,34.0,60
439,7612,Season 34,2017-10-17,2017,wolle_season1_42,34.0,55
438,7613,Season 34,2017-10-18,2017,wolle_season1_42,34.0,59
437,7614,Season 34,2017-10-19,2017,wolle_season1_42,34.0,56
436,7615,Season 34,2017-10-20,2017,wolle_season1_42,34.0,59
435,7616,Season 34,2017-10-23,2017,wolle_season1_42,34.0,60
434,7617,Season 34,2017-10-24,2017,wolle_season1_42,34.0,57
433,7618,Season 34,2017-10-25,2017,wolle_season1_42,34.0,58
432,7619,Season 34,2017-10-26,2017,wolle_season1_42,34.0,61
431,7620,Season 34,2017-10-27,2017,wolle_season1_42,34.0,58
430,7621,Season 34,2017-10-30,2017,wolle_season1_42,34.0,60
429,7622,Season 34,2017-10-31,2017,wolle_season1_42,34.0,59
428,7623,Season 34,2017-11-01,2017,wolle_season1_42,34.0,59
427,7624,Season 34,2017-11-02,2017,wolle_season1_42,34.0,53
426,7625,Season 34,2017-11-03,2017,wolle_season1_42,34.0,60
425,7626,Season 34,2017-11-06,2017,wolle_season1_42,34.0,58
424,7627,Season 34,2017-11-07,2017,wolle_season1_42,34.0,61
423,7628,Season 34,2017-11-08,2017,wolle_season1_42,34.0,61
422,7629,Season 34,2017-11-09,2017,wolle_season1_42,34.0,60
421,7630,Season 34,2017-11-10,2017,wolle_season1_42,34.0,61
420,7631,Season 34,2017-11-13,2017,wolle_season1_42,34.0,59
419,7632,Season 34,2017-11-14,2017,wolle_season1_42,34.0,59
418,7633,Season 34,2017-11-15,2017,wolle_season1_42,34.0,59
417,7634,Season 34,2017-11-16,2017,wolle_season1_42,34.0,60
416,7635,Season 34,2017-11-17,2017,wolle_season1_42,34.0,55
415,7636,Season 34,2017-11-20,2017,wolle_season1_42,34.0,59
414,7637,Season 34,2017-11-21,2017,wolle_season1_42,34.0,55
413,7638,Season 34,2017-11-22,2017,wolle_season1_42,34.0,54
412,7639,Season 34,2017-11-23,2017,wolle_season1_42,34.0,56
411,7640,Season 34,2017-11-24,2017,wolle_season1_42,34.0,61
410,7641,Season 34,2017-11-27,2017,wolle_season1_42,34.0,58
409,7642,Season 34,2017-11-28,2017,wolle_season1_42,34.0,61
408,7643,Season 34,2017-11-29,2017,wolle_season1_42,34.0,60
407,7644,Season 34,2017-11-30,2017,wolle_season1_42,34.0,58
406,7645,Season 34,2017-12-01,2017,wolle_season1_42,34.0,57
405,7646,Season 34,2017-12-04,2017,wolle_season1_42,34.0,56
404,7647,Season 34,2017-12-05,2017,wolle_season1_42,34.0,57
403,7648,Season 34,2017-12-06,2017,wolle_season1_42,34.0,59
402,7649,Season 34,2017-12-07,2017,wolle_season1_42,34.0,59
401,7650,Season 34,2017-12-08,2017,wolle_season1_42,34.0,59
400,7651,Season 34,2017-12-11,2017,wolle_season1_42,34.0,58
399,7652,Season 34,2017-12-12,2017,wolle_season1_42,34.0,56
398,7653,Season 34,2017-12-13,2017,wolle_season1_42,34.0,61
397,7654,Season 34,2017-12-14,2017,wolle_season1_42,34.0,60
396,7655,Season 34,2017-12-15,2017,wolle_season1_42,34.0,57
395,7656,Season 34,2017-12-18,2017,wolle_season1_42,34.0,55
394,7657,Season 34,2017-12-19,2017,wolle_season1_42,34.0,58
393,7658,Season 34,2017-12-20,2017,wolle_season1_42,34.0,60
392,7659,Season 34,2017-12-21,2017,wolle_season1_42,34.0,55
391,7660,Season 34,2017-12-22,2017,wolle_season1_42,34.0,60
390,7661,Season 34,2017-12-25,2017,wolle_season1_42,34.0,61
389,7662,Season 34,2017-12-26,2017,wolle_season1_42,34.0,58
388,7663,Season 34,2017-12-27,2017,wolle_season1_42,34.0,57
387,7664,Season 34,2017-12-28,2017,wolle_season1_42,34.0,59
386,7665,Season 34,2017-12-29,2017,wolle_season1_42,34.0,59
385,7666,Season 34,2018-01-01,2018,wolle_season1_42,34.0,55
384,7667,Season 34,2018-01-02,2018,wolle_season1_42,34.0,56
383,7668,Season 34,2018-01-03,2018,wolle_season1_42,34.0,53
382,7669,Season 34,2018-01-04,2018,wolle_season1_42,34.0,55
381,7670,Season 34,2018-01-05,2018,wolle_season1_42,34.0,55
380,7671,Season 34,2018-01-08,2018,wolle_season1_42,34.0,58
379,7672,Season 34,2018-01-09,2018,wolle_season1_42,34.0,55
378,7673,Season 34,2018-01-10,2018,wolle_season1_42,34.0,53
377,7674,Season 34,2018-01-11,2018,wolle_season1_42,34.0,57
376,7675,Season 34,2018-01-12,2018,wolle_season1_42,34.0,58
375,7676,Season 34,2018-01-15,2018,wolle_season1_42,34.0,55
374,7677,Season 34,2018-01-16,2018,wolle_season1_42,34.0,59
373,7678,Season 34,2018-01-17,2018,wolle_season1_42,34.0,60
372,7679,Season 34,2018-01-18,2018,wolle_season1_42,34.0,59
371,7680,Season 34,2018-01-19,2018,wolle_season1_42,34.0,59
370,7681,Season 34,2018-01-22,2018,wolle_season1_42,34.0,56
369,7682,Season 34,2018-01-23,2018,wolle_season1_42,34.0,54
368,7683,Season 34,2018-01-24,2018,wolle_season1_42,34.0,54
367,7684,Season 34,2018-01-25,2018,wolle_season1_42,34.0,60
366,7685,Season 34,2018-01-26,2018,wolle_season1_42,34.0,59
365,7686,Season 34,2018-01-29,2018,wolle_season1_42,34.0,52
364,7687,Season 34,2018-01-30,2018,wolle_season1_42,34.0,61
363,7688,Season 34,2018-01-31,2018,wolle_season1_42,34.0,59
362,7689,Season 34,2018-02-01,2018,wolle_season1_42,34.0,60
361,7690,Season 34,2018-02-02,2018,wolle_season1_42,34.0,58
360,7691,Season 34,2018-02-05,2018,wolle_season1_42,34.0,57
359,7692,Season 34,2018-02-06,2018,wolle_season1_42,34.0,56
358,7693,Season 34,2018-02-07,2018,wolle_season1_42,34.0,58
357,7694,Season 34,2018-02-08,2018,wolle_season1_42,34.0,58
356,7695,Season 34,2018-02-09,2018,wolle_season1_42,34.0,59
355,7696,Season 34,2018-02-12,2018,wolle_season1_42,34.0,59
354,7697,Season 34,2018-02-13,2018,wolle_season1_42,34.0,57
353,7698,Season 34,2018-02-14,2018,wolle_season1_42,34.0,51
352,7699,Season 34,2018-02-15,2018,wolle_season1_42,34.0,55
351,7700,Season 34,2018-02-16,2018,wolle_season1_42,34.0,54
350,7701,Season 34,2018-02-19,2018,wolle_season1_42,34.0,52
349,7702,Season 34,2018-02-20,2018,wolle_season1_42,34.0,56
348,7703,Season 34,2018-02-21,2018,wolle_season1_42,34.0,56
347,7704,Season 34,2018-02-22,2018,wolle_season1_42,34.0,49
346,7705,Season 34,2018-02-23,2018,wolle_season1_42,34.0,57
345,7706,Season 34,2018-02-26,2018,wolle_season1_42,34.0,57
344,7707,Season 34,2018-02-27,2018,wolle_season1_42,34.0,56
343,7708,Season 34,2018-02-28,2018,wolle_season1_42,34.0,52
342,7709,Season 34,2018-03-01,2018,wolle_season1_42,34.0,59
341,7710,Season 34,2018-03-02,2018,wolle_season1_42,34.0,58
340,7711,Season 34,2018-03-05,2018,wolle_season1_42,34.0,59
339,7712,Season 34,2018-03-06,2018,wolle_season1_42,34.0,57
338,7713,Season 34,2018-03-07,2018,wolle_season1_42,34.0,56
337,7714,Season 34,2018-03-08,2018,wolle_season1_42,34.0,59
336,7715,Season 34,2018-03-09,2018,wolle_season1_42,34.0,60
334,7716,Season 34,2018-03-12,2018,wolle_season1_42,34.0,61
333,7717,Season 34,2018-03-13,2018,wolle_season1_42,34.0,61
332,7718,Season 34,2018-03-14,2018,wolle_season1_42,34.0,58
331,7719,Season 34,2018-03-15,2018,wolle_season1_42,34.0,57
330,7720,Season 34,2018-03-16,2018,wolle_season1_42,34.0,59
329,7721,Season 34,2018-03-19,2018,wolle_season1_42,34.0,55
328,7722,Season 34,2018-03-20,2018,wolle_season1_42,34.0,57
327,7723,Season 34,2018-03-21,2018,wolle_season1_42,34.0,52
326,7724,Season 34,2018-03-22,2018,wolle_season1_42,34.0,57
325,7725,Season 34,2018-03-23,2018,wolle_season1_42,34.0,61
324,7726,Season 34,2018-03-26,2018,wolle_season1_42,34.0,56
323,7727,Season 34,2018-03-27,2018,wolle_season1_42,34.0,61
322,7728,Season 34,2018-03-28,2018,wolle_season1_42,34.0,53
321,7729,Season 34,2018-03-29,2018,wolle_season1_42,34.0,61
320,7730,Season 34,2018-03-30,2018,wolle_season1_42,34.0,61
319,7731,Season 34,2018-04-02,2018,wolle_season1_42,34.0,58
318,7732,Season 34,2018-04-03,2018,wolle_season1_42,34.0,60
317,7733,Season 34,2018-04-04,2018,wolle_season1_42,34.0,57
316,7734,Season 34,2018-04-05,2018,wolle_season1_42,34.0,57
315,7735,Season 34,2018-04-06,2018,wolle_season1_42,34.0,57
314,7736,Season 34,2018-04-09,2018,wolle_season1_42,34.0,61
313,7737,Season 34,2018-04-10,2018,wolle_season1_42,34.0,60
312,7738,Season 34,2018-04-11,2018,wolle_season1_42,34.0,59
311,7739,Season 34,2018-04-12,2018,wolle_season1_42,34.0,60
310,7740,Season 34,2018-04-13,2018,wolle_season1_42,34.0,59
309,7741,Season 34,2018-04-16,2018,wolle_season1_42,34.0,60
308,7742,Season 34,2018-04-17,2018,wolle_season1_42,34.0,60
307,7743,Season 34,2018-04-18,2018,wolle_season1_42,34.0,58
306,7744,Season 34,2018-04-19,2018,wolle_season1_42,34.0,58
305,7745,Season 34,2018-04-20,2018,wolle_season1_42,34.0,58
304,7746,Season 34,2018-04-23,2018,wolle_season1_42,34.0,57
303,7747,Season 34,2018-04-24,2018,wolle_season1_42,34.0,58
302,7748,Season 34,2018-04-25,2018,wolle_season1_42,34.0,59
301,7749,Season 34,2018-04-26,2018,wolle_season1_42,34.0,56
300,7750,Season 34,2018-04-27,2018,wolle_season1_42,34.0,57
299,7751,Season 34,2018-04-30,2018,wolle_season1_42,34.0,56
298,7752,Season 34,2018-05-01,2018,wolle_season1_42,34.0,61
297,7753,Season 34,2018-05-02,2018,wolle_season1_42,34.0,60
296,7754,Season 34,2018-05-03,2018,wolle_season1_42,34.0,60
295,7755,Season 34,2018-05-04,2018,wolle_season1_42,34.0,61
294,7756,Season 34,2018-05-07,2018,wolle_season1_42,34.0,60
293,7757,Season 34,2018-05-08,2018,wolle_season1_42,34.0,58
292,7758,Season 34,2018-05-09,2018,wolle_season1_42,34.0,60
291,7759,Season 34,2018-05-10,2018,wolle_season1_42,34.0,60
290,7760,Season 34,2018-05-11,2018,wolle_season1_42,34.0,60
289,7761,Season 34,2018-05-14,2018,wolle_season1_42,34.0,59
288,7762,Season 34,2018-05-15,2018,wolle_season1_42,34.0,61
287,7763,Season 34,2018-05-16,2018,wolle_season1_42,34.0,61
286,7764,Season 34,2018-05-17,2018,wolle_season1_42,34.0,60
285,7765,Season 34,2018-05-18,2018,wolle_season1_42,34.0,61
284,7766,Season 34,2018-05-21,2018,wolle_season1_42,34.0,55
283,7767,Season 34,2018-05-22,2018,wolle_season1_42,34.0,59
282,7768,Season 34,2018-05-23,2018,wolle_season1_42,34.0,56
281,7769,Season 34,2018-05-24,2018,wolle_season1_42,34.0,59
280,7770,Season 34,2018-05-25,2018,wolle_season1_42,34.0,59
279,7771,Season 34,2018-05-28,2018,wolle_season1_42,34.0,58
278,7772,Season 34,2018-05-29,2018,wolle_season1_42,34.0,59
277,7773,Season 34,2018-05-30,2018,wolle_season1_42,34.0,59
276,7774,Season 34,2018-05-31,2018,wolle_season1_42,34.0,55
275,7775,Season 34,2018-06-01,2018,wolle_season1_42,34.0,56
274,7776,Season 34,2018-06-04,2018,wolle_season1_42,34.0,59
273,7777,Season 34,2018-06-05,2018,wolle_season1_42,34.0,57
272,7778,Season 34,2018-06-06,2018,wolle_season1_42,34.0,55
271,7779,Season 34,2018-06-07,2018,wolle_season1_42,34.0,56
270,7780,Season 34,2018-06-08,2018,wolle_season1_42,34.0,60
269,7781,Season 34,2018-06-11,2018,wolle_season1_42,34.0,60
268,7782,Season 34,2018-06-12,2018,wolle_season1_42,34.0,61
267,7783,Season 34,2018-06-13,2018,wolle_season1_42,34.0,59
266,7784,Season 34,2018-06-14,2018,wolle_season1_42,34.0,61
265,7785,Season 34,2018-06-15,2018,wolle_season1_42,34.0,58
264,7786,Season 34,2018-06-18,2018,wolle_season1_42,34.0,57
263,7787,Season 34,2018-06-19,2018,wolle_season1_42,34.0,59
262,7788,Season 34,2018-06-20,2018,wolle_season1_42,34.0,59
261,7789,Season 34,2018-06-21,2018,wolle_season1_42,34.0,61
260,7790,Season 34,2018-06-22,2018,wolle_season1_42,34.0,59
259,7791,Season 34,2018-06-25,2018,wolle_season1_42,34.0,59
258,7792,Season 34,2018-06-26,2018,wolle_season1_42,34.0,61
257,7793,Season 34,2018-06-27,2018,wolle_season1_42,34.0,57
256,7794,Season 34,2018-06-28,2018,wolle_season1_42,34.0,59
255,7795,Season 34,2018-06-29,2018,wolle_season1_42,34.0,56
254,7796,Season 34,2018-07-02,2018,wolle_season1_42,34.0,59
253,7797,Season 34,2018-07-03,2018,wolle_season1_42,34.0,57
252,7798,Season 34,2018-07-04,2018,wolle_season1_42,34.0,59
251,7799,Season 34,2018-07-05,2018,wolle_season1_42,34.0,58
250,7800,Season 34,2018-07-06,2018,wolle_season1_42,34.0,60
249,7801,Season 34,2018-07-09,2018,wolle_season1_42,34.0,58
248,7802,Season 34,2018-07-10,2018,wolle_season1_42,34.0,59
247,7803,Season 34,2018-07-11,2018,wolle_season1_42,34.0,59
246,7804,Season 34,2018-07-12,2018,wolle_season1_42,34.0,58
245,7805,Season 34,2018-07-13,2018,wolle_season1_42,34.0,61
244,7806,Season 34,2018-07-16,2018,wolle_season1_42,34.0,56
243,7807,Season 34,2018-07-17,2018,wolle_season1_42,34.0,59
242,7808,Season 34,2018-07-18,2018,wolle_season1_42,34.0,59
241,7809,Season 34,2018-07-19,2018,wolle_season1_42,34.0,61
240,7810,Season 34,2018-07-20,2018,wolle_season1_42,34.0,60
239,7811,Season 34,2018-07-23,2018,wolle_season1_42,34.0,59
238,7812,Season 34,2018-07-24,2018,wolle_season1_42,34.0,61
237,7813,Season 34,2018-07-25,2018,wolle_season1_42,34.0,61
236,7814,Season 34,2018-07-26,2018,wolle_season1_42,34.0,58
235,7815,Season 34,2018-07-27,2018,wolle_season1_42,34.0,59
234,7816,Season 35,2018-09-10,2018,wolle_season1_42,35.0,59
233,7817,Season 35,2018-09-11,2018,wolle_season1_42,35.0,58
232,7818,Season 35,2018-09-12,2018,wolle_season1_42,35.0,59
231,7819,Season 35,2018-09-13,2018,wolle_season1_42,35.0,57
230,7820,Season 35,2018-09-14,2018,wolle_season1_42,35.0,58
229,7821,Season 35,2018-09-17,2018,wolle_season1_42,35.0,60
228,7822,Season 35,2018-09-18,2018,wolle_season1_42,35.0,59
227,7823,Season 35,2018-09-19,2018,wolle_season1_42,35.0,55
226,7824,Season 35,2018-09-20,2018,wolle_season1_42,35.0,57
225,7825,Season 35,2018-09-21,2018,wolle_season1_42,35.0,60
224,7826,Season 35,2018-09-24,2018,wolle_season1_42,35.0,54
223,7827,Season 35,2018-09-25,2018,wolle_season1_42,35.0,60
222,7828,Season 35,2018-09-26,2018,wolle_season1_42,35.0,61
221,7829,Season 35,2018-09-27,2018,wolle_season1_42,35.0,60
220,7830,Season 35,2018-09-28,2018,wolle_season1_42,35.0,56
219,7831,Season 35,2018-10-01,2018,wolle_season1_42,35.0,58
218,7832,Season 35,2018-10-02,2018,wolle_season1_42,35.0,58
217,7833,Season 35,2018-10-03,2018,wolle_season1_42,35.0,60
216,7834,Season 35,2018-10-04,2018,wolle_season1_42,35.0,58
215,7835,Season 35,2018-10-05,2018,wolle_season1_42,35.0,60
214,7836,Season 35,2018-10-08,2018,wolle_season1_42,35.0,58
213,7837,Season 35,2018-10-09,2018,wolle_season1_42,35.0,56
212,7838,Season 35,2018-10-10,2018,wolle_season1_42,35.0,61
211,7839,Season 35,2018-10-11,2018,wolle_season1_42,35.0,55
210,7840,Season 35,2018-10-12,2018,wolle_season1_42,35.0,60
209,7841,Season 35,2018-10-15,2018,wolle_season1_42,35.0,60
208,7842,Season 35,2018-10-16,2018,wolle_season1_42,35.0,58
207,7843,Season 35,2018-10-17,2018,wolle_season1_42,35.0,58
206,7844,Season 35,2018-10-18,2018,wolle_season1_42,35.0,58
205,7845,Season 35,2018-10-19,2018,wolle_season1_42,35.0,60
204,7846,Season 35,2018-10-22,2018,wolle_season1_42,35.0,56
203,7847,Season 35,2018-10-23,2018,wolle_season1_42,35.0,55
202,7848,Season 35,2018-10-24,2018,wolle_season1_42,35.0,58
201,7849,Season 35,2018-10-25,2018,wolle_season1_42,35.0,58
200,7850,Season 35,2018-10-26,2018,wolle_season1_42,35.0,55
199,7851,Season 35,2018-10-29,2018,wolle_season1_42,35.0,58
198,7852,Season 35,2018-10-30,2018,wolle_season1_42,35.0,60
197,7853,Season 35,2018-10-31,2018,wolle_season1_42,35.0,58
196,7854,Season 35,2018-11-01,2018,wolle_season1_42,35.0,57
195,7855,Season 35,2018-11-02,2018,wolle_season1_42,35.0,60
194,7856,Season 35,2018-11-05,2018,wolle_season1_42,35.0,59
193,7857,Season 35,2018-11-06,2018,wolle_season1_42,35.0,58
192,7858,Season 35,2018-11-07,2018,wolle_season1_42,35.0,60
191,7859,Season 35,2018-11-08,2018,wolle_season1_42,35.0,61
190,7860,Season 35,2018-11-09,2018,wolle_season1_42,35.0,59
189,7861,Season 35,2018-11-12,2018,wolle_season1_42,35.0,60
188,7862,Season 35,2018-11-13,2018,wolle_season1_42,35.0,56
187,7863,Season 35,2018-11-14,2018,wolle_season1_42,35.0,60
186,7864,Season 35,2018-11-15,2018,wolle_season1_42,35.0,60
185,7865,Season 35,2018-11-16,2018,wolle_season1_42,35.0,61
184,7866,Season 35,2018-11-19,2018,wolle_season1_42,35.0,59
183,7867,Season 35,2018-11-20,2018,wolle_season1_42,35.0,58
182,7868,Season 35,2018-11-21,2018,wolle_season1_42,35.0,58
181,7869,Season 35,2018-11-22,2018,wolle_season1_42,35.0,57
180,7870,Season 35,2018-11-23,2018,wolle_season1_42,35.0,59
179,7871,Season 35,2018-11-26,2018,wolle_season1_42,35.0,53
178,7872,Season 35,2018-11-27,2018,wolle_season1_42,35.0,56
177,7873,Season 35,2018-11-28,2018,wolle_season1_42,35.0,55
176,7874,Season 35,2018-11-29,2018,wolle_season1_42,35.0,60
175,7875,Season 35,2018-11-30,2018,wolle_season1_42,35.0,58
174,7876,Season 35,2018-12-03,2018,wolle_season1_42,35.0,60
173,7877,Season 35,2018-12-04,2018,wolle_season1_42,35.0,56
172,7878,Season 35,2018-12-05,2018,wolle_season1_42,35.0,60
171,7879,Season 35,2018-12-06,2018,wolle_season1_42,35.0,54
170,7880,Season 35,2018-12-07,2018,wolle_season1_42,35.0,57
169,7881,Season 35,2018-12-10,2018,wolle_season1_42,35.0,57
168,7882,Season 35,2018-12-11,2018,wolle_season1_42,35.0,59
167,7883,Season 35,2018-12-12,2018,wolle_season1_42,35.0,61
166,7884,Season 35,2018-12-13,2018,wolle_season1_42,35.0,57
165,7885,Season 35,2018-12-14,2018,wolle_season1_42,35.0,53
164,7886,Season 35,2018-12-17,2018,wolle_season1_42,35.0,54
163,7887,Season 35,2018-12-18,2018,wolle_season1_42,35.0,55
162,7888,Season 35,2018-12-19,2018,wolle_season1_42,35.0,59
161,7889,Season 35,2018-12-20,2018,wolle_season1_42,35.0,54
160,7890,Season 35,2018-12-21,2018,wolle_season1_42,35.0,61
159,7891,Season 35,2018-12-24,2018,wolle_season1_42,35.0,55
158,7892,Season 35,2018-12-25,2018,wolle_season1_42,35.0,57
157,7893,Season 35,2018-12-26,2018,wolle_season1_42,35.0,59
156,7894,Season 35,2018-12-27,2018,wolle_season1_42,35.0,60
155,7895,Season 35,2018-12-28,2018,wolle_season1_42,35.0,60
154,7896,Season 35,2018-12-31,2018,wolle_season1_42,35.0,59
153,7897,Season 35,2019-01-01,2019,wolle_season1_42,35.0,57
152,7898,Season 35,2019-01-02,2019,wolle_season1_42,35.0,60
151,7899,Season 35,2019-01-03,2019,wolle_season1_42,35.0,59
150,7900,Season 35,2019-01-04,2019,wolle_season1_42,35.0,55
149,7901,Season 35,2019-01-07,2019,wolle_season1_42,35.0,58
148,7902,Season 35,2019-01-08,2019,wolle_season1_42,35.0,57
147,7903,Season 35,2019-01-09,2019,wolle_season1_42,35.0,61
146,7904,Season 35,2019-01-10,2019,wolle_season1_42,35.0,59
145,7905,Season 35,2019-01-11,2019,wolle_season1_42,35.0,57
144,7906,Season 35,2019-01-14,2019,wolle_season1_42,35.0,59
143,7907,Season 35,2019-01-15,2019,wolle_season1_42,35.0,59
142,7908,Season 35,2019-01-16,2019,wolle_season1_42,35.0,57
141,7909,Season 35,2019-01-17,2019,wolle_season1_42,35.0,59
140,7910,Season 35,2019-01-18,2019,wolle_season1_42,35.0,61
139,7911,Season 35,2019-01-21,2019,wolle_season1_42,35.0,58
138,7912,Season 35,2019-01-22,2019,wolle_season1_42,35.0,59
137,7913,Season 35,2019-01-23,2019,wolle_season1_42,35.0,60
136,7914,Season 35,2019-01-24,2019,wolle_season1_42,35.0,57
135,7915,Season 35,2019-01-25,2019,wolle_season1_42,35.0,59
134,7916,Season 35,2019-01-28,2019,wolle_season1_42,35.0,57
133,7917,Season 35,2019-01-29,2019,wolle_season1_42,35.0,60
132,7918,Season 35,2019-01-30,2019,wolle_season1_42,35.0,59
131,7919,Season 35,2019-01-31,2019,wolle_season1_42,35.0,57
130,7920,Season 35,2019-02-01,2019,wolle_season1_42,35.0,58
129,7921,Season 35,2019-02-04,2019,wolle_season1_42,35.0,59
128,7922,Season 35,2019-02-05,2019,wolle_season1_42,35.0,59
127,7923,Season 35,2019-02-06,2019,wolle_season1_42,35.0,60
126,7924,Season 35,2019-02-07,2019,wolle_season1_42,35.0,60
125,7925,Season 35,2019-02-08,2019,wolle_season1_42,35.0,60
124,7926,Season 35,2019-02-11,2019,wolle_season1_42,35.0,60
123,7927,Season 35,2019-02-12,2019,wolle_season1_42,35.0,60
122,7928,Season 35,2019-02-13,2019,wolle_season1_42,35.0,59
121,7929,Season 35,2019-02-14,2019,wolle_season1_42,35.0,58
120,7930,Season 35,2019-02-15,2019,wolle_season1_42,35.0,60
119,7931,Season 35,2019-02-18,2019,wolle_season1_42,35.0,60
118,7932,Season 35,2019-02-19,2019,wolle_season1_42,35.0,58
117,7933,Season 35,2019-02-20,2019,wolle_season1_42,35.0,30
116,7934,Season 35,2019-02-21,2019,wolle_season1_42,35.0,31
115,7935,Season 35,2019-02-22,2019,wolle_season1_42,35.0,60
114,7936,Season 35,2019-02-25,2019,wolle_season1_42,35.0,30
109,7937,Season 35,2019-02-26,2019,wolle_season1_42,35.0,31
108,7938,Season 35,2019-02-27,2019,wolle_season1_42,35.0,61
107,7939,Season 35,2019-02-28,2019,wolle_season1_42,35.0,61
106,7940,Season 35,2019-03-01,2019,wolle_season1_42,35.0,60
105,7941,Season 35,2019-03-04,2019,wolle_season1_42,35.0,61
104,7942,Season 35,2019-03-05,2019,wolle_season1_42,35.0,60
103,7943,Season 35,2019-03-06,2019,wolle_season1_42,35.0,57
102,7944,Season 35,2019-03-07,2019,wolle_season1_42,35.0,60
101,7945,Season 35,2019-03-08,2019,wolle_season1_42,35.0,61
100,7946,Season 35,2019-03-11,2019,wolle_season1_42,35.0,60
99,7947,Season 35,2019-03-12,2019,wolle_season1_42,35.0,59
98,7948,Season 35,2019-03-13,2019,wolle_season1_42,35.0,55
97,7949,Season 35,2019-03-14,2019,wolle_season1_42,35.0,57
96,7950,Season 35,2019-03-15,2019,wolle_season1_42,35.0,59
95,7951,Season 35,2019-03-18,2019,wolle_season1_42,35.0,61
94,7952,Season 35,2019-03-19,2019,wolle_season1_42,35.0,60
93,7953,Season 35,2019-03-20,2019,wolle_season1_42,35.0,61
92,7954,Season 35,2019-03-21,2019,wolle_season1_42,35.0,61
91,7955,Season 35,2019-03-22,2019,wolle_season1_42,35.0,60
90,7956,Season 35,2019-03-25,2019,wolle_season1_42,35.0,56
89,7957,Season 35,2019-03-26,2019,wolle_season1_42,35.0,59
88,7958,Season 35,2019-03-27,2019,wolle_season1_42,35.0,57
87,7959,Season 35,2019-03-28,2019,wolle_season1_42,35.0,59
86,7960,Season 35,2019-03-29,2019,wolle_season1_42,35.0,56
85,7961,Season 35,2019-04-01,2019,wolle_season1_42,35.0,60
84,7962,Season 35,2019-04-02,2019,wolle_season1_42,35.0,60
83,7963,Season 35,2019-04-03,2019,wolle_season1_42,35.0,61
82,7964,Season 35,2019-04-04,2019,wolle_season1_42,35.0,60
81,7965,Season 35,2019-04-05,2019,wolle_season1_42,35.0,60
80,7966,Season 35,2019-04-08,2019,wolle_season1_42,35.0,60
79,7967,Season 35,2019-04-09,2019,wolle_season1_42,35.0,61
78,7968,Season 35,2019-04-10,2019,wolle_season1_42,35.0,57
77,7969,Season 35,2019-04-11,2019,wolle_season1_42,35.0,58
76,7970,Season 35,2019-04-12,2019,wolle_season1_42,35.0,61
75,7971,Season 35,2019-04-15,2019,wolle_season1_42,35.0,61
74,7972,Season 35,2019-04-16,2019,wolle_season1_42,35.0,58
73,7973,Season 35,2019-04-17,2019,wolle_season1_42,35.0,60
72,7974,Season 35,2019-04-18,2019,wolle_season1_42,35.0,61
71,7975,Season 35,2019-04-19,2019,wolle_season1_42,35.0,60
70,7976,Season 35,2019-04-22,2019,wolle_season1_42,35.0,59
69,7977,Season 35,2019-04-23,2019,wolle_season1_42,35.0,59
68,7978,Season 35,2019-04-24,2019,wolle_season1_42,35.0,61
67,7979,Season 35,2019-04-25,2019,wolle_season1_42,35.0,57
66,7980,Season 35,2019-04-26,2019,wolle_season1_42,35.0,57
65,7981,Season 35,2019-04-29,2019,wolle_season1_42,35.0,59
64,7982,Season 35,2019-04-30,2019,wolle_season1_42,35.0,61
63,7983,Season 35,2019-05-01,2019,wolle_season1_42,35.0,61
62,7984,Season 35,2019-05-02,2019,wolle_season1_42,35.0,59
61,7985,Season 35,2019-05-03,2019,wolle_season1_42,35.0,61
60,7986,Season 35,2019-05-06,2019,wolle_season1_42,35.0,61
59,7987,Season 35,2019-05-07,2019,wolle_season1_42,35.0,61
58,7988,Season 35,2019-05-08,2019,wolle_season1_42,35.0,61
57,7989,Season 35,2019-05-09,2019,wolle_season1_42,35.0,57
56,7990,Season 35,2019-05-10,2019,wolle_season1_42,35.0,59
55,7991,Season 35,2019-05-13,2019,wolle_season1_42,35.0,59
54,7992,Season 35,2019-05-14,2019,wolle_season1_42,35.0,57
53,7993,Season 35,2019-05-15,2019,wolle_season1_42,35.0,58
52,7994,Season 35,2019-05-16,2019,wolle_season1_42,35.0,60
51,7995,Season 35,2019-05-17,2019,wolle_season1_42,35.0,58
50,7996,Season 35,2019-05-20,2019,wolle_season1_42,35.0,60
49,7997,Season 35,2019-05-21,2019,wolle_season1_42,35.0,59
48,7998,Season 35,2019-05-22,2019,wolle_season1_42,35.0,61
47,7999,Season 35,2019-05-23,2019,wolle_season1_42,35.0,59
46,8000,Season 35,2019-05-24,2019,wolle_season1_42,35.0,59
45,8001,Season 35,2019-05-27,2019,wolle_season1_42,35.0,60
44,8002,Season 35,2019-05-28,2019,wolle_season1_42,35.0,59
43,8003,Season 35,2019-05-29,2019,wolle_season1_42,35.0,60
42,8004,Season 35,2019-05-30,2019,wolle_season1_42,35.0,61
41,8005,Season 35,2019-05-31,2019,wolle_season1_42,35.0,61
40,8006,Season 35,2019-06-03,2019,wolle_season1_42,35.0,61
39,8007,Season 35,2019-06-04,2019,wolle_season1_42,35.0,59
38,8008,Season 35,2019-06-05,2019,wolle_season1_42,35.0,59
37,8009,Season 35,2019-06-06,2019,wolle_season1_42,35.0,59
36,8010,Season 35,2019-06-07,2019,wolle_season1_42,35.0,60
35,8011,Season 35,2019-06-10,2019,wolle_season1_42,35.0,59
34,8012,Season 35,2019-06-11,2019,wolle_season1_42,35.0,61
33,8013,Season 35,2019-06-12,2019,wolle_season1_42,35.0,60
32,8014,Season 35,2019-06-13,2019,wolle_season1_42,35.0,59
31,8015,Season 35,2019-06-14,2019,wolle_season1_42,35.0,57
30,8016,Season 35,2019-06-17,2019,wolle_season1_42,35.0,57
29,8017,Season 35,2019-06-18,2019,wolle_season1_42,35.0,60
28,8018,Season 35,2019-06-19,2019,wolle_season1_42,35.0,59
27,8019,Season 35,2019-06-20,2019,wolle_season1_42,35.0,60
26,8020,Season 35,2019-06-21,2019,wolle_season1_42,35.0,61
25,8021,Season 35,2019-06-24,2019,wolle_season1_42,35.0,60
24,8022,Season 35,2019-06-25,2019,wolle_season1_42,35.0,61
23,8023,Season 35,2019-06-26,2019,wolle_season1_42,35.0,60
22,8024,Season 35,2019-06-27,2019,wolle_season1_42,35.0,61
21,8025,Season 35,2019-06-28,2019,wolle_season1_42,35.0,61
20,8026,Season 35,2019-07-01,2019,wolle_season1_42,35.0,59
19,8027,Season 35,2019-07-02,2019,wolle_season1_42,35.0,61
18,8028,Season 35,2019-07-03,2019,wolle_season1_42,35.0,60
17,8029,Season 35,2019-07-04,2019,wolle_season1_42,35.0,60
16,8030,Season 35,2019-07-05,2019,wolle_season1_42,35.0,59
15,8031,Season 35,2019-07-08,2019,wolle_season1_42,35.0,54
14,8032,Season 35,2019-07-09,2019,wolle_season1_42,35.0,61
13,8033,Season 35,2019-07-10,2019,wolle_season1_42,35.0,60
12,8034,Season 35,2019-07-11,2019,wolle_season1_42,35.0,56
11,8035,Season 35,2019-07-12,2019,wolle_season1_42,35.0,60
10,8036,Season 35,2019-07-15,2019,wolle_season1_42,35.0,61
9,8037,Season 35,2019-07-16,2019,wolle_season1_42,35.0,58
8,8038,Season 35,2019-07-17,2019,wolle_season1_42,35.0,58
7,8039,Season 35,2019-07-18,2019,wolle_season1_42,35.0,59
6,8040,Season 35,2019-07-19,2019,wolle_season1_42,35.0,55
5,8041,Season 35,2019-07-22,2019,wolle_season1_42,35.0,59
4,8042,Season 35,2019-07-23,2019,wolle_season1_42,35.0,60
3,8043,Season 35,2019-07-24,2019,wolle_season1_42,35.0,60
2,8044,Season 35,2019-07-25,2019,wolle_season1_42,35.0,55
1,8045,Season 35,2019-07-26,2019,wolle_season1_42,35.0,61
